Product_Name_Extracted,Price,Type,Source,Product_Name_Clean,Price_Numeric
"Samsung Galaxy S26 5G (Black, 12GB RAM, 256GB Storage), AI Phone, Photo Assist, Creative Studio, 50MP Camera with ProVisual Engine, Powerful Customized Processor and 4300mAh Battery","87,999",Mobile,Amazon,samsung galaxy s26 5g black 12gb ram 256gb storage ai phone photo assist creative studio 50mp camera with provisual engine powerful customized processor and 4300mah battery,87999.0
"Samsung Galaxy S26 Ultra 5G (Black, 12GB RAM, g512GB Storae) with Built-in Privacy Display, AI Phone, Photo Assist, Creative Studio, 200MP Camera, 5000mAh Battery and Snapdragon 8 Elite Gen 5","1,59,999",Mobile,Amazon,samsung galaxy s26 ultra 5g black 12gb ram g512gb storae with builtin privacy display ai phone photo assist creative studio 200mp camera 5000mah battery and snapdragon 8 elite gen 5,159999.0
"Redmi A4 5G (Sparkle Purple, 4GB RAM, 128GB Storage) | Segment Largest 6.88in 120Hz | 50MP Dual Camera | 18W Fast Charging | Charger in the Box","11,999",Mobile,Amazon,redmi a4 5g sparkle purple 4gb ram 128gb storage segment largest 688in 120hz 50mp dual camera 18w fast charging charger in the box,11999.0
"iQOO Z11x 5G (Prismatic Green, 6GB RAM, 128 GB Storage) | Dimensity 7400-Turbo Processor | 7200 mAh Battery Smartphone | Powered by OriginOS 6","18,998",Mobile,Amazon,iqoo z11x 5g prismatic green 6gb ram 128 gb storage dimensity 7400turbo processor 7200 mah battery smartphone powered by originos 6,18998.0
"Samsung Galaxy M06 5G Mobile (Blazing Black, 6GB RAM, 128GB Storage) | MediaTek Dimensity 6300 | AnTuTu 623K+ | 12 5G Bands | 25W Fast Charging | 4 Gen OS Upgrades | 50MP Camera | Without Charger","11,999",Mobile,Amazon,samsung galaxy m06 5g mobile blazing black 6gb ram 128gb storage mediatek dimensity 6300 antutu 623k 12 5g bands 25w fast charging 4 gen os upgrades 50mp camera without charger,11999.0
"Samsung Galaxy M07 Mobile (Black, 4GB RAM, 64GB Storage) | MediaTek Helio G99 | AnTuTu 624K | IP54| 50MP Camera | 7.6mm Slim | 5000mAh Battery | 25W Fast Charging | 6 Gen OS Upgrades | Without Charger","7,999",Mobile,Amazon,samsung galaxy m07 mobile black 4gb ram 64gb storage mediatek helio g99 antutu 624k ip54 50mp camera 76mm slim 5000mah battery 25w fast charging 6 gen os upgrades without charger,7999.0
"realme NARZO 90x 5G (Marine Blue,4GB+128GB) |7000mAh + 60W Biggest Battery & Fastest Charging in The Segment* | 144Hz Bright Display | Sony 50MP AI Rear Camera | AI Assist | 400% Ultra Boom Speaker","12,999",Mobile,Amazon,realme narzo 90x 5g marine blue4gb128gb 7000mah 60w biggest battery fastest charging in the segment 144hz bright display sony 50mp ai rear camera ai assist 400 ultra boom speaker,12999.0
"Samsung Galaxy M17e 5G Mobile (Blitz Blue, 6GB RAM, 128GB Storage) | Smoothest 120 Hz Refresh Rate| Monster 6000 mAh Battery | IP54 | 6 Gen OS Upgrades | AI | Gemini Live | Without Charger","15,499",Mobile,Amazon,samsung galaxy m17e 5g mobile blitz blue 6gb ram 128gb storage smoothest 120 hz refresh rate monster 6000 mah battery ip54 6 gen os upgrades ai gemini live without charger,15499.0
"Samsung Galaxy M17e 5G Mobile (Vibe Violet, 4GB RAM, 128GB Storage) | Smoothest 120 Hz Refresh Rate| Monster 6000 mAh Battery | IP54 | 6 Gen OS Upgrades | AI | Gemini Live | Without Charger","13,999",Mobile,Amazon,samsung galaxy m17e 5g mobile vibe violet 4gb ram 128gb storage smoothest 120 hz refresh rate monster 6000 mah battery ip54 6 gen os upgrades ai gemini live without charger,13999.0
"iQOO Z10x 5G (Ultramarine, 6GB RAM, 128GB Storage) | 6500 mAh Large Capacity Battery | Dimensity 7300 Processor | Military-Grade Durability","16,998",Mobile,Amazon,iqoo z10x 5g ultramarine 6gb ram 128gb storage 6500 mah large capacity battery dimensity 7300 processor militarygrade durability,16998.0
"Samsung Galaxy S26 Plus 5G (Black, 12GB RAM, 256GB Storage), AI Phone, Photo Assist, Creative Studio, 50MP Camera, 4900mAh Battery and Super Fast Wireless Charging","1,19,999",Mobile,Amazon,samsung galaxy s26 plus 5g black 12gb ram 256gb storage ai phone photo assist creative studio 50mp camera 4900mah battery and super fast wireless charging,119999.0
"Samsung Galaxy M56 5G Mobile (Black, 8GB RAM, 128GB Storage)| Segment's Slimmest | Gorilla Glass Victus+| 10 Bit HDR Video| 50MP Camera| AI | Vapour Cooling Chamber| Lag-Free Gaming| Without Charger","22,999",Mobile,Amazon,samsung galaxy m56 5g mobile black 8gb ram 128gb storage segments slimmest gorilla glass victus 10 bit hdr video 50mp camera ai vapour cooling chamber lagfree gaming without charger,22999.0
"Motorola G57 Power 5G (Corsair, 8GB RAM, 128GB Storage) | Snapdragon 6s Gen 4 Processor | 6.72"" FHD+ Display | 50MP LYT-600 + 8MP Ultrawide | 8MP Selfie Camera | 7000mAh Battery, 33W TurboPower | IP64","15,199",Mobile,Amazon,motorola g57 power 5g corsair 8gb ram 128gb storage snapdragon 6s gen 4 processor 672 fhd display 50mp lyt600 8mp ultrawide 8mp selfie camera 7000mah battery 33w turbopower ip64,15199.0
OnePlus Nord 5 | Snapdragon 8s Gen 3 | Stable 144FPS Gaming | Dual 50MP Flagship Camera | Powered by OnePlus AI | 256GB 8GB | Phantom Grey,"33,999",Mobile,Amazon,oneplus nord 5 snapdragon 8s gen 3 stable 144fps gaming dual 50mp flagship camera powered by oneplus ai 256gb 8gb phantom grey,33999.0
"POCO C71, Desert Gold (6GB, 128GB)","9,998",Mobile,Amazon,poco c71 desert gold 6gb 128gb,9998.0
Redmi A5 Jaisalmer Gold (3GB RAM 64GB Storage) | Royale Design | Segment's Largest 17.47cm(6.88) and Smoothest 120Hz Display | 5200mAh Large Battery | Expandable Storage up to 2TB,"7,999",Mobile,Amazon,redmi a5 jaisalmer gold 3gb ram 64gb storage royale design segments largest 1747cm688 and smoothest 120hz display 5200mah large battery expandable storage up to 2tb,7999.0
"Motorola G57 Power 5G (Fluidity, 8GB RAM, 128GB Storage)| Snapdragon 6s Gen 4 Processor | 6.72"" FHD+ Display | 50MP LYT-600 + 8MP Ultrawide | 8MP Selfie Camera | 7000mAh Battery, 33W TurboPower | IP64","14,920",Mobile,Amazon,motorola g57 power 5g fluidity 8gb ram 128gb storage snapdragon 6s gen 4 processor 672 fhd display 50mp lyt600 8mp ultrawide 8mp selfie camera 7000mah battery 33w turbopower ip64,14920.0
"Samsung Galaxy M56 5G Mobile (Black, 8GB RAM, 256GB Storage)| Segment's Slimmest | Gorilla Glass Victus+| 10 Bit HDR Video| 50MP Camera| AI | Vapour Cooling Chamber| Lag-Free Gaming| Without Charger","25,999",Mobile,Amazon,samsung galaxy m56 5g mobile black 8gb ram 256gb storage segments slimmest gorilla glass victus 10 bit hdr video 50mp camera ai vapour cooling chamber lagfree gaming without charger,25999.0
"Samsung Galaxy M17e 5G Mobile (Blitz Blue, 4GB RAM, 128GB Storage) | Smoothest 120 Hz Refresh Rate| Monster 6000 mAh Battery | IP54 | 6 Gen OS Upgrades | AI | Gemini Live | Without Charger","13,999",Mobile,Amazon,samsung galaxy m17e 5g mobile blitz blue 4gb ram 128gb storage smoothest 120 hz refresh rate monster 6000 mah battery ip54 6 gen os upgrades ai gemini live without charger,13999.0
"Samsung Galaxy M17 5G Mobile (Sapphire Black, 4GB RAM, 128GB Storage) | 50MP OIS Triple Camera | Gorilla Glass Victus | IP54 | 6 Gen OS Upgrades | AI | Gemini Live | Lag-Free Gaming | Without Charger","13,999",Mobile,Amazon,samsung galaxy m17 5g mobile sapphire black 4gb ram 128gb storage 50mp ois triple camera gorilla glass victus ip54 6 gen os upgrades ai gemini live lagfree gaming without charger,13999.0
"REDMI Note 15 Pro+ 5G (Coffee Mocha, 12GB + 256GB) | 200MasterPixel OIS Camera | Snapdragon 7s Gen 4 | CrystalRes AMOLED | IP69/69K | 6500mAh Si/C Battery | 100W HyperCharge","39,999",Mobile,Amazon,redmi note 15 pro 5g coffee mocha 12gb 256gb 200masterpixel ois camera snapdragon 7s gen 4 crystalres amoled ip6969k 6500mah sic battery 100w hypercharge,39999.0
"Samsung Galaxy S26 Ultra 5G (White, 12GB RAM, 256GB Storage) with Built-in Privacy Display, AI Phone, Photo Assist, Creative Studio, 200MP Camera, 5000mAh Battery and Snapdragon 8 Elite Gen 5","1,39,999",Mobile,Amazon,samsung galaxy s26 ultra 5g white 12gb ram 256gb storage with builtin privacy display ai phone photo assist creative studio 200mp camera 5000mah battery and snapdragon 8 elite gen 5,139999.0
"OnePlus 13R| Smarter with OnePlus AI (12GB RAM, 256GB Storage Nebula Noir)","39,996",Mobile,Amazon,oneplus 13r smarter with oneplus ai 12gb ram 256gb storage nebula noir,39996.0
"Lava Bold N2 (Siachen White, 4 GB RAM, 64 GB Storage) | 13MP AI Dual Rear Camera | Largest 6.75"" HD+ Display | 5000 mAh Battery & 10W Charging | IP64 Water & Dust Proof | Charger & Phone-Case in Box","7,999",Mobile,Amazon,lava bold n2 siachen white 4 gb ram 64 gb storage 13mp ai dual rear camera largest 675 hd display 5000 mah battery 10w charging ip64 water dust proof charger phonecase in box,7999.0
"iQOO Z10R 5G (Aquamarine, 12GB RAM, 256GB Storage) | 32MP 4K Selfie Camera | Quad-Curved AMOLED Display | Dimensity 7400 Processor with 750K+ AnTuTu Score","26,998",Mobile,Amazon,iqoo z10r 5g aquamarine 12gb ram 256gb storage 32mp 4k selfie camera quadcurved amoled display dimensity 7400 processor with 750k antutu score,26998.0
"realme NARZO 80 Pro 5G (Speed Silver,8GB+256GB) | Segment's 1st MediaTek Dimensity 7400 Chipset | 6000mAh Titan Battery + 80W Ultra Charge | 4500nits HyperGlow Esports Display | IP69 Waterproof","19,999",Mobile,Amazon,realme narzo 80 pro 5g speed silver8gb256gb segments 1st mediatek dimensity 7400 chipset 6000mah titan battery 80w ultra charge 4500nits hyperglow esports display ip69 waterproof,19999.0
"vivo T4 5G (Emerald Blaze, 12GB RAM+256GB Storage)| Snapdragon 7s Gen 3 | 120Hz Quad-Curved AMOLED | 7300mAh+90W Fast Charge | 50MP Sony OIS Camera | Military Grade Build | AI Photo Enhance | AI Erase","28,189",Mobile,Amazon,vivo t4 5g emerald blaze 12gb ram256gb storage snapdragon 7s gen 3 120hz quadcurved amoled 7300mah90w fast charge 50mp sony ois camera military grade build ai photo enhance ai erase,28189.0
Redmi 15 5G Midnight Black 8GB + 256GB | Segment's Largest 7000mAhA Battery | Segment's Largest Display 17.53cm(6.9) Up to 144Hz | Snapdragon 6s Gen 3 | 18W Reverse Charging | 50MP AI Dual Camera,"19,499",Mobile,Amazon,redmi 15 5g midnight black 8gb 256gb segments largest 7000maha battery segments largest display 1753cm69 up to 144hz snapdragon 6s gen 3 18w reverse charging 50mp ai dual camera,19499.0
"Motorola G35 5G (Leaf Green, 4+128)","12,395",Mobile,Amazon,motorola g35 5g leaf green 4128,12395.0
"Motorola G96 144Hz 3D Curved pOLED (ASHLEIGHBLUE, 8GB RAM, 128GB Storage)","18,099",Mobile,Amazon,motorola g96 144hz 3d curved poled ashleighblue 8gb ram 128gb storage,18099.0
"Samsung Galaxy S26 Plus 5G (Black, 12GB RAM, 512GB Storage), AI Phone, Photo Assist, Creative Studio, 50MP Camera, 4900mAh Battery and Super Fast Wireless Charging","1,39,999",Mobile,Amazon,samsung galaxy s26 plus 5g black 12gb ram 512gb storage ai phone photo assist creative studio 50mp camera 4900mah battery and super fast wireless charging,139999.0
OnePlus 15R | 12GB+512GB | Mint Breeze | World's First Snapdragon® 8 Gen 5 | 7400mAh Battery | Personalised AI | Game-Changing 165Hz Display | IP68 IP69 IP66 & IP69K | 4K 120fps Video,"52,997",Mobile,Amazon,oneplus 15r 12gb512gb mint breeze worlds first snapdragon 8 gen 5 7400mah battery personalised ai gamechanging 165hz display ip68 ip69 ip66 ip69k 4k 120fps video,52997.0
"Motorola G57 Power 5G (Regatta, 8GB RAM, 128GB Storage) | Snapdragon 6s Gen 4 Processor | 6.72"" FHD+ Display | 50MP LYT-600 + 8MP Ultrawide | 8MP Selfie Camera | 7000mAh Battery, 33W TurboPower | IP64","14,870",Mobile,Amazon,motorola g57 power 5g regatta 8gb ram 128gb storage snapdragon 6s gen 4 processor 672 fhd display 50mp lyt600 8mp ultrawide 8mp selfie camera 7000mah battery 33w turbopower ip64,14870.0
"OPPO K13x 5G 6000mAh and 45W SUPERVOOC Charger & AI (Breeze Blue, 128 GB) (6 GB RAM)","14,996",Mobile,Amazon,oppo k13x 5g 6000mah and 45w supervooc charger ai breeze blue 128 gb 6 gb ram,14996.0
OnePlus 15 | 12GB+256GB | Ultra Violet | India's First Snapdragon® 8 Elite Gen 5 | 7300mAh Battery | Personalised AI | Game-Changing 165Hz Display | Triple 50MP Camera with 4K 120fps Dolby Vision,"72,999",Mobile,Amazon,oneplus 15 12gb256gb ultra violet indias first snapdragon 8 elite gen 5 7300mah battery personalised ai gamechanging 165hz display triple 50mp camera with 4k 120fps dolby vision,72999.0
"Samsung Galaxy M36 5G Mobile (Serene Green, 8GB RAM, 128GB Storage) | Google Gemini| Gorilla Glass Victus+ | 7.7mm | AI Enhanced 50MP OIS Triple Camera| Nightography| Lag-free Gaming | Without Charger","18,999",Mobile,Amazon,samsung galaxy m36 5g mobile serene green 8gb ram 128gb storage google gemini gorilla glass victus 77mm ai enhanced 50mp ois triple camera nightography lagfree gaming without charger,18999.0
OnePlus Nord CE5 | MediaTek Dimensity | Massive 7100mAh Battery | Powered by OnePlus AI | 8GB + 128GB | Nexus Blue,"24,996",Mobile,Amazon,oneplus nord ce5 mediatek dimensity massive 7100mah battery powered by oneplus ai 8gb 128gb nexus blue,24996.0
"OPPO K13x 5G 6000mAh and 45W SUPERVOOC Charger & AI (Midnight Violet, 128 GB) (8 GB RAM)","14,899",Mobile,Amazon,oppo k13x 5g 6000mah and 45w supervooc charger ai midnight violet 128 gb 8 gb ram,14899.0
"realme NARZO 90x 5G (Flash Blue,8GB+128GB) | 7000mAh + 60W Biggest Battery & Fastest Charging in The Segment* | 144Hz Bright Display | Sony 50MP AI Rear Camera | AI Assist | 400% Ultra Boom Speaker","16,999",Mobile,Amazon,realme narzo 90x 5g flash blue8gb128gb 7000mah 60w biggest battery fastest charging in the segment 144hz bright display sony 50mp ai rear camera ai assist 400 ultra boom speaker,16999.0
"iQOO 15R (Triumph Silver, 12GB RAM, 256GB Storage) | Snapdragon® 8 Gen 5 Processor | India’s Slimmest Smartphone in 7600mAh Battery* | Segment's Most Stable 144FPS Gaming*","47,998",Mobile,Amazon,iqoo 15r triumph silver 12gb ram 256gb storage snapdragon 8 gen 5 processor indias slimmest smartphone in 7600mah battery segments most stable 144fps gaming,47998.0
"HP Omnibook 5 OLED (Previously Pavilion), Snapdragon X Processor (16GB LPDDR5x,1TB SSD) 2K OLED,16''/40.6cm, Win11, M365*Office24, Glacier Silver, 1.59kg, fb0001QU, Backlit, Next-Gen AI Laptop","73,500",Laptop,Amazon,hp omnibook 5 oled previously pavilion snapdragon x processor 16gb lpddr5x1tb ssd 2k oled16406cm win11 m365office24 glacier silver 159kg fb0001qu backlit nextgen ai laptop,73500.0
"HP Smartchoice OmniBook 5 (Previously Pavilion) 50 Tops, AMD Ryzen AI 5 340 (16GB LPDDR5X, 512GB SSD) WUXGA 2K, 16''/40.6cm, Win11, Office24, Silver, 1.79kg, ag1037au, Next Gen AI Copilot+ Laptop","69,990",Laptop,Amazon,hp smartchoice omnibook 5 previously pavilion 50 tops amd ryzen ai 5 340 16gb lpddr5x 512gb ssd wuxga 2k 16406cm win11 office24 silver 179kg ag1037au next gen ai copilot laptop,69990.0
"HP 15, 13th Gen Intel Core i3-1315U, (8GB DDR4,512GB SSD) Anti-Glare, Micro-Edge, FHD,15.6''/39.6cm, Win11,M365 Basic(1yr),Office24, Silver,1.59kg, fd0572TU, FHD Camera w/Shutter, Backlit Laptop","42,990",Laptop,Amazon,hp 15 13th gen intel core i31315u 8gb ddr4512gb ssd antiglare microedge fhd156396cm win11m365 basic1yroffice24 silver159kg fd0572tu fhd camera wshutter backlit laptop,42990.0
"HP 15, 13th Gen Intel Core i5-1335U (16GB DDR4,512GB SSD) FHD, Anti-Glare,Micro-Edge, 15.6''/39.6cm, Win11, M365(1yr)* Office24, Silver,1.59kg, fd0467tu, Iris Xe, FHD Camera w/Shutter, Backlit Laptop","57,990",Laptop,Amazon,hp 15 13th gen intel core i51335u 16gb ddr4512gb ssd fhd antiglaremicroedge 156396cm win11 m3651yr office24 silver159kg fd0467tu iris xe fhd camera wshutter backlit laptop,57990.0
"HP 15, Intel Core Ultra 5 125H (24GB DDR5, 1TB SSD), Micro-Edge, Anti-Glare, FHD, 15''/39.6cm, Win11, M365* Office24, Silver, 1.65kg, FD1458TU, FHD Camera, Backlit, Touch Laptop","77,990",Laptop,Amazon,hp 15 intel core ultra 5 125h 24gb ddr5 1tb ssd microedge antiglare fhd 15396cm win11 m365 office24 silver 165kg fd1458tu fhd camera backlit touch laptop,77990.0
"ASUS Vivobook 15, Intel Core i7 13th Gen 13620H, 16GB RAM, 1TB SSD, FHD 15.6"", Windows 11, Office Home 2024, Cool Silver, 1.7Kg, X1502VA-BQ1299WS, Intel UHD GPU, 42Whr, M365 Basic (1Year)* Laptop","67,990",Laptop,Amazon,asus vivobook 15 intel core i7 13th gen 13620h 16gb ram 1tb ssd fhd 156 windows 11 office home 2024 cool silver 17kg x1502vabq1299ws intel uhd gpu 42whr m365 basic 1year laptop,67990.0
"Lenovo IdeaPad Slim 3, 12th Gen Intel Core i5-12450H (16GB LPDDR5, 512GB SSD), Anti-glare, FHD 15.6""(39.6cm), Win 11, Office Home 2024, Arctic Grey, 1.62Kg, 83ER00MDIN, Thin & Light, Backlit KB Laptop","50,990",Laptop,Amazon,lenovo ideapad slim 3 12th gen intel core i512450h 16gb lpddr5 512gb ssd antiglare fhd 156396cm win 11 office home 2024 arctic grey 162kg 83er00mdin thin light backlit kb laptop,50990.0
"ASUS Vivobook Go 14, AMD Ryzen 5 7520U, 16GB RAM, 512GB SSD, FHD, 14"", 60Hz,42WHrs, Windows 11, M365 Basic (1Year)*,Office Home 2024, Mixed Black, 1.38 kg, E1404FA-EB774WS, Thin & Light Laptop","43,490",Laptop,Amazon,asus vivobook go 14 amd ryzen 5 7520u 16gb ram 512gb ssd fhd 14 60hz42whrs windows 11 m365 basic 1yearoffice home 2024 mixed black 138 kg e1404faeb774ws thin light laptop,43490.0
"acer Nitro V 15 Gaming Laptop 15.6"" FHD IPS 165Hz Intel 8-core i5-13420H 16GB RAM 512GB SSD GeForce RTX 5050 GDDR7 DLSS4 (Up to 440 AI Tops) Backlit Thunderbolt WiFi6 Win11 ICP Hub","1,09,990",Laptop,Amazon,acer nitro v 15 gaming laptop 156 fhd ips 165hz intel 8core i513420h 16gb ram 512gb ssd geforce rtx 5050 gddr7 dlss4 up to 440 ai tops backlit thunderbolt wifi6 win11 icp hub,109990.0
"ASUS TUF A15 (2025), AMD Ryzen 7 7445HS,RTX 3050-4GB,75W TGP,16GB DDR5(Upgradeable Upto 64GB) 512GB SSD,FHD,15.6"",144Hz,RGB Keyboard,Windows 11,Graphite Black,2.3 Kg FA506NCG-HN199W, Gaming Laptop","71,990",Laptop,Amazon,asus tuf a15 2025 amd ryzen 7 7445hsrtx 30504gb75w tgp16gb ddr5upgradeable upto 64gb 512gb ssdfhd156144hzrgb keyboardwindows 11graphite black23 kg fa506ncghn199w gaming laptop,71990.0
"Primebook 2 Pro 2026 (New Launch) | 8GB RAM, 128GB UFS Storage | 14.1-Inch FHD IPS Display | 14 Hours Battery | MediaTek Helio G99 | Android 15 (PrimeOS 3.0) | Backlit Keyboard | in-Built AI (Gray)","23,490",Laptop,Amazon,primebook 2 pro 2026 new launch 8gb ram 128gb ufs storage 141inch fhd ips display 14 hours battery mediatek helio g99 android 15 primeos 30 backlit keyboard inbuilt ai gray,23490.0
"Primebook 2 Max 2026 (New Launch) | 8GB RAM, 256GB UFS Storage | 15.6-Inch Full HD IPS Display | 12hrs Battery | MediaTek Helio G99 | Android 15 (PrimeOS 3.0) | Backlit Keyboard | in-Built AI (Gray)","28,990",Laptop,Amazon,primebook 2 max 2026 new launch 8gb ram 256gb ufs storage 156inch full hd ips display 12hrs battery mediatek helio g99 android 15 primeos 30 backlit keyboard inbuilt ai gray,28990.0
"HP Professional 14 (2026), Intel Core i3 13th Gen 1315U - (8 GB/512 GB SSD/Intel Graphics/Windows 11 Pro) Thin and Light Business Laptop/14.0"" HD Display/Turbo Silver/1.4 Kg/MSO 2024","41,909",Laptop,Amazon,hp professional 14 2026 intel core i3 13th gen 1315u 8 gb512 gb ssdintel graphicswindows 11 pro thin and light business laptop140 hd displayturbo silver14 kgmso 2024,41909.0
"HP Victus, AMD Ryzen 7 7445HS, 4GB RTX 2050, 16GB DDR5(Upgradeable) 512GB SSD, FHD, 144Hz, 300 nits, IPS, 15.6'', Win11, M365* Office24, Blue, 2.29kg, fb3189ax /3122/ 23ax Backlit, Gaming Laptop","61,990",Laptop,Amazon,hp victus amd ryzen 7 7445hs 4gb rtx 2050 16gb ddr5upgradeable 512gb ssd fhd 144hz 300 nits ips 156 win11 m365 office24 blue 229kg fb3189ax 3122 23ax backlit gaming laptop,61990.0
"acer Aspire 3, Intel Pentium N6000, 12GB LPDDR4X RAM, 512GB SSD, HD, 15.6""/39.62cm, Windows 11 Home, Pure Silver, 1.5KG, A325-45, Thin and Light Laptop","34,800",Laptop,Amazon,acer aspire 3 intel pentium n6000 12gb lpddr4x ram 512gb ssd hd 1563962cm windows 11 home pure silver 15kg a32545 thin and light laptop,34800.0
"ASUS Chromebook CX1405 (2026), Intel N50 Processor, Intel UHD iGPU, 8GB RAM, 128GB SSD, FHD, 14"" (35.5 cm), Chrome OS, Pure Grey, 1.39 Kg, CX1405CTA-S60622, 42WHrs, Thin & Light Laptop","25,990",Laptop,Amazon,asus chromebook cx1405 2026 intel n50 processor intel uhd igpu 8gb ram 128gb ssd fhd 14 355 cm chrome os pure grey 139 kg cx1405ctas60622 42whrs thin light laptop,25990.0
"HP Business 250R G10 (2025) Thin & Light Laptop with Intel Core 3 14th Gen 100U, 16GB RAM, 512GB SSD, 15.6″ IPS Display, Copilot Key, Windows 11 Pro & MS Office 2024, Turbo Silver (1.5 kg)","48,990",Laptop,Amazon,hp business 250r g10 2025 thin light laptop with intel core 3 14th gen 100u 16gb ram 512gb ssd 156 ips display copilot key windows 11 pro ms office 2024 turbo silver 15 kg,48990.0
"ASUS Vivobook 14 (2025),13th Gen, Intel Core i3-1315U, 8GB RAM, 512GB SSD, FHD, 14"", (35.5 cm) Windows 11 Home, M365 Basic(1 Year)* Office 2024,Cool Silver,1.4 Kg, X1404VA-EB321WS, Thin & Light Laptop","43,400",Laptop,Amazon,asus vivobook 14 202513th gen intel core i31315u 8gb ram 512gb ssd fhd 14 355 cm windows 11 home m365 basic1 year office 2024cool silver14 kg x1404vaeb321ws thin light laptop,43400.0
"Dell SmartChoice G15, 13th Gen Intel Core i5-13450HX, NVIDIA RTX 3050-6GB, (16GB RAM 1TB SSD) FHD 15.6""/39.62 cm, Orange Backlit Keyboard, Windows 11, Microsoft Office Home 2024, 2.65Kg Gaming Laptop","78,990",Laptop,Amazon,dell smartchoice g15 13th gen intel core i513450hx nvidia rtx 30506gb 16gb ram 1tb ssd fhd 1563962 cm orange backlit keyboard windows 11 microsoft office home 2024 265kg gaming laptop,78990.0
"acer [SmartChoice Aspire 3 Laptop Intel Core Celeron N4500 Processor Laptop (8 GB LPDDR4X SDRAM/256 GB SSD/Win11 Home/38 WHR/HD Webcam) A325-45 with 39.63 cm (15.6"") HD Display, Pure Silver, 1.5 KG","32,990",Laptop,Amazon,acer smartchoice aspire 3 laptop intel core celeron n4500 processor laptop 8 gb lpddr4x sdram256 gb ssdwin11 home38 whrhd webcam a32545 with 3963 cm 156 hd display pure silver 15 kg,32990.0
"Lenovo IdeaPad Slim 3 13th Gen Intel Core i5-13420H 15.3""(38.8cm) WUXGA IPS Laptop(16GB RAM/512GB SSD/Win 11/Office Home 2024/Backlit/1Yr ADP Free/Top Metal Cover & IR Camera/Grey/1.6Kg), 83K100CGIN","61,649",Laptop,Amazon,lenovo ideapad slim 3 13th gen intel core i513420h 153388cm wuxga ips laptop16gb ram512gb ssdwin 11office home 2024backlit1yr adp freetop metal cover ir cameragrey16kg 83k100cgin,61649.0
"ThinkPad L430 Business Laptop | Core i5-3320M | 8GB RAM | 128GB SSD | Win10 Pro | 14inch | Office Ready (8, GB)","12,990",Laptop,Amazon,thinkpad l430 business laptop core i53320m 8gb ram 128gb ssd win10 pro 14inch office ready 8 gb,12990.0
"ASUS Vivobook 15, Smartchoice, AMD Ryzen 7 5825U, 16GB RAM, 512GB SSD, FHD 15.6"", Windows 11, Office Home 2024, Quiet Blue, 1.7Kg, M1502YA-BQ703WS, AMD Radeon iGPU, M365 Basic (1Year)*, 42Whr Laptop","51,990",Laptop,Amazon,asus vivobook 15 smartchoice amd ryzen 7 5825u 16gb ram 512gb ssd fhd 156 windows 11 office home 2024 quiet blue 17kg m1502yabq703ws amd radeon igpu m365 basic 1year 42whr laptop,51990.0
"Model 5400 Corporate Laptop | i5 8th Gen | 8GB RAM | 256GB SSD | 14"" FHD | Win 10 | A+ Grade (Refab)","25,550",Laptop,Amazon,model 5400 corporate laptop i5 8th gen 8gb ram 256gb ssd 14 fhd win 10 a grade refab,25550.0
"Lenovo V15 12th Gen Intel Core i5-1235U 15.6"" FHD Thin and Light Laptop (8GB RAM/512GB SSD/Windows 11 Home/MS Office Home & Student 2021/Iron Grey/1.70 kg), 82TTA07QIH","49,999",Laptop,Amazon,lenovo v15 12th gen intel core i51235u 156 fhd thin and light laptop 8gb ram512gb ssdwindows 11 homems office home student 2021iron grey170 kg 82tta07qih,49999.0
"acer Professional 14, AMD Ryzen 3-7330U, 8GB RAM, 512GB SSD, 14"" Full HD,UHD Graphics, Premium Metal Body, Windows 11 Pro, MSO 21, 1.34KG, Travel Lite, TL14-42M, Light Laptop 8GB RAM","36,990",Laptop,Amazon,acer professional 14 amd ryzen 37330u 8gb ram 512gb ssd 14 full hduhd graphics premium metal body windows 11 pro mso 21 134kg travel lite tl1442m light laptop 8gb ram,36990.0
"HP Professional 14 (2025), Intel Core i3 13th Gen 1315U - (8 GB/512 GB SSD/Intel UHD Graphics/Windows 11 Pro) Thin and Light Business Laptop/14.0"" HD Display/Turbo Silver/1.4 Kg/MSO 2021","42,010",Laptop,Amazon,hp professional 14 2025 intel core i3 13th gen 1315u 8 gb512 gb ssdintel uhd graphicswindows 11 pro thin and light business laptop140 hd displayturbo silver14 kgmso 2021,42010.0
"acer SmartChoice Aspire Lite, AMD Ryzen 5-5625U Processor, 16 GB/512 GB, Full HD, 15.6""/39.62 cm, Windows 11 Home, Steel Gray, 1.59 kg, AL15-41, Metal Body, Thin and Light Laptop","42,990",Laptop,Amazon,acer smartchoice aspire lite amd ryzen 55625u processor 16 gb512 gb full hd 1563962 cm windows 11 home steel gray 159 kg al1541 metal body thin and light laptop,42990.0
"HP Omen, AMD Ryzen AI 7 350, 8GB RTX 5050, 24GB DDR5(Upgradeable) 1TB SSD, 165Hz, 2k WUXGA, 3ms, 400 nits, 16'(40.6cm) Win11, M365* Office24, Black, 2.44kg, ap0165AX, RGB, AI Gaming Laptop","1,27,990",Laptop,Amazon,hp omen amd ryzen ai 7 350 8gb rtx 5050 24gb ddr5upgradeable 1tb ssd 165hz 2k wuxga 3ms 400 nits 16406cm win11 m365 office24 black 244kg ap0165ax rgb ai gaming laptop,127990.0
"HP Smartchoice Victus, 13th Gen Intel Core i7-13620H, 8GB RTX 5050, 24GB DDR5(Upgradeable) 1TB SSD, 144Hz, FHD, 15.6''/39.6cm, Win11, M365* Office24, Mica Silver, 2.29kg, fa2309TX, RGB Gaming Laptop","1,09,990",Laptop,Amazon,hp smartchoice victus 13th gen intel core i713620h 8gb rtx 5050 24gb ddr5upgradeable 1tb ssd 144hz fhd 156396cm win11 m365 office24 mica silver 229kg fa2309tx rgb gaming laptop,109990.0
"Dell Inspiron 3530 Thin & Light Laptop, 13th Gen Intel Core i5-1334U Processor, 8GB, 512GB SSD, 15.6"" (39.62cm) FHD Display, Backlit Keyboard, Windows 11 + MSO'24 & 15 Month McAfee, Silver,1.62kg","52,990",Laptop,Amazon,dell inspiron 3530 thin light laptop 13th gen intel core i51334u processor 8gb 512gb ssd 156 3962cm fhd display backlit keyboard windows 11 mso24 15 month mcafee silver162kg,52990.0
"HP Professional 14 (2025), Intel Core i3 13th Gen 1315U - (16 GB/512 GB SSD/Intel UHD Graphics/Windows 11 Pro) Thin and Light Business Laptop/14.0"" HD Display/Turbo Silver/1.4 Kg/MSO 2021","46,109",Laptop,Amazon,hp professional 14 2025 intel core i3 13th gen 1315u 16 gb512 gb ssdintel uhd graphicswindows 11 pro thin and light business laptop140 hd displayturbo silver14 kgmso 2021,46109.0
"Lenovo V15 G4 AMD Athlon Silver 7120U Laptop 8GB LPDDR5 Ram, 512 GB SSD PCIe, Windows 11 Lifetime Validity,15.6"" FHD Screen, AMD Radeon 610M, Silver, 1 Year Brand Warranty","37,999",Laptop,Amazon,lenovo v15 g4 amd athlon silver 7120u laptop 8gb lpddr5 ram 512 gb ssd pcie windows 11 lifetime validity156 fhd screen amd radeon 610m silver 1 year brand warranty,37999.0
"HP Victus, AMD Ryzen 7 7445HS, 4GB RTX 2050, 16GB DDR5(Upgradable) 512GB SSD, FHD, 144Hz, 300 nits, IPS, 15.6''/39.6cm, Win11, M365* Office24, Mica Silver, 2.29kg, fb3123AX, Backlit, Gaming Laptop","64,990",Laptop,Amazon,hp victus amd ryzen 7 7445hs 4gb rtx 2050 16gb ddr5upgradable 512gb ssd fhd 144hz 300 nits ips 156396cm win11 m365 office24 mica silver 229kg fb3123ax backlit gaming laptop,64990.0
"BrowseBook 14.1"" FHD IPS Laptop | Best Student & Office Work Laptop | Celeron N4020 | 4GB RAM | 128GB SSD | Windows 11 | 38Wh | 1.3kg | Grey","12,990",Laptop,Amazon,browsebook 141 fhd ips laptop best student office work laptop celeron n4020 4gb ram 128gb ssd windows 11 38wh 13kg grey,12990.0
"Model 5410 Laptop | i7 10th Gen | 8GB RAM | 256GB SSD | UHD Graphics 620 14"" Screen | Win 10 Pro (Pre-Owned & Tested)","29,995",Laptop,Amazon,model 5410 laptop i7 10th gen 8gb ram 256gb ssd uhd graphics 620 14 screen win 10 pro preowned tested,29995.0
"Lenovo IdeaPad Slim 3, 13th Gen Intel Core i5 13420H, 24GB RAM, 1TB SSD, WUXGA IPS, 15.3""/38.8cm, Windows 11, Office Home 2024, Grey, 1.6Kg, Backlit Keyboard, 1Yr ADP Free, 83K100PLIN, Laptop","67,990",Laptop,Amazon,lenovo ideapad slim 3 13th gen intel core i5 13420h 24gb ram 1tb ssd wuxga ips 153388cm windows 11 office home 2024 grey 16kg backlit keyboard 1yr adp free 83k100plin laptop,67990.0
"HP Smartchoice Victus, AMD Ryzen 7 7445HS, 6GB RTX 3050, 16GB DDR5(Upgradeable) 512GB SSD, FHD, 144Hz, 300 nits, 15.6''/39.6cm, Win 11, M365* Office24, Blue, 2.29kg, fb3134AX/3120ax, Gaming Laptop","72,990",Laptop,Amazon,hp smartchoice victus amd ryzen 7 7445hs 6gb rtx 3050 16gb ddr5upgradeable 512gb ssd fhd 144hz 300 nits 156396cm win 11 m365 office24 blue 229kg fb3134ax3120ax gaming laptop,72990.0
Dell Inspiron 15 Laptop,"₹45,999",Laptop,Amazon,dell inspiron 15 laptop,45999.0
HP Pavilion 15 Core i5,"₹52,499",Laptop,Amazon,hp pavilion 15 core i5,52499.0
ASUS VivoBook 14 FHD,"₹48,590",Laptop,Amazon,asus vivobook 14 fhd,48590.0
Lenovo IdeaPad 3 15ITL6,"₹44,990",Laptop,Amazon,lenovo ideapad 3 15itl6,44990.0
Acer Aspire 5 A515-57,"₹58,499",Laptop,Amazon,acer aspire 5 a51557,58499.0
MSI GE66 Raider Gaming,"₹1,24,999",Laptop,Amazon,msi ge66 raider gaming,124999.0
ASUS TUF Gaming F15,"₹89,999",Laptop,Amazon,asus tuf gaming f15,89999.0
Razer Blade Stealth 13,"₹1,49,999",Laptop,Amazon,razer blade stealth 13,149999.0
MacBook Air M1 13 inch,"₹92,990",Laptop,Amazon,macbook air m1 13 inch,92990.0
HP Pavilion Gaming 15,"₹75,499",Laptop,Amazon,hp pavilion gaming 15,75499.0
"Samsung Galaxy S26 5G (Black, 12GB RAM, 256GB Storage), AI Phone, Photo Assist, Creative Studio, 50MP Camera with ProVisual Engine, Powerful Customized Processor and 4300mAh Battery - Flipkart","87,999",Mobile,Flipkart,samsung galaxy s26 5g black 12gb ram 256gb storage ai phone photo assist creative studio 50mp camera with provisual engine powerful customized processor and 4300mah battery flipkart,87999.0
"Samsung Galaxy S26 Ultra 5G (Black, 12GB RAM, g512GB Storae) with Built-in Privacy Display, AI Phone, Photo Assist, Creative Studio, 200MP Camera, 5000mAh Battery and Snapdragon 8 Elite Gen 5 - Flipkart","1,59,999",Mobile,Flipkart,samsung galaxy s26 ultra 5g black 12gb ram g512gb storae with builtin privacy display ai phone photo assist creative studio 200mp camera 5000mah battery and snapdragon 8 elite gen 5 flipkart,159999.0
"Redmi A4 5G (Sparkle Purple, 4GB RAM, 128GB Storage) | Segment Largest 6.88in 120Hz | 50MP Dual Camera | 18W Fast Charging | Charger in the Box - Flipkart","11,999",Mobile,Flipkart,redmi a4 5g sparkle purple 4gb ram 128gb storage segment largest 688in 120hz 50mp dual camera 18w fast charging charger in the box flipkart,11999.0
"iQOO Z11x 5G (Prismatic Green, 6GB RAM, 128 GB Storage) | Dimensity 7400-Turbo Processor | 7200 mAh Battery Smartphone | Powered by OriginOS 6 - Flipkart","18,998",Mobile,Flipkart,iqoo z11x 5g prismatic green 6gb ram 128 gb storage dimensity 7400turbo processor 7200 mah battery smartphone powered by originos 6 flipkart,18998.0
"Samsung Galaxy M06 5G Mobile (Blazing Black, 6GB RAM, 128GB Storage) | MediaTek Dimensity 6300 | AnTuTu 623K+ | 12 5G Bands | 25W Fast Charging | 4 Gen OS Upgrades | 50MP Camera | Without Charger - Flipkart","11,999",Mobile,Flipkart,samsung galaxy m06 5g mobile blazing black 6gb ram 128gb storage mediatek dimensity 6300 antutu 623k 12 5g bands 25w fast charging 4 gen os upgrades 50mp camera without charger flipkart,11999.0
"Samsung Galaxy M07 Mobile (Black, 4GB RAM, 64GB Storage) | MediaTek Helio G99 | AnTuTu 624K | IP54| 50MP Camera | 7.6mm Slim | 5000mAh Battery | 25W Fast Charging | 6 Gen OS Upgrades | Without Charger - Flipkart","7,999",Mobile,Flipkart,samsung galaxy m07 mobile black 4gb ram 64gb storage mediatek helio g99 antutu 624k ip54 50mp camera 76mm slim 5000mah battery 25w fast charging 6 gen os upgrades without charger flipkart,7999.0
"realme NARZO 90x 5G (Marine Blue,4GB+128GB) |7000mAh + 60W Biggest Battery & Fastest Charging in The Segment* | 144Hz Bright Display | Sony 50MP AI Rear Camera | AI Assist | 400% Ultra Boom Speaker - Flipkart","12,999",Mobile,Flipkart,realme narzo 90x 5g marine blue4gb128gb 7000mah 60w biggest battery fastest charging in the segment 144hz bright display sony 50mp ai rear camera ai assist 400 ultra boom speaker flipkart,12999.0
"Samsung Galaxy M17e 5G Mobile (Blitz Blue, 6GB RAM, 128GB Storage) | Smoothest 120 Hz Refresh Rate| Monster 6000 mAh Battery | IP54 | 6 Gen OS Upgrades | AI | Gemini Live | Without Charger - Flipkart","15,499",Mobile,Flipkart,samsung galaxy m17e 5g mobile blitz blue 6gb ram 128gb storage smoothest 120 hz refresh rate monster 6000 mah battery ip54 6 gen os upgrades ai gemini live without charger flipkart,15499.0
"Samsung Galaxy M17e 5G Mobile (Vibe Violet, 4GB RAM, 128GB Storage) | Smoothest 120 Hz Refresh Rate| Monster 6000 mAh Battery | IP54 | 6 Gen OS Upgrades | AI | Gemini Live | Without Charger - Flipkart","13,999",Mobile,Flipkart,samsung galaxy m17e 5g mobile vibe violet 4gb ram 128gb storage smoothest 120 hz refresh rate monster 6000 mah battery ip54 6 gen os upgrades ai gemini live without charger flipkart,13999.0
"iQOO Z10x 5G (Ultramarine, 6GB RAM, 128GB Storage) | 6500 mAh Large Capacity Battery | Dimensity 7300 Processor | Military-Grade Durability - Flipkart","16,998",Mobile,Flipkart,iqoo z10x 5g ultramarine 6gb ram 128gb storage 6500 mah large capacity battery dimensity 7300 processor militarygrade durability flipkart,16998.0
"Samsung Galaxy S26 Plus 5G (Black, 12GB RAM, 256GB Storage), AI Phone, Photo Assist, Creative Studio, 50MP Camera, 4900mAh Battery and Super Fast Wireless Charging - Flipkart","1,19,999",Mobile,Flipkart,samsung galaxy s26 plus 5g black 12gb ram 256gb storage ai phone photo assist creative studio 50mp camera 4900mah battery and super fast wireless charging flipkart,119999.0
"Samsung Galaxy M56 5G Mobile (Black, 8GB RAM, 128GB Storage)| Segment's Slimmest | Gorilla Glass Victus+| 10 Bit HDR Video| 50MP Camera| AI | Vapour Cooling Chamber| Lag-Free Gaming| Without Charger - Flipkart","22,999",Mobile,Flipkart,samsung galaxy m56 5g mobile black 8gb ram 128gb storage segments slimmest gorilla glass victus 10 bit hdr video 50mp camera ai vapour cooling chamber lagfree gaming without charger flipkart,22999.0
"Motorola G57 Power 5G (Corsair, 8GB RAM, 128GB Storage) | Snapdragon 6s Gen 4 Processor | 6.72"" FHD+ Display | 50MP LYT-600 + 8MP Ultrawide | 8MP Selfie Camera | 7000mAh Battery, 33W TurboPower | IP64 - Flipkart","15,199",Mobile,Flipkart,motorola g57 power 5g corsair 8gb ram 128gb storage snapdragon 6s gen 4 processor 672 fhd display 50mp lyt600 8mp ultrawide 8mp selfie camera 7000mah battery 33w turbopower ip64 flipkart,15199.0
OnePlus Nord 5 | Snapdragon 8s Gen 3 | Stable 144FPS Gaming | Dual 50MP Flagship Camera | Powered by OnePlus AI | 256GB 8GB | Phantom Grey - Flipkart,"33,999",Mobile,Flipkart,oneplus nord 5 snapdragon 8s gen 3 stable 144fps gaming dual 50mp flagship camera powered by oneplus ai 256gb 8gb phantom grey flipkart,33999.0
"POCO C71, Desert Gold (6GB, 128GB) - Flipkart","9,998",Mobile,Flipkart,poco c71 desert gold 6gb 128gb flipkart,9998.0
Redmi A5 Jaisalmer Gold (3GB RAM 64GB Storage) | Royale Design | Segment's Largest 17.47cm(6.88) and Smoothest 120Hz Display | 5200mAh Large Battery | Expandable Storage up to 2TB - Flipkart,"7,999",Mobile,Flipkart,redmi a5 jaisalmer gold 3gb ram 64gb storage royale design segments largest 1747cm688 and smoothest 120hz display 5200mah large battery expandable storage up to 2tb flipkart,7999.0
"Motorola G57 Power 5G (Fluidity, 8GB RAM, 128GB Storage)| Snapdragon 6s Gen 4 Processor | 6.72"" FHD+ Display | 50MP LYT-600 + 8MP Ultrawide | 8MP Selfie Camera | 7000mAh Battery, 33W TurboPower | IP64 - Flipkart","14,920",Mobile,Flipkart,motorola g57 power 5g fluidity 8gb ram 128gb storage snapdragon 6s gen 4 processor 672 fhd display 50mp lyt600 8mp ultrawide 8mp selfie camera 7000mah battery 33w turbopower ip64 flipkart,14920.0
"Samsung Galaxy M56 5G Mobile (Black, 8GB RAM, 256GB Storage)| Segment's Slimmest | Gorilla Glass Victus+| 10 Bit HDR Video| 50MP Camera| AI | Vapour Cooling Chamber| Lag-Free Gaming| Without Charger - Flipkart","25,999",Mobile,Flipkart,samsung galaxy m56 5g mobile black 8gb ram 256gb storage segments slimmest gorilla glass victus 10 bit hdr video 50mp camera ai vapour cooling chamber lagfree gaming without charger flipkart,25999.0
"Samsung Galaxy M17e 5G Mobile (Blitz Blue, 4GB RAM, 128GB Storage) | Smoothest 120 Hz Refresh Rate| Monster 6000 mAh Battery | IP54 | 6 Gen OS Upgrades | AI | Gemini Live | Without Charger - Flipkart","13,999",Mobile,Flipkart,samsung galaxy m17e 5g mobile blitz blue 4gb ram 128gb storage smoothest 120 hz refresh rate monster 6000 mah battery ip54 6 gen os upgrades ai gemini live without charger flipkart,13999.0
"Samsung Galaxy M17 5G Mobile (Sapphire Black, 4GB RAM, 128GB Storage) | 50MP OIS Triple Camera | Gorilla Glass Victus | IP54 | 6 Gen OS Upgrades | AI | Gemini Live | Lag-Free Gaming | Without Charger - Flipkart","13,999",Mobile,Flipkart,samsung galaxy m17 5g mobile sapphire black 4gb ram 128gb storage 50mp ois triple camera gorilla glass victus ip54 6 gen os upgrades ai gemini live lagfree gaming without charger flipkart,13999.0
"REDMI Note 15 Pro+ 5G (Coffee Mocha, 12GB + 256GB) | 200MasterPixel OIS Camera | Snapdragon 7s Gen 4 | CrystalRes AMOLED | IP69/69K | 6500mAh Si/C Battery | 100W HyperCharge - Flipkart","39,999",Mobile,Flipkart,redmi note 15 pro 5g coffee mocha 12gb 256gb 200masterpixel ois camera snapdragon 7s gen 4 crystalres amoled ip6969k 6500mah sic battery 100w hypercharge flipkart,39999.0
"Samsung Galaxy S26 Ultra 5G (White, 12GB RAM, 256GB Storage) with Built-in Privacy Display, AI Phone, Photo Assist, Creative Studio, 200MP Camera, 5000mAh Battery and Snapdragon 8 Elite Gen 5 - Flipkart","1,39,999",Mobile,Flipkart,samsung galaxy s26 ultra 5g white 12gb ram 256gb storage with builtin privacy display ai phone photo assist creative studio 200mp camera 5000mah battery and snapdragon 8 elite gen 5 flipkart,139999.0
"OnePlus 13R| Smarter with OnePlus AI (12GB RAM, 256GB Storage Nebula Noir) - Flipkart","39,996",Mobile,Flipkart,oneplus 13r smarter with oneplus ai 12gb ram 256gb storage nebula noir flipkart,39996.0
"Lava Bold N2 (Siachen White, 4 GB RAM, 64 GB Storage) | 13MP AI Dual Rear Camera | Largest 6.75"" HD+ Display | 5000 mAh Battery & 10W Charging | IP64 Water & Dust Proof | Charger & Phone-Case in Box - Flipkart","7,999",Mobile,Flipkart,lava bold n2 siachen white 4 gb ram 64 gb storage 13mp ai dual rear camera largest 675 hd display 5000 mah battery 10w charging ip64 water dust proof charger phonecase in box flipkart,7999.0
"iQOO Z10R 5G (Aquamarine, 12GB RAM, 256GB Storage) | 32MP 4K Selfie Camera | Quad-Curved AMOLED Display | Dimensity 7400 Processor with 750K+ AnTuTu Score - Flipkart","26,998",Mobile,Flipkart,iqoo z10r 5g aquamarine 12gb ram 256gb storage 32mp 4k selfie camera quadcurved amoled display dimensity 7400 processor with 750k antutu score flipkart,26998.0
"realme NARZO 80 Pro 5G (Speed Silver,8GB+256GB) | Segment's 1st MediaTek Dimensity 7400 Chipset | 6000mAh Titan Battery + 80W Ultra Charge | 4500nits HyperGlow Esports Display | IP69 Waterproof - Flipkart","19,999",Mobile,Flipkart,realme narzo 80 pro 5g speed silver8gb256gb segments 1st mediatek dimensity 7400 chipset 6000mah titan battery 80w ultra charge 4500nits hyperglow esports display ip69 waterproof flipkart,19999.0
"vivo T4 5G (Emerald Blaze, 12GB RAM+256GB Storage)| Snapdragon 7s Gen 3 | 120Hz Quad-Curved AMOLED | 7300mAh+90W Fast Charge | 50MP Sony OIS Camera | Military Grade Build | AI Photo Enhance | AI Erase - Flipkart","28,189",Mobile,Flipkart,vivo t4 5g emerald blaze 12gb ram256gb storage snapdragon 7s gen 3 120hz quadcurved amoled 7300mah90w fast charge 50mp sony ois camera military grade build ai photo enhance ai erase flipkart,28189.0
Redmi 15 5G Midnight Black 8GB + 256GB | Segment's Largest 7000mAhA Battery | Segment's Largest Display 17.53cm(6.9) Up to 144Hz | Snapdragon 6s Gen 3 | 18W Reverse Charging | 50MP AI Dual Camera - Flipkart,"19,499",Mobile,Flipkart,redmi 15 5g midnight black 8gb 256gb segments largest 7000maha battery segments largest display 1753cm69 up to 144hz snapdragon 6s gen 3 18w reverse charging 50mp ai dual camera flipkart,19499.0
"Motorola G35 5G (Leaf Green, 4+128) - Flipkart","12,395",Mobile,Flipkart,motorola g35 5g leaf green 4128 flipkart,12395.0
"Motorola G96 144Hz 3D Curved pOLED (ASHLEIGHBLUE, 8GB RAM, 128GB Storage) - Flipkart","18,099",Mobile,Flipkart,motorola g96 144hz 3d curved poled ashleighblue 8gb ram 128gb storage flipkart,18099.0
"Samsung Galaxy S26 Plus 5G (Black, 12GB RAM, 512GB Storage), AI Phone, Photo Assist, Creative Studio, 50MP Camera, 4900mAh Battery and Super Fast Wireless Charging - Flipkart","1,39,999",Mobile,Flipkart,samsung galaxy s26 plus 5g black 12gb ram 512gb storage ai phone photo assist creative studio 50mp camera 4900mah battery and super fast wireless charging flipkart,139999.0
OnePlus 15R | 12GB+512GB | Mint Breeze | World's First Snapdragon® 8 Gen 5 | 7400mAh Battery | Personalised AI | Game-Changing 165Hz Display | IP68 IP69 IP66 & IP69K | 4K 120fps Video - Flipkart,"52,997",Mobile,Flipkart,oneplus 15r 12gb512gb mint breeze worlds first snapdragon 8 gen 5 7400mah battery personalised ai gamechanging 165hz display ip68 ip69 ip66 ip69k 4k 120fps video flipkart,52997.0
"Motorola G57 Power 5G (Regatta, 8GB RAM, 128GB Storage) | Snapdragon 6s Gen 4 Processor | 6.72"" FHD+ Display | 50MP LYT-600 + 8MP Ultrawide | 8MP Selfie Camera | 7000mAh Battery, 33W TurboPower | IP64 - Flipkart","14,870",Mobile,Flipkart,motorola g57 power 5g regatta 8gb ram 128gb storage snapdragon 6s gen 4 processor 672 fhd display 50mp lyt600 8mp ultrawide 8mp selfie camera 7000mah battery 33w turbopower ip64 flipkart,14870.0
"OPPO K13x 5G 6000mAh and 45W SUPERVOOC Charger & AI (Breeze Blue, 128 GB) (6 GB RAM) - Flipkart","14,996",Mobile,Flipkart,oppo k13x 5g 6000mah and 45w supervooc charger ai breeze blue 128 gb 6 gb ram flipkart,14996.0
OnePlus 15 | 12GB+256GB | Ultra Violet | India's First Snapdragon® 8 Elite Gen 5 | 7300mAh Battery | Personalised AI | Game-Changing 165Hz Display | Triple 50MP Camera with 4K 120fps Dolby Vision - Flipkart,"72,999",Mobile,Flipkart,oneplus 15 12gb256gb ultra violet indias first snapdragon 8 elite gen 5 7300mah battery personalised ai gamechanging 165hz display triple 50mp camera with 4k 120fps dolby vision flipkart,72999.0
"Samsung Galaxy M36 5G Mobile (Serene Green, 8GB RAM, 128GB Storage) | Google Gemini| Gorilla Glass Victus+ | 7.7mm | AI Enhanced 50MP OIS Triple Camera| Nightography| Lag-free Gaming | Without Charger - Flipkart","18,999",Mobile,Flipkart,samsung galaxy m36 5g mobile serene green 8gb ram 128gb storage google gemini gorilla glass victus 77mm ai enhanced 50mp ois triple camera nightography lagfree gaming without charger flipkart,18999.0
OnePlus Nord CE5 | MediaTek Dimensity | Massive 7100mAh Battery | Powered by OnePlus AI | 8GB + 128GB | Nexus Blue - Flipkart,"24,996",Mobile,Flipkart,oneplus nord ce5 mediatek dimensity massive 7100mah battery powered by oneplus ai 8gb 128gb nexus blue flipkart,24996.0
"OPPO K13x 5G 6000mAh and 45W SUPERVOOC Charger & AI (Midnight Violet, 128 GB) (8 GB RAM) - Flipkart","14,899",Mobile,Flipkart,oppo k13x 5g 6000mah and 45w supervooc charger ai midnight violet 128 gb 8 gb ram flipkart,14899.0
"realme NARZO 90x 5G (Flash Blue,8GB+128GB) | 7000mAh + 60W Biggest Battery & Fastest Charging in The Segment* | 144Hz Bright Display | Sony 50MP AI Rear Camera | AI Assist | 400% Ultra Boom Speaker - Flipkart","16,999",Mobile,Flipkart,realme narzo 90x 5g flash blue8gb128gb 7000mah 60w biggest battery fastest charging in the segment 144hz bright display sony 50mp ai rear camera ai assist 400 ultra boom speaker flipkart,16999.0
"iQOO 15R (Triumph Silver, 12GB RAM, 256GB Storage) | Snapdragon® 8 Gen 5 Processor | India’s Slimmest Smartphone in 7600mAh Battery* | Segment's Most Stable 144FPS Gaming* - Flipkart","47,998",Mobile,Flipkart,iqoo 15r triumph silver 12gb ram 256gb storage snapdragon 8 gen 5 processor indias slimmest smartphone in 7600mah battery segments most stable 144fps gaming flipkart,47998.0
"HP Omnibook 5 OLED (Previously Pavilion), Snapdragon X Processor (16GB LPDDR5x,1TB SSD) 2K OLED,16''/40.6cm, Win11, M365*Office24, Glacier Silver, 1.59kg, fb0001QU, Backlit, Next-Gen AI Laptop - Flipkart","73,500",Laptop,Flipkart,hp omnibook 5 oled previously pavilion snapdragon x processor 16gb lpddr5x1tb ssd 2k oled16406cm win11 m365office24 glacier silver 159kg fb0001qu backlit nextgen ai laptop flipkart,73500.0
"HP Smartchoice OmniBook 5 (Previously Pavilion) 50 Tops, AMD Ryzen AI 5 340 (16GB LPDDR5X, 512GB SSD) WUXGA 2K, 16''/40.6cm, Win11, Office24, Silver, 1.79kg, ag1037au, Next Gen AI Copilot+ Laptop - Flipkart","69,990",Laptop,Flipkart,hp smartchoice omnibook 5 previously pavilion 50 tops amd ryzen ai 5 340 16gb lpddr5x 512gb ssd wuxga 2k 16406cm win11 office24 silver 179kg ag1037au next gen ai copilot laptop flipkart,69990.0
"HP 15, 13th Gen Intel Core i3-1315U, (8GB DDR4,512GB SSD) Anti-Glare, Micro-Edge, FHD,15.6''/39.6cm, Win11,M365 Basic(1yr),Office24, Silver,1.59kg, fd0572TU, FHD Camera w/Shutter, Backlit Laptop - Flipkart","42,990",Laptop,Flipkart,hp 15 13th gen intel core i31315u 8gb ddr4512gb ssd antiglare microedge fhd156396cm win11m365 basic1yroffice24 silver159kg fd0572tu fhd camera wshutter backlit laptop flipkart,42990.0
"HP 15, 13th Gen Intel Core i5-1335U (16GB DDR4,512GB SSD) FHD, Anti-Glare,Micro-Edge, 15.6''/39.6cm, Win11, M365(1yr)* Office24, Silver,1.59kg, fd0467tu, Iris Xe, FHD Camera w/Shutter, Backlit Laptop - Flipkart","57,990",Laptop,Flipkart,hp 15 13th gen intel core i51335u 16gb ddr4512gb ssd fhd antiglaremicroedge 156396cm win11 m3651yr office24 silver159kg fd0467tu iris xe fhd camera wshutter backlit laptop flipkart,57990.0
"HP 15, Intel Core Ultra 5 125H (24GB DDR5, 1TB SSD), Micro-Edge, Anti-Glare, FHD, 15''/39.6cm, Win11, M365* Office24, Silver, 1.65kg, FD1458TU, FHD Camera, Backlit, Touch Laptop - Flipkart","77,990",Laptop,Flipkart,hp 15 intel core ultra 5 125h 24gb ddr5 1tb ssd microedge antiglare fhd 15396cm win11 m365 office24 silver 165kg fd1458tu fhd camera backlit touch laptop flipkart,77990.0
"ASUS Vivobook 15, Intel Core i7 13th Gen 13620H, 16GB RAM, 1TB SSD, FHD 15.6"", Windows 11, Office Home 2024, Cool Silver, 1.7Kg, X1502VA-BQ1299WS, Intel UHD GPU, 42Whr, M365 Basic (1Year)* Laptop - Flipkart","67,990",Laptop,Flipkart,asus vivobook 15 intel core i7 13th gen 13620h 16gb ram 1tb ssd fhd 156 windows 11 office home 2024 cool silver 17kg x1502vabq1299ws intel uhd gpu 42whr m365 basic 1year laptop flipkart,67990.0
"Lenovo IdeaPad Slim 3, 12th Gen Intel Core i5-12450H (16GB LPDDR5, 512GB SSD), Anti-glare, FHD 15.6""(39.6cm), Win 11, Office Home 2024, Arctic Grey, 1.62Kg, 83ER00MDIN, Thin & Light, Backlit KB Laptop - Flipkart","50,990",Laptop,Flipkart,lenovo ideapad slim 3 12th gen intel core i512450h 16gb lpddr5 512gb ssd antiglare fhd 156396cm win 11 office home 2024 arctic grey 162kg 83er00mdin thin light backlit kb laptop flipkart,50990.0
"ASUS Vivobook Go 14, AMD Ryzen 5 7520U, 16GB RAM, 512GB SSD, FHD, 14"", 60Hz,42WHrs, Windows 11, M365 Basic (1Year)*,Office Home 2024, Mixed Black, 1.38 kg, E1404FA-EB774WS, Thin & Light Laptop - Flipkart","43,490",Laptop,Flipkart,asus vivobook go 14 amd ryzen 5 7520u 16gb ram 512gb ssd fhd 14 60hz42whrs windows 11 m365 basic 1yearoffice home 2024 mixed black 138 kg e1404faeb774ws thin light laptop flipkart,43490.0
"acer Nitro V 15 Gaming Laptop 15.6"" FHD IPS 165Hz Intel 8-core i5-13420H 16GB RAM 512GB SSD GeForce RTX 5050 GDDR7 DLSS4 (Up to 440 AI Tops) Backlit Thunderbolt WiFi6 Win11 ICP Hub - Flipkart","1,09,990",Laptop,Flipkart,acer nitro v 15 gaming laptop 156 fhd ips 165hz intel 8core i513420h 16gb ram 512gb ssd geforce rtx 5050 gddr7 dlss4 up to 440 ai tops backlit thunderbolt wifi6 win11 icp hub flipkart,109990.0
"ASUS TUF A15 (2025), AMD Ryzen 7 7445HS,RTX 3050-4GB,75W TGP,16GB DDR5(Upgradeable Upto 64GB) 512GB SSD,FHD,15.6"",144Hz,RGB Keyboard,Windows 11,Graphite Black,2.3 Kg FA506NCG-HN199W, Gaming Laptop - Flipkart","71,990",Laptop,Flipkart,asus tuf a15 2025 amd ryzen 7 7445hsrtx 30504gb75w tgp16gb ddr5upgradeable upto 64gb 512gb ssdfhd156144hzrgb keyboardwindows 11graphite black23 kg fa506ncghn199w gaming laptop flipkart,71990.0
"Primebook 2 Pro 2026 (New Launch) | 8GB RAM, 128GB UFS Storage | 14.1-Inch FHD IPS Display | 14 Hours Battery | MediaTek Helio G99 | Android 15 (PrimeOS 3.0) | Backlit Keyboard | in-Built AI (Gray) - Flipkart","23,490",Laptop,Flipkart,primebook 2 pro 2026 new launch 8gb ram 128gb ufs storage 141inch fhd ips display 14 hours battery mediatek helio g99 android 15 primeos 30 backlit keyboard inbuilt ai gray flipkart,23490.0
"Primebook 2 Max 2026 (New Launch) | 8GB RAM, 256GB UFS Storage | 15.6-Inch Full HD IPS Display | 12hrs Battery | MediaTek Helio G99 | Android 15 (PrimeOS 3.0) | Backlit Keyboard | in-Built AI (Gray) - Flipkart","28,990",Laptop,Flipkart,primebook 2 max 2026 new launch 8gb ram 256gb ufs storage 156inch full hd ips display 12hrs battery mediatek helio g99 android 15 primeos 30 backlit keyboard inbuilt ai gray flipkart,28990.0
"HP Professional 14 (2026), Intel Core i3 13th Gen 1315U - (8 GB/512 GB SSD/Intel Graphics/Windows 11 Pro) Thin and Light Business Laptop/14.0"" HD Display/Turbo Silver/1.4 Kg/MSO 2024 - Flipkart","41,909",Laptop,Flipkart,hp professional 14 2026 intel core i3 13th gen 1315u 8 gb512 gb ssdintel graphicswindows 11 pro thin and light business laptop140 hd displayturbo silver14 kgmso 2024 flipkart,41909.0
"HP Victus, AMD Ryzen 7 7445HS, 4GB RTX 2050, 16GB DDR5(Upgradeable) 512GB SSD, FHD, 144Hz, 300 nits, IPS, 15.6'', Win11, M365* Office24, Blue, 2.29kg, fb3189ax /3122/ 23ax Backlit, Gaming Laptop - Flipkart","61,990",Laptop,Flipkart,hp victus amd ryzen 7 7445hs 4gb rtx 2050 16gb ddr5upgradeable 512gb ssd fhd 144hz 300 nits ips 156 win11 m365 office24 blue 229kg fb3189ax 3122 23ax backlit gaming laptop flipkart,61990.0
"acer Aspire 3, Intel Pentium N6000, 12GB LPDDR4X RAM, 512GB SSD, HD, 15.6""/39.62cm, Windows 11 Home, Pure Silver, 1.5KG, A325-45, Thin and Light Laptop - Flipkart","34,800",Laptop,Flipkart,acer aspire 3 intel pentium n6000 12gb lpddr4x ram 512gb ssd hd 1563962cm windows 11 home pure silver 15kg a32545 thin and light laptop flipkart,34800.0
"ASUS Chromebook CX1405 (2026), Intel N50 Processor, Intel UHD iGPU, 8GB RAM, 128GB SSD, FHD, 14"" (35.5 cm), Chrome OS, Pure Grey, 1.39 Kg, CX1405CTA-S60622, 42WHrs, Thin & Light Laptop - Flipkart","25,990",Laptop,Flipkart,asus chromebook cx1405 2026 intel n50 processor intel uhd igpu 8gb ram 128gb ssd fhd 14 355 cm chrome os pure grey 139 kg cx1405ctas60622 42whrs thin light laptop flipkart,25990.0
"HP Business 250R G10 (2025) Thin & Light Laptop with Intel Core 3 14th Gen 100U, 16GB RAM, 512GB SSD, 15.6″ IPS Display, Copilot Key, Windows 11 Pro & MS Office 2024, Turbo Silver (1.5 kg) - Flipkart","48,990",Laptop,Flipkart,hp business 250r g10 2025 thin light laptop with intel core 3 14th gen 100u 16gb ram 512gb ssd 156 ips display copilot key windows 11 pro ms office 2024 turbo silver 15 kg flipkart,48990.0
"ASUS Vivobook 14 (2025),13th Gen, Intel Core i3-1315U, 8GB RAM, 512GB SSD, FHD, 14"", (35.5 cm) Windows 11 Home, M365 Basic(1 Year)* Office 2024,Cool Silver,1.4 Kg, X1404VA-EB321WS, Thin & Light Laptop - Flipkart","43,400",Laptop,Flipkart,asus vivobook 14 202513th gen intel core i31315u 8gb ram 512gb ssd fhd 14 355 cm windows 11 home m365 basic1 year office 2024cool silver14 kg x1404vaeb321ws thin light laptop flipkart,43400.0
"Dell SmartChoice G15, 13th Gen Intel Core i5-13450HX, NVIDIA RTX 3050-6GB, (16GB RAM 1TB SSD) FHD 15.6""/39.62 cm, Orange Backlit Keyboard, Windows 11, Microsoft Office Home 2024, 2.65Kg Gaming Laptop - Flipkart","78,990",Laptop,Flipkart,dell smartchoice g15 13th gen intel core i513450hx nvidia rtx 30506gb 16gb ram 1tb ssd fhd 1563962 cm orange backlit keyboard windows 11 microsoft office home 2024 265kg gaming laptop flipkart,78990.0
"acer [SmartChoice Aspire 3 Laptop Intel Core Celeron N4500 Processor Laptop (8 GB LPDDR4X SDRAM/256 GB SSD/Win11 Home/38 WHR/HD Webcam) A325-45 with 39.63 cm (15.6"") HD Display, Pure Silver, 1.5 KG - Flipkart","32,990",Laptop,Flipkart,acer smartchoice aspire 3 laptop intel core celeron n4500 processor laptop 8 gb lpddr4x sdram256 gb ssdwin11 home38 whrhd webcam a32545 with 3963 cm 156 hd display pure silver 15 kg flipkart,32990.0
"Lenovo IdeaPad Slim 3 13th Gen Intel Core i5-13420H 15.3""(38.8cm) WUXGA IPS Laptop(16GB RAM/512GB SSD/Win 11/Office Home 2024/Backlit/1Yr ADP Free/Top Metal Cover & IR Camera/Grey/1.6Kg), 83K100CGIN - Flipkart","61,649",Laptop,Flipkart,lenovo ideapad slim 3 13th gen intel core i513420h 153388cm wuxga ips laptop16gb ram512gb ssdwin 11office home 2024backlit1yr adp freetop metal cover ir cameragrey16kg 83k100cgin flipkart,61649.0
"ThinkPad L430 Business Laptop | Core i5-3320M | 8GB RAM | 128GB SSD | Win10 Pro | 14inch | Office Ready (8, GB) - Flipkart","12,990",Laptop,Flipkart,thinkpad l430 business laptop core i53320m 8gb ram 128gb ssd win10 pro 14inch office ready 8 gb flipkart,12990.0
"ASUS Vivobook 15, Smartchoice, AMD Ryzen 7 5825U, 16GB RAM, 512GB SSD, FHD 15.6"", Windows 11, Office Home 2024, Quiet Blue, 1.7Kg, M1502YA-BQ703WS, AMD Radeon iGPU, M365 Basic (1Year)*, 42Whr Laptop - Flipkart","51,990",Laptop,Flipkart,asus vivobook 15 smartchoice amd ryzen 7 5825u 16gb ram 512gb ssd fhd 156 windows 11 office home 2024 quiet blue 17kg m1502yabq703ws amd radeon igpu m365 basic 1year 42whr laptop flipkart,51990.0
"Model 5400 Corporate Laptop | i5 8th Gen | 8GB RAM | 256GB SSD | 14"" FHD | Win 10 | A+ Grade (Refab) - Flipkart","25,550",Laptop,Flipkart,model 5400 corporate laptop i5 8th gen 8gb ram 256gb ssd 14 fhd win 10 a grade refab flipkart,25550.0
"Lenovo V15 12th Gen Intel Core i5-1235U 15.6"" FHD Thin and Light Laptop (8GB RAM/512GB SSD/Windows 11 Home/MS Office Home & Student 2021/Iron Grey/1.70 kg), 82TTA07QIH - Flipkart","49,999",Laptop,Flipkart,lenovo v15 12th gen intel core i51235u 156 fhd thin and light laptop 8gb ram512gb ssdwindows 11 homems office home student 2021iron grey170 kg 82tta07qih flipkart,49999.0
"acer Professional 14, AMD Ryzen 3-7330U, 8GB RAM, 512GB SSD, 14"" Full HD,UHD Graphics, Premium Metal Body, Windows 11 Pro, MSO 21, 1.34KG, Travel Lite, TL14-42M, Light Laptop 8GB RAM - Flipkart","36,990",Laptop,Flipkart,acer professional 14 amd ryzen 37330u 8gb ram 512gb ssd 14 full hduhd graphics premium metal body windows 11 pro mso 21 134kg travel lite tl1442m light laptop 8gb ram flipkart,36990.0
"HP Professional 14 (2025), Intel Core i3 13th Gen 1315U - (8 GB/512 GB SSD/Intel UHD Graphics/Windows 11 Pro) Thin and Light Business Laptop/14.0"" HD Display/Turbo Silver/1.4 Kg/MSO 2021 - Flipkart","42,010",Laptop,Flipkart,hp professional 14 2025 intel core i3 13th gen 1315u 8 gb512 gb ssdintel uhd graphicswindows 11 pro thin and light business laptop140 hd displayturbo silver14 kgmso 2021 flipkart,42010.0
"acer SmartChoice Aspire Lite, AMD Ryzen 5-5625U Processor, 16 GB/512 GB, Full HD, 15.6""/39.62 cm, Windows 11 Home, Steel Gray, 1.59 kg, AL15-41, Metal Body, Thin and Light Laptop - Flipkart","42,990",Laptop,Flipkart,acer smartchoice aspire lite amd ryzen 55625u processor 16 gb512 gb full hd 1563962 cm windows 11 home steel gray 159 kg al1541 metal body thin and light laptop flipkart,42990.0
"HP Omen, AMD Ryzen AI 7 350, 8GB RTX 5050, 24GB DDR5(Upgradeable) 1TB SSD, 165Hz, 2k WUXGA, 3ms, 400 nits, 16'(40.6cm) Win11, M365* Office24, Black, 2.44kg, ap0165AX, RGB, AI Gaming Laptop - Flipkart","1,27,990",Laptop,Flipkart,hp omen amd ryzen ai 7 350 8gb rtx 5050 24gb ddr5upgradeable 1tb ssd 165hz 2k wuxga 3ms 400 nits 16406cm win11 m365 office24 black 244kg ap0165ax rgb ai gaming laptop flipkart,127990.0
"HP Smartchoice Victus, 13th Gen Intel Core i7-13620H, 8GB RTX 5050, 24GB DDR5(Upgradeable) 1TB SSD, 144Hz, FHD, 15.6''/39.6cm, Win11, M365* Office24, Mica Silver, 2.29kg, fa2309TX, RGB Gaming Laptop - Flipkart","1,09,990",Laptop,Flipkart,hp smartchoice victus 13th gen intel core i713620h 8gb rtx 5050 24gb ddr5upgradeable 1tb ssd 144hz fhd 156396cm win11 m365 office24 mica silver 229kg fa2309tx rgb gaming laptop flipkart,109990.0
"Dell Inspiron 3530 Thin & Light Laptop, 13th Gen Intel Core i5-1334U Processor, 8GB, 512GB SSD, 15.6"" (39.62cm) FHD Display, Backlit Keyboard, Windows 11 + MSO'24 & 15 Month McAfee, Silver,1.62kg - Flipkart","52,990",Laptop,Flipkart,dell inspiron 3530 thin light laptop 13th gen intel core i51334u processor 8gb 512gb ssd 156 3962cm fhd display backlit keyboard windows 11 mso24 15 month mcafee silver162kg flipkart,52990.0
"HP Professional 14 (2025), Intel Core i3 13th Gen 1315U - (16 GB/512 GB SSD/Intel UHD Graphics/Windows 11 Pro) Thin and Light Business Laptop/14.0"" HD Display/Turbo Silver/1.4 Kg/MSO 2021 - Flipkart","46,109",Laptop,Flipkart,hp professional 14 2025 intel core i3 13th gen 1315u 16 gb512 gb ssdintel uhd graphicswindows 11 pro thin and light business laptop140 hd displayturbo silver14 kgmso 2021 flipkart,46109.0
"Lenovo V15 G4 AMD Athlon Silver 7120U Laptop 8GB LPDDR5 Ram, 512 GB SSD PCIe, Windows 11 Lifetime Validity,15.6"" FHD Screen, AMD Radeon 610M, Silver, 1 Year Brand Warranty - Flipkart","37,999",Laptop,Flipkart,lenovo v15 g4 amd athlon silver 7120u laptop 8gb lpddr5 ram 512 gb ssd pcie windows 11 lifetime validity156 fhd screen amd radeon 610m silver 1 year brand warranty flipkart,37999.0
"HP Victus, AMD Ryzen 7 7445HS, 4GB RTX 2050, 16GB DDR5(Upgradable) 512GB SSD, FHD, 144Hz, 300 nits, IPS, 15.6''/39.6cm, Win11, M365* Office24, Mica Silver, 2.29kg, fb3123AX, Backlit, Gaming Laptop - Flipkart","64,990",Laptop,Flipkart,hp victus amd ryzen 7 7445hs 4gb rtx 2050 16gb ddr5upgradable 512gb ssd fhd 144hz 300 nits ips 156396cm win11 m365 office24 mica silver 229kg fb3123ax backlit gaming laptop flipkart,64990.0
"BrowseBook 14.1"" FHD IPS Laptop | Best Student & Office Work Laptop | Celeron N4020 | 4GB RAM | 128GB SSD | Windows 11 | 38Wh | 1.3kg | Grey - Flipkart","12,990",Laptop,Flipkart,browsebook 141 fhd ips laptop best student office work laptop celeron n4020 4gb ram 128gb ssd windows 11 38wh 13kg grey flipkart,12990.0
"Model 5410 Laptop | i7 10th Gen | 8GB RAM | 256GB SSD | UHD Graphics 620 14"" Screen | Win 10 Pro (Pre-Owned & Tested) - Flipkart","29,995",Laptop,Flipkart,model 5410 laptop i7 10th gen 8gb ram 256gb ssd uhd graphics 620 14 screen win 10 pro preowned tested flipkart,29995.0
"Lenovo IdeaPad Slim 3, 13th Gen Intel Core i5 13420H, 24GB RAM, 1TB SSD, WUXGA IPS, 15.3""/38.8cm, Windows 11, Office Home 2024, Grey, 1.6Kg, Backlit Keyboard, 1Yr ADP Free, 83K100PLIN, Laptop - Flipkart","67,990",Laptop,Flipkart,lenovo ideapad slim 3 13th gen intel core i5 13420h 24gb ram 1tb ssd wuxga ips 153388cm windows 11 office home 2024 grey 16kg backlit keyboard 1yr adp free 83k100plin laptop flipkart,67990.0
"HP Smartchoice Victus, AMD Ryzen 7 7445HS, 6GB RTX 3050, 16GB DDR5(Upgradeable) 512GB SSD, FHD, 144Hz, 300 nits, 15.6''/39.6cm, Win 11, M365* Office24, Blue, 2.29kg, fb3134AX/3120ax, Gaming Laptop - Flipkart","72,990",Laptop,Flipkart,hp smartchoice victus amd ryzen 7 7445hs 6gb rtx 3050 16gb ddr5upgradeable 512gb ssd fhd 144hz 300 nits 156396cm win 11 m365 office24 blue 229kg fb3134ax3120ax gaming laptop flipkart,72990.0
Dell Inspiron 15 Laptop - Flipkart,"₹45,999",Laptop,Flipkart,dell inspiron 15 laptop flipkart,45999.0
HP Pavilion 15 Core i5 - Flipkart,"₹52,499",Laptop,Flipkart,hp pavilion 15 core i5 flipkart,52499.0
ASUS VivoBook 14 FHD - Flipkart,"₹48,590",Laptop,Flipkart,asus vivobook 14 fhd flipkart,48590.0
Lenovo IdeaPad 3 15ITL6 - Flipkart,"₹44,990",Laptop,Flipkart,lenovo ideapad 3 15itl6 flipkart,44990.0
Acer Aspire 5 A515-57 - Flipkart,"₹58,499",Laptop,Flipkart,acer aspire 5 a51557 flipkart,58499.0
MSI GE66 Raider Gaming - Flipkart,"₹1,24,999",Laptop,Flipkart,msi ge66 raider gaming flipkart,124999.0
ASUS TUF Gaming F15 - Flipkart,"₹89,999",Laptop,Flipkart,asus tuf gaming f15 flipkart,89999.0
Razer Blade Stealth 13 - Flipkart,"₹1,49,999",Laptop,Flipkart,razer blade stealth 13 flipkart,149999.0
MacBook Air M1 13 inch - Flipkart,"₹92,990",Laptop,Flipkart,macbook air m1 13 inch flipkart,92990.0
HP Pavilion Gaming 15 - Flipkart,"₹75,499",Laptop,Flipkart,hp pavilion gaming 15 flipkart,75499.0
OnePlus 12 5G - Gold,44455,Smartphone,Amazon,oneplus g gold,44455.0
OnePlus 12 5G - Gold,48101,Smartphone,Flipkart,oneplus g gold,48101.0
OnePlus 12 5G - White,47015,Smartphone,Amazon,oneplus g white,47015.0
OnePlus 12 5G - White,48418,Smartphone,Flipkart,oneplus g white,48418.0
OnePlus 12 5G,44129,Smartphone,Amazon,oneplus g,44129.0
OnePlus 12 5G,48121,Smartphone,Flipkart,oneplus g,48121.0
OnePlus 12 5G - Green,46464,Smartphone,Amazon,oneplus g green,46464.0
OnePlus 12 5G - Green,48107,Smartphone,Flipkart,oneplus g green,48107.0
OnePlus 12 5G - Black,46412,Smartphone,Amazon,oneplus g black,46412.0
OnePlus 12 5G - Black,49138,Smartphone,Flipkart,oneplus g black,49138.0
OnePlus 12 5G,46858,Smartphone,Amazon,oneplus g,46858.0
OnePlus 12 5G,49730,Smartphone,Flipkart,oneplus g,49730.0
OnePlus 12 5G,47919,Smartphone,Amazon,oneplus g,47919.0
OnePlus 12 5G,51126,Smartphone,Flipkart,oneplus g,51126.0
OnePlus 12 5G - Blue,44395,Smartphone,Amazon,oneplus g blue,44395.0
OnePlus 12 5G - Blue,49469,Smartphone,Flipkart,oneplus g blue,49469.0
OnePlus 12 5G - Green,46195,Smartphone,Amazon,oneplus g green,46195.0
OnePlus 12 5G - Green,48510,Smartphone,Flipkart,oneplus g green,48510.0
OnePlus 12 5G - Red,45199,Smartphone,Amazon,oneplus g red,45199.0
OnePlus 12 5G - Red,51396,Smartphone,Flipkart,oneplus g red,51396.0
Samsung Galaxy S24 - Blue,78283,Smartphone,Amazon,samsung galaxy s blue,78283.0
Samsung Galaxy S24 - Blue,83186,Smartphone,Flipkart,samsung galaxy s blue,83186.0
Samsung Galaxy S24,81548,Smartphone,Amazon,samsung galaxy s,81548.0
Samsung Galaxy S24,83412,Smartphone,Flipkart,samsung galaxy s,83412.0
Samsung Galaxy S24,81415,Smartphone,Amazon,samsung galaxy s,81415.0
Samsung Galaxy S24,84493,Smartphone,Flipkart,samsung galaxy s,84493.0
Samsung Galaxy S24 - White,80744,Smartphone,Amazon,samsung galaxy s white,80744.0
Samsung Galaxy S24 - White,84092,Smartphone,Flipkart,samsung galaxy s white,84092.0
Samsung Galaxy S24,80186,Smartphone,Amazon,samsung galaxy s,80186.0
Samsung Galaxy S24,85985,Smartphone,Flipkart,samsung galaxy s,85985.0
Samsung Galaxy S24 - Gold,79104,Smartphone,Amazon,samsung galaxy s gold,79104.0
Samsung Galaxy S24 - Gold,86789,Smartphone,Flipkart,samsung galaxy s gold,86789.0
Samsung Galaxy S24,78937,Smartphone,Amazon,samsung galaxy s,78937.0
Samsung Galaxy S24,86365,Smartphone,Flipkart,samsung galaxy s,86365.0
Samsung Galaxy S24,79095,Smartphone,Amazon,samsung galaxy s,79095.0
Samsung Galaxy S24,83270,Smartphone,Flipkart,samsung galaxy s,83270.0
Samsung Galaxy S24,78869,Smartphone,Amazon,samsung galaxy s,78869.0
Samsung Galaxy S24,85683,Smartphone,Flipkart,samsung galaxy s,85683.0
Samsung Galaxy S24,79878,Smartphone,Amazon,samsung galaxy s,79878.0
Samsung Galaxy S24,83584,Smartphone,Flipkart,samsung galaxy s,83584.0
iPhone 15 Pro - Green,130206,Smartphone,Amazon,iphone pro green,130206.0
iPhone 15 Pro - Green,134075,Smartphone,Flipkart,iphone pro green,134075.0
iPhone 15 Pro - Silver,129481,Smartphone,Amazon,iphone pro silver,129481.0
iPhone 15 Pro - Silver,133897,Smartphone,Flipkart,iphone pro silver,133897.0
iPhone 15 Pro,128371,Smartphone,Amazon,iphone pro,128371.0
iPhone 15 Pro,136094,Smartphone,Flipkart,iphone pro,136094.0
iPhone 15 Pro - Green,130569,Smartphone,Amazon,iphone pro green,130569.0
iPhone 15 Pro - Green,133654,Smartphone,Flipkart,iphone pro green,133654.0
iPhone 15 Pro - Purple,129575,Smartphone,Amazon,iphone pro purple,129575.0
iPhone 15 Pro - Purple,134562,Smartphone,Flipkart,iphone pro purple,134562.0
iPhone 15 Pro - Black,131976,Smartphone,Amazon,iphone pro black,131976.0
iPhone 15 Pro - Black,135265,Smartphone,Flipkart,iphone pro black,135265.0
iPhone 15 Pro - Blue,130791,Smartphone,Amazon,iphone pro blue,130791.0
iPhone 15 Pro - Blue,136623,Smartphone,Flipkart,iphone pro blue,136623.0
iPhone 15 Pro,128455,Smartphone,Amazon,iphone pro,128455.0
iPhone 15 Pro,134201,Smartphone,Flipkart,iphone pro,134201.0
iPhone 15 Pro - Blue,131905,Smartphone,Amazon,iphone pro blue,131905.0
iPhone 15 Pro - Blue,135956,Smartphone,Flipkart,iphone pro blue,135956.0
Xiaomi 14 - Blue,53737,Smartphone,Amazon,xiaomi blue,53737.0
Xiaomi 14 - Blue,53434,Smartphone,Flipkart,xiaomi blue,53434.0
Xiaomi 14,52493,Smartphone,Amazon,xiaomi,52493.0
Xiaomi 14,53813,Smartphone,Flipkart,xiaomi,53813.0
Xiaomi 14 - Black,53904,Smartphone,Amazon,xiaomi black,53904.0
Xiaomi 14 - Black,56188,Smartphone,Flipkart,xiaomi black,56188.0
Xiaomi 14,52000,Smartphone,Amazon,xiaomi,52000.0
Xiaomi 14,53078,Smartphone,Flipkart,xiaomi,53078.0
Xiaomi 14,53405,Smartphone,Amazon,xiaomi,53405.0
Xiaomi 14,56303,Smartphone,Flipkart,xiaomi,56303.0
Xiaomi 14 - White,53595,Smartphone,Amazon,xiaomi white,53595.0
Xiaomi 14 - White,55322,Smartphone,Flipkart,xiaomi white,55322.0
Xiaomi 14 - Silver,53114,Smartphone,Amazon,xiaomi silver,53114.0
Xiaomi 14 - Silver,55180,Smartphone,Flipkart,xiaomi silver,55180.0
Xiaomi 14 - Green,50675,Smartphone,Amazon,xiaomi green,50675.0
Xiaomi 14 - Green,54084,Smartphone,Flipkart,xiaomi green,54084.0
Xiaomi 14 - Blue,53092,Smartphone,Amazon,xiaomi blue,53092.0
Xiaomi 14 - Blue,55988,Smartphone,Flipkart,xiaomi blue,55988.0
Google Pixel 8,75660,Smartphone,Amazon,google pixel,75660.0
Google Pixel 8,79528,Smartphone,Flipkart,google pixel,79528.0
Google Pixel 8,73494,Smartphone,Amazon,google pixel,73494.0
Google Pixel 8,79014,Smartphone,Flipkart,google pixel,79014.0
Google Pixel 8,75408,Smartphone,Amazon,google pixel,75408.0
Google Pixel 8,80267,Smartphone,Flipkart,google pixel,80267.0
Google Pixel 8 - Gold,73289,Smartphone,Amazon,google pixel gold,73289.0
Google Pixel 8 - Gold,80898,Smartphone,Flipkart,google pixel gold,80898.0
Google Pixel 8,73127,Smartphone,Amazon,google pixel,73127.0
Google Pixel 8,81520,Smartphone,Flipkart,google pixel,81520.0
Google Pixel 8,74139,Smartphone,Amazon,google pixel,74139.0
Google Pixel 8,80739,Smartphone,Flipkart,google pixel,80739.0
Google Pixel 8 - Purple,75961,Smartphone,Amazon,google pixel purple,75961.0
Google Pixel 8 - Purple,81830,Smartphone,Flipkart,google pixel purple,81830.0
Google Pixel 8,74936,Smartphone,Amazon,google pixel,74936.0
Google Pixel 8,81306,Smartphone,Flipkart,google pixel,81306.0
Google Pixel 8,75698,Smartphone,Amazon,google pixel,75698.0
Google Pixel 8,79764,Smartphone,Flipkart,google pixel,79764.0
Google Pixel 8,76537,Smartphone,Amazon,google pixel,76537.0
Google Pixel 8,80985,Smartphone,Flipkart,google pixel,80985.0
Oppo Find X7 - White,58247,Smartphone,Amazon,oppo find x white,58247.0
Oppo Find X7 - White,63648,Smartphone,Flipkart,oppo find x white,63648.0
Oppo Find X7,58778,Smartphone,Amazon,oppo find x,58778.0
Oppo Find X7,64195,Smartphone,Flipkart,oppo find x,64195.0
Oppo Find X7,59139,Smartphone,Amazon,oppo find x,59139.0
Oppo Find X7,63893,Smartphone,Flipkart,oppo find x,63893.0
Oppo Find X7 - White,61308,Smartphone,Amazon,oppo find x white,61308.0
Oppo Find X7 - White,65527,Smartphone,Flipkart,oppo find x white,65527.0
Oppo Find X7,60213,Smartphone,Amazon,oppo find x,60213.0
Oppo Find X7,65423,Smartphone,Flipkart,oppo find x,65423.0
Vivo X100,53680,Smartphone,Amazon,vivo x,53680.0
Vivo X100,59663,Smartphone,Flipkart,vivo x,59663.0
Vivo X100,54641,Smartphone,Amazon,vivo x,54641.0
Vivo X100,61695,Smartphone,Flipkart,vivo x,61695.0
Vivo X100 - Purple,54598,Smartphone,Amazon,vivo x purple,54598.0
Vivo X100 - Purple,59085,Smartphone,Flipkart,vivo x purple,59085.0
Vivo X100 - Purple,55852,Smartphone,Amazon,vivo x purple,55852.0
Vivo X100 - Purple,61920,Smartphone,Flipkart,vivo x purple,61920.0
Vivo X100 - Black,54214,Smartphone,Amazon,vivo x black,54214.0
Vivo X100 - Black,58890,Smartphone,Flipkart,vivo x black,58890.0
Vivo X100,53204,Smartphone,Amazon,vivo x,53204.0
Vivo X100,60391,Smartphone,Flipkart,vivo x,60391.0
Realme 12 Pro - Silver,27231,Smartphone,Amazon,realme pro silver,27231.0
Realme 12 Pro - Silver,33934,Smartphone,Flipkart,realme pro silver,33934.0
Realme 12 Pro - Green,27277,Smartphone,Amazon,realme pro green,27277.0
Realme 12 Pro - Green,32764,Smartphone,Flipkart,realme pro green,32764.0
Realme 12 Pro,30645,Smartphone,Amazon,realme pro,30645.0
Realme 12 Pro,32332,Smartphone,Flipkart,realme pro,32332.0
Realme 12 Pro,29535,Smartphone,Amazon,realme pro,29535.0
Realme 12 Pro,30334,Smartphone,Flipkart,realme pro,30334.0
Realme 12 Pro - Gold,29140,Smartphone,Amazon,realme pro gold,29140.0
Realme 12 Pro - Gold,31294,Smartphone,Flipkart,realme pro gold,31294.0
Realme 12 Pro,27976,Smartphone,Amazon,realme pro,27976.0
Realme 12 Pro,31086,Smartphone,Flipkart,realme pro,31086.0
Samsung Galaxy A55 - White,33294,Smartphone,Amazon,samsung galaxy a white,33294.0
Samsung Galaxy A55 - White,38804,Smartphone,Flipkart,samsung galaxy a white,38804.0
Samsung Galaxy A55 - White,34543,Smartphone,Amazon,samsung galaxy a white,34543.0
Samsung Galaxy A55 - White,37305,Smartphone,Flipkart,samsung galaxy a white,37305.0
Samsung Galaxy A55,34071,Smartphone,Amazon,samsung galaxy a,34071.0
Samsung Galaxy A55,36085,Smartphone,Flipkart,samsung galaxy a,36085.0
Samsung Galaxy A55,32280,Smartphone,Amazon,samsung galaxy a,32280.0
Samsung Galaxy A55,38600,Smartphone,Flipkart,samsung galaxy a,38600.0
Samsung Galaxy A55 - Blue,33793,Smartphone,Amazon,samsung galaxy a blue,33793.0
Samsung Galaxy A55 - Blue,38414,Smartphone,Flipkart,samsung galaxy a blue,38414.0
Samsung Galaxy A55 - Blue,34165,Smartphone,Amazon,samsung galaxy a blue,34165.0
Samsung Galaxy A55 - Blue,35031,Smartphone,Flipkart,samsung galaxy a blue,35031.0
Samsung Galaxy A55,35844,Smartphone,Amazon,samsung galaxy a,35844.0
Samsung Galaxy A55,38595,Smartphone,Flipkart,samsung galaxy a,38595.0
Samsung Galaxy A55 - Blue,32437,Smartphone,Amazon,samsung galaxy a blue,32437.0
Samsung Galaxy A55 - Blue,38039,Smartphone,Flipkart,samsung galaxy a blue,38039.0
Motorola Edge 50,28938,Smartphone,Amazon,motorola edge,28938.0
Motorola Edge 50,30403,Smartphone,Flipkart,motorola edge,30403.0
Motorola Edge 50,28069,Smartphone,Amazon,motorola edge,28069.0
Motorola Edge 50,31000,Smartphone,Flipkart,motorola edge,31000.0
Motorola Edge 50,26377,Smartphone,Amazon,motorola edge,26377.0
Motorola Edge 50,31597,Smartphone,Flipkart,motorola edge,31597.0
Motorola Edge 50 - Blue,26013,Smartphone,Amazon,motorola edge blue,26013.0
Motorola Edge 50 - Blue,30365,Smartphone,Flipkart,motorola edge blue,30365.0
Motorola Edge 50 - Black,27808,Smartphone,Amazon,motorola edge black,27808.0
Motorola Edge 50 - Black,31258,Smartphone,Flipkart,motorola edge black,31258.0
Motorola Edge 50 - Silver,29869,Smartphone,Amazon,motorola edge silver,29869.0
Motorola Edge 50 - Silver,32616,Smartphone,Flipkart,motorola edge silver,32616.0
Nothing Phone 2a,24384,Smartphone,Amazon,nothing phone a,24384.0
Nothing Phone 2a,27262,Smartphone,Flipkart,nothing phone a,27262.0
Nothing Phone 2a - Black,23261,Smartphone,Amazon,nothing phone a black,23261.0
Nothing Phone 2a - Black,26492,Smartphone,Flipkart,nothing phone a black,26492.0
Nothing Phone 2a - Red,24792,Smartphone,Amazon,nothing phone a red,24792.0
Nothing Phone 2a - Red,26021,Smartphone,Flipkart,nothing phone a red,26021.0
Nothing Phone 2a - Gold,25987,Smartphone,Amazon,nothing phone a gold,25987.0
Nothing Phone 2a - Gold,27541,Smartphone,Flipkart,nothing phone a gold,27541.0
Nothing Phone 2a,25609,Smartphone,Amazon,nothing phone a,25609.0
Nothing Phone 2a,26687,Smartphone,Flipkart,nothing phone a,26687.0
Nothing Phone 2a,25203,Smartphone,Amazon,nothing phone a,25203.0
Nothing Phone 2a,28811,Smartphone,Flipkart,nothing phone a,28811.0
Nothing Phone 2a - White,23091,Smartphone,Amazon,nothing phone a white,23091.0
Nothing Phone 2a - White,25651,Smartphone,Flipkart,nothing phone a white,25651.0
Poco X6 Pro,27515,Smartphone,Amazon,poco x pro,27515.0
Poco X6 Pro,28926,Smartphone,Flipkart,poco x pro,28926.0
Poco X6 Pro - Gold,25431,Smartphone,Amazon,poco x pro gold,25431.0
Poco X6 Pro - Gold,28249,Smartphone,Flipkart,poco x pro gold,28249.0
Poco X6 Pro,26702,Smartphone,Amazon,poco x pro,26702.0
Poco X6 Pro,27790,Smartphone,Flipkart,poco x pro,27790.0
Poco X6 Pro - Red,24283,Smartphone,Amazon,poco x pro red,24283.0
Poco X6 Pro - Red,30959,Smartphone,Flipkart,poco x pro red,30959.0
Poco X6 Pro - Black,26782,Smartphone,Amazon,poco x pro black,26782.0
Poco X6 Pro - Black,30454,Smartphone,Flipkart,poco x pro black,30454.0
iQOO 12 - Blue,48730,Smartphone,Amazon,iqoo blue,48730.0
iQOO 12 - Blue,53377,Smartphone,Flipkart,iqoo blue,53377.0
iQOO 12,50442,Smartphone,Amazon,iqoo,50442.0
iQOO 12,52778,Smartphone,Flipkart,iqoo,52778.0
iQOO 12,50482,Smartphone,Amazon,iqoo,50482.0
iQOO 12,53093,Smartphone,Flipkart,iqoo,53093.0
iQOO 12 - Black,49042,Smartphone,Amazon,iqoo black,49042.0
iQOO 12 - Black,51180,Smartphone,Flipkart,iqoo black,51180.0
iQOO 12 - Gold,51302,Smartphone,Amazon,iqoo gold,51302.0
iQOO 12 - Gold,53204,Smartphone,Flipkart,iqoo gold,53204.0
iQOO 12 - Red,48285,Smartphone,Amazon,iqoo red,48285.0
iQOO 12 - Red,54885,Smartphone,Flipkart,iqoo red,54885.0
iQOO 12 - Blue,51472,Smartphone,Amazon,iqoo blue,51472.0
iQOO 12 - Blue,51509,Smartphone,Flipkart,iqoo blue,51509.0
Samsung Galaxy S24 Ultra,149671,Smartphone,Amazon,samsung galaxy s ultra,149671.0
Samsung Galaxy S24 Ultra,154335,Smartphone,Flipkart,samsung galaxy s ultra,154335.0
Samsung Galaxy S24 Ultra,148520,Smartphone,Amazon,samsung galaxy s ultra,148520.0
Samsung Galaxy S24 Ultra,153784,Smartphone,Flipkart,samsung galaxy s ultra,153784.0
Samsung Galaxy S24 Ultra,151063,Smartphone,Amazon,samsung galaxy s ultra,151063.0
Samsung Galaxy S24 Ultra,156696,Smartphone,Flipkart,samsung galaxy s ultra,156696.0
Samsung Galaxy S24 Ultra - Blue,149662,Smartphone,Amazon,samsung galaxy s ultra blue,149662.0
Samsung Galaxy S24 Ultra - Blue,155243,Smartphone,Flipkart,samsung galaxy s ultra blue,155243.0
Samsung Galaxy S24 Ultra - Red,149759,Smartphone,Amazon,samsung galaxy s ultra red,149759.0
Samsung Galaxy S24 Ultra - Red,156217,Smartphone,Flipkart,samsung galaxy s ultra red,156217.0
Samsung Galaxy S24 Ultra,149810,Smartphone,Amazon,samsung galaxy s ultra,149810.0
Samsung Galaxy S24 Ultra,155766,Smartphone,Flipkart,samsung galaxy s ultra,155766.0
Samsung Galaxy S24 Ultra - Silver,151690,Smartphone,Amazon,samsung galaxy s ultra silver,151690.0
Samsung Galaxy S24 Ultra - Silver,156930,Smartphone,Flipkart,samsung galaxy s ultra silver,156930.0
Samsung Galaxy S24 Ultra - Red,150110,Smartphone,Amazon,samsung galaxy s ultra red,150110.0
Samsung Galaxy S24 Ultra - Red,155718,Smartphone,Flipkart,samsung galaxy s ultra red,155718.0
Samsung Galaxy S24 Ultra,151898,Smartphone,Amazon,samsung galaxy s ultra,151898.0
Samsung Galaxy S24 Ultra,156075,Smartphone,Flipkart,samsung galaxy s ultra,156075.0
Samsung Galaxy S24 Ultra,151302,Smartphone,Amazon,samsung galaxy s ultra,151302.0
Samsung Galaxy S24 Ultra,153814,Smartphone,Flipkart,samsung galaxy s ultra,153814.0
iPhone 15 - Purple,80502,Smartphone,Amazon,iphone purple,80502.0
iPhone 15 - Purple,86479,Smartphone,Flipkart,iphone purple,86479.0
iPhone 15,80578,Smartphone,Amazon,iphone,80578.0
iPhone 15,85356,Smartphone,Flipkart,iphone,85356.0
iPhone 15,79635,Smartphone,Amazon,iphone,79635.0
iPhone 15,83998,Smartphone,Flipkart,iphone,83998.0
iPhone 15,81187,Smartphone,Amazon,iphone,81187.0
iPhone 15,84740,Smartphone,Flipkart,iphone,84740.0
iPhone 15 - White,79901,Smartphone,Amazon,iphone white,79901.0
iPhone 15 - White,83204,Smartphone,Flipkart,iphone white,83204.0
iPhone 15 - Red,81281,Smartphone,Amazon,iphone red,81281.0
iPhone 15 - Red,84902,Smartphone,Flipkart,iphone red,84902.0
iPhone 15 - Green,80508,Smartphone,Amazon,iphone green,80508.0
iPhone 15 - Green,86337,Smartphone,Flipkart,iphone green,86337.0
iPhone 15,79825,Smartphone,Amazon,iphone,79825.0
iPhone 15,86673,Smartphone,Flipkart,iphone,86673.0
Dell XPS 13 - Blue,101078,Laptop,Amazon,dell xps blue,101078.0
Dell XPS 13 - Blue,104011,Laptop,Flipkart,dell xps blue,104011.0
Dell XPS 13,99983,Laptop,Amazon,dell xps,99983.0
Dell XPS 13,105566,Laptop,Flipkart,dell xps,105566.0
Dell XPS 13,100921,Laptop,Amazon,dell xps,100921.0
Dell XPS 13,104169,Laptop,Flipkart,dell xps,104169.0
Dell XPS 13,101656,Laptop,Amazon,dell xps,101656.0
Dell XPS 13,105211,Laptop,Flipkart,dell xps,105211.0
Dell XPS 13,99567,Laptop,Amazon,dell xps,99567.0
Dell XPS 13,105841,Laptop,Flipkart,dell xps,105841.0
Dell XPS 13,99698,Laptop,Amazon,dell xps,99698.0
Dell XPS 13,104668,Laptop,Flipkart,dell xps,104668.0
Dell XPS 13 - Green,98254,Laptop,Amazon,dell xps green,98254.0
Dell XPS 13 - Green,103846,Laptop,Flipkart,dell xps green,103846.0
HP Pavilion 15 - Green,44079,Laptop,Amazon,hp pavilion green,44079.0
HP Pavilion 15 - Green,51508,Laptop,Flipkart,hp pavilion green,51508.0
HP Pavilion 15,47860,Laptop,Amazon,hp pavilion,47860.0
HP Pavilion 15,49439,Laptop,Flipkart,hp pavilion,49439.0
HP Pavilion 15 - Gold,47651,Laptop,Amazon,hp pavilion gold,47651.0
HP Pavilion 15 - Gold,51904,Laptop,Flipkart,hp pavilion gold,51904.0
HP Pavilion 15,45116,Laptop,Amazon,hp pavilion,45116.0
HP Pavilion 15,49784,Laptop,Flipkart,hp pavilion,49784.0
HP Pavilion 15 - Silver,46738,Laptop,Amazon,hp pavilion silver,46738.0
HP Pavilion 15 - Silver,50780,Laptop,Flipkart,hp pavilion silver,50780.0
HP Pavilion 15,46547,Laptop,Amazon,hp pavilion,46547.0
HP Pavilion 15,50186,Laptop,Flipkart,hp pavilion,50186.0
HP Pavilion 15,46310,Laptop,Amazon,hp pavilion,46310.0
HP Pavilion 15,50714,Laptop,Flipkart,hp pavilion,50714.0
HP Pavilion 15,47549,Laptop,Amazon,hp pavilion,47549.0
HP Pavilion 15,49890,Laptop,Flipkart,hp pavilion,49890.0
HP Pavilion 15,45339,Laptop,Amazon,hp pavilion,45339.0
HP Pavilion 15,48865,Laptop,Flipkart,hp pavilion,48865.0
HP Pavilion 15,47602,Laptop,Amazon,hp pavilion,47602.0
HP Pavilion 15,49551,Laptop,Flipkart,hp pavilion,49551.0
Lenovo ThinkPad E15,61418,Laptop,Amazon,lenovo thinkpad e,61418.0
Lenovo ThinkPad E15,62334,Laptop,Flipkart,lenovo thinkpad e,62334.0
Lenovo ThinkPad E15,61898,Laptop,Amazon,lenovo thinkpad e,61898.0
Lenovo ThinkPad E15,63432,Laptop,Flipkart,lenovo thinkpad e,63432.0
Lenovo ThinkPad E15,61920,Laptop,Amazon,lenovo thinkpad e,61920.0
Lenovo ThinkPad E15,64668,Laptop,Flipkart,lenovo thinkpad e,64668.0
Lenovo ThinkPad E15 - Silver,59011,Laptop,Amazon,lenovo thinkpad e silver,59011.0
Lenovo ThinkPad E15 - Silver,62815,Laptop,Flipkart,lenovo thinkpad e silver,62815.0
Lenovo ThinkPad E15,59938,Laptop,Amazon,lenovo thinkpad e,59938.0
Lenovo ThinkPad E15,64741,Laptop,Flipkart,lenovo thinkpad e,64741.0
Lenovo ThinkPad E15 - Silver,60864,Laptop,Amazon,lenovo thinkpad e silver,60864.0
Lenovo ThinkPad E15 - Silver,63048,Laptop,Flipkart,lenovo thinkpad e silver,63048.0
Lenovo ThinkPad E15,61184,Laptop,Amazon,lenovo thinkpad e,61184.0
Lenovo ThinkPad E15,65354,Laptop,Flipkart,lenovo thinkpad e,65354.0
MacBook Air M3,118104,Laptop,Amazon,macbook air m,118104.0
MacBook Air M3,126803,Laptop,Flipkart,macbook air m,126803.0
MacBook Air M3 - White,119623,Laptop,Amazon,macbook air m white,119623.0
MacBook Air M3 - White,126855,Laptop,Flipkart,macbook air m white,126855.0
MacBook Air M3,121401,Laptop,Amazon,macbook air m,121401.0
MacBook Air M3,125568,Laptop,Flipkart,macbook air m,125568.0
MacBook Air M3 - White,121481,Laptop,Amazon,macbook air m white,121481.0
MacBook Air M3 - White,125801,Laptop,Flipkart,macbook air m white,125801.0
MacBook Air M3,121204,Laptop,Amazon,macbook air m,121204.0
MacBook Air M3,123167,Laptop,Flipkart,macbook air m,123167.0
MacBook Air M3 - Red,119516,Laptop,Amazon,macbook air m red,119516.0
MacBook Air M3 - Red,123281,Laptop,Flipkart,macbook air m red,123281.0
MacBook Air M3,119719,Laptop,Amazon,macbook air m,119719.0
MacBook Air M3,126367,Laptop,Flipkart,macbook air m,126367.0
MacBook Air M3 - Purple,119482,Laptop,Amazon,macbook air m purple,119482.0
MacBook Air M3 - Purple,125602,Laptop,Flipkart,macbook air m purple,125602.0
MacBook Air M3 - Blue,118720,Laptop,Amazon,macbook air m blue,118720.0
MacBook Air M3 - Blue,126004,Laptop,Flipkart,macbook air m blue,126004.0
ASUS VivoBook 15 - Blue,35903,Laptop,Amazon,asus vivobook blue,35903.0
ASUS VivoBook 15 - Blue,39783,Laptop,Flipkart,asus vivobook blue,39783.0
ASUS VivoBook 15 - Blue,35004,Laptop,Amazon,asus vivobook blue,35004.0
ASUS VivoBook 15 - Blue,41401,Laptop,Flipkart,asus vivobook blue,41401.0
ASUS VivoBook 15 - Green,37072,Laptop,Amazon,asus vivobook green,37072.0
ASUS VivoBook 15 - Green,39902,Laptop,Flipkart,asus vivobook green,39902.0
ASUS VivoBook 15,36023,Laptop,Amazon,asus vivobook,36023.0
ASUS VivoBook 15,41484,Laptop,Flipkart,asus vivobook,41484.0
ASUS VivoBook 15,35452,Laptop,Amazon,asus vivobook,35452.0
ASUS VivoBook 15,41266,Laptop,Flipkart,asus vivobook,41266.0
ASUS VivoBook 15 - Black,36440,Laptop,Amazon,asus vivobook black,36440.0
ASUS VivoBook 15 - Black,40871,Laptop,Flipkart,asus vivobook black,40871.0
ASUS VivoBook 15,34781,Laptop,Amazon,asus vivobook,34781.0
ASUS VivoBook 15,38349,Laptop,Flipkart,asus vivobook,38349.0
ASUS VivoBook 15,36273,Laptop,Amazon,asus vivobook,36273.0
ASUS VivoBook 15,41104,Laptop,Flipkart,asus vivobook,41104.0
Acer Aspire 5 - White,43009,Laptop,Amazon,acer aspire white,43009.0
Acer Aspire 5 - White,46834,Laptop,Flipkart,acer aspire white,46834.0
Acer Aspire 5,42655,Laptop,Amazon,acer aspire,42655.0
Acer Aspire 5,47832,Laptop,Flipkart,acer aspire,47832.0
Acer Aspire 5 - Green,42937,Laptop,Amazon,acer aspire green,42937.0
Acer Aspire 5 - Green,47266,Laptop,Flipkart,acer aspire green,47266.0
Acer Aspire 5 - Blue,42353,Laptop,Amazon,acer aspire blue,42353.0
Acer Aspire 5 - Blue,46440,Laptop,Flipkart,acer aspire blue,46440.0
Acer Aspire 5 - Red,41943,Laptop,Amazon,acer aspire red,41943.0
Acer Aspire 5 - Red,45493,Laptop,Flipkart,acer aspire red,45493.0
Acer Aspire 5 - Silver,43193,Laptop,Amazon,acer aspire silver,43193.0
Acer Aspire 5 - Silver,48893,Laptop,Flipkart,acer aspire silver,48893.0
Acer Aspire 5,44024,Laptop,Amazon,acer aspire,44024.0
Acer Aspire 5,46982,Laptop,Flipkart,acer aspire,46982.0
Acer Aspire 5 - White,44112,Laptop,Amazon,acer aspire white,44112.0
Acer Aspire 5 - White,47147,Laptop,Flipkart,acer aspire white,47147.0
Acer Aspire 5,41930,Laptop,Amazon,acer aspire,41930.0
Acer Aspire 5,46477,Laptop,Flipkart,acer aspire,46477.0
Acer Aspire 5,43186,Laptop,Amazon,acer aspire,43186.0
Acer Aspire 5,45517,Laptop,Flipkart,acer aspire,45517.0
HP Envy 13,75855,Laptop,Amazon,hp envy,75855.0
HP Envy 13,81865,Laptop,Flipkart,hp envy,81865.0
HP Envy 13,73419,Laptop,Amazon,hp envy,73419.0
HP Envy 13,81573,Laptop,Flipkart,hp envy,81573.0
HP Envy 13,74959,Laptop,Amazon,hp envy,74959.0
HP Envy 13,79803,Laptop,Flipkart,hp envy,79803.0
HP Envy 13,76853,Laptop,Amazon,hp envy,76853.0
HP Envy 13,81528,Laptop,Flipkart,hp envy,81528.0
HP Envy 13 - Black,75013,Laptop,Amazon,hp envy black,75013.0
HP Envy 13 - Black,78302,Laptop,Flipkart,hp envy black,78302.0
HP Envy 13 - White,76321,Laptop,Amazon,hp envy white,76321.0
HP Envy 13 - White,80304,Laptop,Flipkart,hp envy white,80304.0
HP Envy 13,75284,Laptop,Amazon,hp envy,75284.0
HP Envy 13,81130,Laptop,Flipkart,hp envy,81130.0
Lenovo IdeaPad Slim 5 - Purple,51923,Laptop,Amazon,lenovo ideapad slim purple,51923.0
Lenovo IdeaPad Slim 5 - Purple,58176,Laptop,Flipkart,lenovo ideapad slim purple,58176.0
Lenovo IdeaPad Slim 5 - Blue,54522,Laptop,Amazon,lenovo ideapad slim blue,54522.0
Lenovo IdeaPad Slim 5 - Blue,57409,Laptop,Flipkart,lenovo ideapad slim blue,57409.0
Lenovo IdeaPad Slim 5 - White,51245,Laptop,Amazon,lenovo ideapad slim white,51245.0
Lenovo IdeaPad Slim 5 - White,57496,Laptop,Flipkart,lenovo ideapad slim white,57496.0
Lenovo IdeaPad Slim 5,53561,Laptop,Amazon,lenovo ideapad slim,53561.0
Lenovo IdeaPad Slim 5,55863,Laptop,Flipkart,lenovo ideapad slim,55863.0
Lenovo IdeaPad Slim 5 - Silver,51981,Laptop,Amazon,lenovo ideapad slim silver,51981.0
Lenovo IdeaPad Slim 5 - Silver,55710,Laptop,Flipkart,lenovo ideapad slim silver,55710.0
Lenovo IdeaPad Slim 5 - Blue,52844,Laptop,Amazon,lenovo ideapad slim blue,52844.0
Lenovo IdeaPad Slim 5 - Blue,57822,Laptop,Flipkart,lenovo ideapad slim blue,57822.0
Lenovo IdeaPad Slim 5,52179,Laptop,Amazon,lenovo ideapad slim,52179.0
Lenovo IdeaPad Slim 5,57894,Laptop,Flipkart,lenovo ideapad slim,57894.0
Lenovo IdeaPad Slim 5 - Gold,53814,Laptop,Amazon,lenovo ideapad slim gold,53814.0
Lenovo IdeaPad Slim 5 - Gold,55955,Laptop,Flipkart,lenovo ideapad slim gold,55955.0
Lenovo IdeaPad Slim 5 - Blue,53229,Laptop,Amazon,lenovo ideapad slim blue,53229.0
Lenovo IdeaPad Slim 5 - Blue,55919,Laptop,Flipkart,lenovo ideapad slim blue,55919.0
Dell Inspiron 15,37678,Laptop,Amazon,dell inspiron,37678.0
Dell Inspiron 15,44245,Laptop,Flipkart,dell inspiron,44245.0
Dell Inspiron 15,40772,Laptop,Amazon,dell inspiron,40772.0
Dell Inspiron 15,42181,Laptop,Flipkart,dell inspiron,42181.0
Dell Inspiron 15,38244,Laptop,Amazon,dell inspiron,38244.0
Dell Inspiron 15,43865,Laptop,Flipkart,dell inspiron,43865.0
Dell Inspiron 15,39210,Laptop,Amazon,dell inspiron,39210.0
Dell Inspiron 15,43021,Laptop,Flipkart,dell inspiron,43021.0
Dell Inspiron 15 - Blue,40642,Laptop,Amazon,dell inspiron blue,40642.0
Dell Inspiron 15 - Blue,42768,Laptop,Flipkart,dell inspiron blue,42768.0
ASUS TUF Gaming F15 - Black,91938,Laptop,Amazon,asus tuf gaming f black,91938.0
ASUS TUF Gaming F15 - Black,95760,Laptop,Flipkart,asus tuf gaming f black,95760.0
ASUS TUF Gaming F15 - Silver,91363,Laptop,Amazon,asus tuf gaming f silver,91363.0
ASUS TUF Gaming F15 - Silver,94102,Laptop,Flipkart,asus tuf gaming f silver,94102.0
ASUS TUF Gaming F15 - Silver,90667,Laptop,Amazon,asus tuf gaming f silver,90667.0
ASUS TUF Gaming F15 - Silver,94810,Laptop,Flipkart,asus tuf gaming f silver,94810.0
ASUS TUF Gaming F15,90599,Laptop,Amazon,asus tuf gaming f,90599.0
ASUS TUF Gaming F15,96334,Laptop,Flipkart,asus tuf gaming f,96334.0
ASUS TUF Gaming F15,89424,Laptop,Amazon,asus tuf gaming f,89424.0
ASUS TUF Gaming F15,94671,Laptop,Flipkart,asus tuf gaming f,94671.0
ASUS TUF Gaming F15 - Blue,89349,Laptop,Amazon,asus tuf gaming f blue,89349.0
ASUS TUF Gaming F15 - Blue,94685,Laptop,Flipkart,asus tuf gaming f blue,94685.0
MSI Bravo 15,78149,Laptop,Amazon,msi bravo,78149.0
MSI Bravo 15,84861,Laptop,Flipkart,msi bravo,84861.0
MSI Bravo 15 - Black,78473,Laptop,Amazon,msi bravo black,78473.0
MSI Bravo 15 - Black,86972,Laptop,Flipkart,msi bravo black,86972.0
MSI Bravo 15,79891,Laptop,Amazon,msi bravo,79891.0
MSI Bravo 15,84691,Laptop,Flipkart,msi bravo,84691.0
MSI Bravo 15,80549,Laptop,Amazon,msi bravo,80549.0
MSI Bravo 15,86097,Laptop,Flipkart,msi bravo,86097.0
MSI Bravo 15,78210,Laptop,Amazon,msi bravo,78210.0
MSI Bravo 15,83832,Laptop,Flipkart,msi bravo,83832.0
MSI Bravo 15 - Purple,79178,Laptop,Amazon,msi bravo purple,79178.0
MSI Bravo 15 - Purple,84793,Laptop,Flipkart,msi bravo purple,84793.0
MSI Bravo 15 - Gold,81985,Laptop,Amazon,msi bravo gold,81985.0
MSI Bravo 15 - Gold,85579,Laptop,Flipkart,msi bravo gold,85579.0
MSI Bravo 15 - White,80255,Laptop,Amazon,msi bravo white,80255.0
MSI Bravo 15 - White,83055,Laptop,Flipkart,msi bravo white,83055.0
MSI Bravo 15,81445,Laptop,Amazon,msi bravo,81445.0
MSI Bravo 15,86738,Laptop,Flipkart,msi bravo,86738.0
Razer Blade 15 - Blue,190040,Laptop,Amazon,razer blade blue,190040.0
Razer Blade 15 - Blue,201819,Laptop,Flipkart,razer blade blue,201819.0
Razer Blade 15,189975,Laptop,Amazon,razer blade,189975.0
Razer Blade 15,199933,Laptop,Flipkart,razer blade,199933.0
Razer Blade 15 - Silver,189570,Laptop,Amazon,razer blade silver,189570.0
Razer Blade 15 - Silver,198779,Laptop,Flipkart,razer blade silver,198779.0
Razer Blade 15 - Red,191163,Laptop,Amazon,razer blade red,191163.0
Razer Blade 15 - Red,201234,Laptop,Flipkart,razer blade red,201234.0
Razer Blade 15,189093,Laptop,Amazon,razer blade,189093.0
Razer Blade 15,201359,Laptop,Flipkart,razer blade,201359.0
Razer Blade 15,190374,Laptop,Amazon,razer blade,190374.0
Razer Blade 15,200702,Laptop,Flipkart,razer blade,200702.0
MacBook Pro 14,189982,Laptop,Amazon,macbook pro,189982.0
MacBook Pro 14,194412,Laptop,Flipkart,macbook pro,194412.0
MacBook Pro 14,189864,Laptop,Amazon,macbook pro,189864.0
MacBook Pro 14,196819,Laptop,Flipkart,macbook pro,196819.0
MacBook Pro 14 - Gold,190855,Laptop,Amazon,macbook pro gold,190855.0
MacBook Pro 14 - Gold,193977,Laptop,Flipkart,macbook pro gold,193977.0
MacBook Pro 14 - Green,188177,Laptop,Amazon,macbook pro green,188177.0
MacBook Pro 14 - Green,194302,Laptop,Flipkart,macbook pro green,194302.0
MacBook Pro 14 - Silver,190717,Laptop,Amazon,macbook pro silver,190717.0
MacBook Pro 14 - Silver,196244,Laptop,Flipkart,macbook pro silver,196244.0
MacBook Pro 14 - Red,188150,Laptop,Amazon,macbook pro red,188150.0
MacBook Pro 14 - Red,193516,Laptop,Flipkart,macbook pro red,193516.0
MacBook Pro 14 - Black,188407,Laptop,Amazon,macbook pro black,188407.0
MacBook Pro 14 - Black,195153,Laptop,Flipkart,macbook pro black,195153.0
MacBook Pro 14 - White,191566,Laptop,Amazon,macbook pro white,191566.0
MacBook Pro 14 - White,195680,Laptop,Flipkart,macbook pro white,195680.0
MacBook Pro 14,191968,Laptop,Amazon,macbook pro,191968.0
MacBook Pro 14,194084,Laptop,Flipkart,macbook pro,194084.0
Dell G15 - Green,86487,Laptop,Amazon,dell g green,86487.0
Dell G15 - Green,89344,Laptop,Flipkart,dell g green,89344.0
Dell G15 - Black,85942,Laptop,Amazon,dell g black,85942.0
Dell G15 - Black,91633,Laptop,Flipkart,dell g black,91633.0
Dell G15 - Gold,85584,Laptop,Amazon,dell g gold,85584.0
Dell G15 - Gold,90802,Laptop,Flipkart,dell g gold,90802.0
Dell G15 - White,83402,Laptop,Amazon,dell g white,83402.0
Dell G15 - White,91113,Laptop,Flipkart,dell g white,91113.0
Dell G15 - Black,85841,Laptop,Amazon,dell g black,85841.0
Dell G15 - Black,89225,Laptop,Flipkart,dell g black,89225.0
HP Victus 15,87200,Laptop,Amazon,hp victus,87200.0
HP Victus 15,92467,Laptop,Flipkart,hp victus,92467.0
HP Victus 15 - Silver,88174,Laptop,Amazon,hp victus silver,88174.0
HP Victus 15 - Silver,92686,Laptop,Flipkart,hp victus silver,92686.0
HP Victus 15 - Gold,86322,Laptop,Amazon,hp victus gold,86322.0
HP Victus 15 - Gold,93495,Laptop,Flipkart,hp victus gold,93495.0
HP Victus 15,88387,Laptop,Amazon,hp victus,88387.0
HP Victus 15,91585,Laptop,Flipkart,hp victus,91585.0
HP Victus 15,87044,Laptop,Amazon,hp victus,87044.0
HP Victus 15,93730,Laptop,Flipkart,hp victus,93730.0
Sony WH-1000XM5,28237,Headphones,Amazon,sony whxm,28237.0
Sony WH-1000XM5,28646,Headphones,Flipkart,sony whxm,28646.0
Sony WH-1000XM5 - Blue,27224,Headphones,Amazon,sony whxm blue,27224.0
Sony WH-1000XM5 - Blue,30616,Headphones,Flipkart,sony whxm blue,30616.0
Sony WH-1000XM5 - Purple,27236,Headphones,Amazon,sony whxm purple,27236.0
Sony WH-1000XM5 - Purple,28814,Headphones,Flipkart,sony whxm purple,28814.0
Sony WH-1000XM5,27561,Headphones,Amazon,sony whxm,27561.0
Sony WH-1000XM5,30341,Headphones,Flipkart,sony whxm,30341.0
Sony WH-1000XM5,28863,Headphones,Amazon,sony whxm,28863.0
Sony WH-1000XM5,29208,Headphones,Flipkart,sony whxm,29208.0
Sony WH-1000XM5 - Black,27123,Headphones,Amazon,sony whxm black,27123.0
Sony WH-1000XM5 - Black,28032,Headphones,Flipkart,sony whxm black,28032.0
Sony WH-1000XM5 - Gold,29410,Headphones,Amazon,sony whxm gold,29410.0
Sony WH-1000XM5 - Gold,31702,Headphones,Flipkart,sony whxm gold,31702.0
Sony WH-1000XM5,26896,Headphones,Amazon,sony whxm,26896.0
Sony WH-1000XM5,30606,Headphones,Flipkart,sony whxm,30606.0
Sony WH-1000XM5 - Silver,29093,Headphones,Amazon,sony whxm silver,29093.0
Sony WH-1000XM5 - Silver,30951,Headphones,Flipkart,sony whxm silver,30951.0
Sony WH-1000XM5,28160,Headphones,Flipkart,sony whxm,28160.0
Bose QuietComfort 45,34493,Headphones,Amazon,bose quietcomfort,34493.0
Bose QuietComfort 45,37998,Headphones,Flipkart,bose quietcomfort,37998.0
Bose QuietComfort 45,36060,Headphones,Amazon,bose quietcomfort,36060.0
Bose QuietComfort 45,36700,Headphones,Flipkart,bose quietcomfort,36700.0
Bose QuietComfort 45 - Blue,35208,Headphones,Amazon,bose quietcomfort blue,35208.0
Bose QuietComfort 45 - Blue,38588,Headphones,Flipkart,bose quietcomfort blue,38588.0
Bose QuietComfort 45 - Blue,36742,Headphones,Amazon,bose quietcomfort blue,36742.0
Bose QuietComfort 45 - Blue,38376,Headphones,Flipkart,bose quietcomfort blue,38376.0
Bose QuietComfort 45,36293,Headphones,Amazon,bose quietcomfort,36293.0
Bose QuietComfort 45,35470,Headphones,Flipkart,bose quietcomfort,35470.0
Bose QuietComfort 45,36088,Headphones,Amazon,bose quietcomfort,36088.0
Bose QuietComfort 45,38957,Headphones,Flipkart,bose quietcomfort,38957.0
Bose QuietComfort 45 - Red,34626,Headphones,Amazon,bose quietcomfort red,34626.0
Bose QuietComfort 45 - Red,38960,Headphones,Flipkart,bose quietcomfort red,38960.0
Bose QuietComfort 45,34615,Headphones,Amazon,bose quietcomfort,34615.0
Bose QuietComfort 45,35056,Headphones,Flipkart,bose quietcomfort,35056.0
Bose QuietComfort 45 - Blue,34508,Headphones,Amazon,bose quietcomfort blue,34508.0
Bose QuietComfort 45 - Blue,37754,Headphones,Flipkart,bose quietcomfort blue,37754.0
Apple AirPods Pro 2,26850,Headphones,Amazon,apple airpods pro,26850.0
Apple AirPods Pro 2,26520,Headphones,Flipkart,apple airpods pro,26520.0
Apple AirPods Pro 2 - Red,23101,Headphones,Amazon,apple airpods pro red,23101.0
Apple AirPods Pro 2 - Red,27536,Headphones,Flipkart,apple airpods pro red,27536.0
Apple AirPods Pro 2 - Purple,25651,Headphones,Amazon,apple airpods pro purple,25651.0
Apple AirPods Pro 2 - Purple,25257,Headphones,Flipkart,apple airpods pro purple,25257.0
Apple AirPods Pro 2,25658,Headphones,Amazon,apple airpods pro,25658.0
Apple AirPods Pro 2,26671,Headphones,Flipkart,apple airpods pro,26671.0
Apple AirPods Pro 2 - White,23151,Headphones,Amazon,apple airpods pro white,23151.0
Apple AirPods Pro 2 - White,26245,Headphones,Flipkart,apple airpods pro white,26245.0
Apple AirPods Pro 2,26633,Headphones,Amazon,apple airpods pro,26633.0
Apple AirPods Pro 2,27200,Headphones,Flipkart,apple airpods pro,27200.0
Apple AirPods Pro 2 - Green,25745,Headphones,Amazon,apple airpods pro green,25745.0
Apple AirPods Pro 2 - Green,28887,Headphones,Flipkart,apple airpods pro green,28887.0
Apple AirPods Pro 2 - White,25975,Headphones,Amazon,apple airpods pro white,25975.0
Apple AirPods Pro 2 - White,25631,Headphones,Flipkart,apple airpods pro white,25631.0
Apple AirPods Pro 2 - Black,24670,Headphones,Amazon,apple airpods pro black,24670.0
Apple AirPods Pro 2 - Black,28845,Headphones,Flipkart,apple airpods pro black,28845.0
Apple AirPods Pro 2 - Red,24815,Headphones,Amazon,apple airpods pro red,24815.0
Apple AirPods Pro 2 - Red,26820,Headphones,Flipkart,apple airpods pro red,26820.0
JBL Flip 6 - Red,8503,Headphones,Amazon,jbl flip red,8503.0
JBL Flip 6 - Red,10229,Headphones,Flipkart,jbl flip red,10229.0
JBL Flip 6 - Purple,8129,Headphones,Amazon,jbl flip purple,8129.0
JBL Flip 6 - Purple,8776,Headphones,Flipkart,jbl flip purple,8776.0
JBL Flip 6 - Black,7867,Headphones,Amazon,jbl flip black,7867.0
JBL Flip 6 - Black,10627,Headphones,Flipkart,jbl flip black,10627.0
JBL Flip 6 - Gold,8365,Headphones,Amazon,jbl flip gold,8365.0
JBL Flip 6 - Gold,8996,Headphones,Flipkart,jbl flip gold,8996.0
JBL Flip 6,10133,Headphones,Amazon,jbl flip,10133.0
JBL Flip 6,10269,Headphones,Flipkart,jbl flip,10269.0
JBL Flip 6,10561,Headphones,Amazon,jbl flip,10561.0
JBL Flip 6,8953,Headphones,Flipkart,jbl flip,8953.0
JBL Flip 6,10687,Headphones,Amazon,jbl flip,10687.0
JBL Flip 6,10440,Headphones,Flipkart,jbl flip,10440.0
JBL Flip 6,7531,Headphones,Amazon,jbl flip,7531.0
JBL Flip 6,10211,Headphones,Flipkart,jbl flip,10211.0
JBL Flip 6,9706,Headphones,Amazon,jbl flip,9706.0
JBL Flip 6,11547,Headphones,Flipkart,jbl flip,11547.0
JBL Flip 6,10234,Headphones,Amazon,jbl flip,10234.0
JBL Flip 6,11228,Headphones,Flipkart,jbl flip,11228.0
Boat Rockerz 450,1085,Headphones,Amazon,boat rockerz,1085.0
Boat Rockerz 450,713,Headphones,Flipkart,boat rockerz,713.0
Boat Rockerz 450,464,Headphones,Amazon,boat rockerz,464.0
Boat Rockerz 450,3553,Headphones,Flipkart,boat rockerz,3553.0
Boat Rockerz 450 - Purple,1481,Headphones,Amazon,boat rockerz purple,1481.0
Boat Rockerz 450 - Purple,2601,Headphones,Flipkart,boat rockerz purple,2601.0
Boat Rockerz 450,3871,Headphones,Amazon,boat rockerz,3871.0
Boat Rockerz 450,3018,Headphones,Flipkart,boat rockerz,3018.0
Boat Rockerz 450,2134,Headphones,Amazon,boat rockerz,2134.0
Boat Rockerz 450,1734,Headphones,Flipkart,boat rockerz,1734.0
Boat Rockerz 450,1960,Headphones,Amazon,boat rockerz,1960.0
Boat Rockerz 450,3969,Headphones,Flipkart,boat rockerz,3969.0
Sennheiser Momentum 4,41725,Headphones,Amazon,sennheiser momentum,41725.0
Sennheiser Momentum 4,42815,Headphones,Flipkart,sennheiser momentum,42815.0
Sennheiser Momentum 4,40490,Headphones,Amazon,sennheiser momentum,40490.0
Sennheiser Momentum 4,41606,Headphones,Flipkart,sennheiser momentum,41606.0
Sennheiser Momentum 4 - Red,40592,Headphones,Amazon,sennheiser momentum red,40592.0
Sennheiser Momentum 4 - Red,43396,Headphones,Flipkart,sennheiser momentum red,43396.0
Sennheiser Momentum 4,40445,Headphones,Amazon,sennheiser momentum,40445.0
Sennheiser Momentum 4,43172,Headphones,Flipkart,sennheiser momentum,43172.0
Sennheiser Momentum 4 - White,39761,Headphones,Amazon,sennheiser momentum white,39761.0
Sennheiser Momentum 4 - White,41405,Headphones,Flipkart,sennheiser momentum white,41405.0
Sennheiser Momentum 4 - Gold,41594,Headphones,Amazon,sennheiser momentum gold,41594.0
Sennheiser Momentum 4 - Gold,44148,Headphones,Flipkart,sennheiser momentum gold,44148.0
Sennheiser Momentum 4,41636,Headphones,Amazon,sennheiser momentum,41636.0
Sennheiser Momentum 4,41934,Headphones,Flipkart,sennheiser momentum,41934.0
Sennheiser Momentum 4,39702,Headphones,Amazon,sennheiser momentum,39702.0
Sennheiser Momentum 4,43987,Headphones,Flipkart,sennheiser momentum,43987.0
Sennheiser Momentum 4,40723,Headphones,Amazon,sennheiser momentum,40723.0
Sennheiser Momentum 4,42043,Headphones,Flipkart,sennheiser momentum,42043.0
Sennheiser Momentum 4,41779,Headphones,Amazon,sennheiser momentum,41779.0
Sennheiser Momentum 4,42941,Headphones,Flipkart,sennheiser momentum,42941.0
Beats Studio Pro - Silver,33394,Headphones,Amazon,beats studio pro silver,33394.0
Beats Studio Pro - Silver,39048,Headphones,Flipkart,beats studio pro silver,39048.0
Beats Studio Pro - Red,35401,Headphones,Amazon,beats studio pro red,35401.0
Beats Studio Pro - Red,39917,Headphones,Flipkart,beats studio pro red,39917.0
Beats Studio Pro - Green,34447,Headphones,Amazon,beats studio pro green,34447.0
Beats Studio Pro - Green,39577,Headphones,Flipkart,beats studio pro green,39577.0
Beats Studio Pro - Red,36965,Headphones,Amazon,beats studio pro red,36965.0
Beats Studio Pro - Red,37177,Headphones,Flipkart,beats studio pro red,37177.0
Beats Studio Pro,35077,Headphones,Amazon,beats studio pro,35077.0
Beats Studio Pro,36870,Headphones,Flipkart,beats studio pro,36870.0
Beats Studio Pro,36469,Headphones,Amazon,beats studio pro,36469.0
Beats Studio Pro,36442,Headphones,Flipkart,beats studio pro,36442.0
Beats Studio Pro,33469,Headphones,Amazon,beats studio pro,33469.0
Beats Studio Pro,39122,Headphones,Flipkart,beats studio pro,39122.0
Beats Studio Pro - Black,34756,Headphones,Amazon,beats studio pro black,34756.0
Beats Studio Pro - Black,39460,Headphones,Flipkart,beats studio pro black,39460.0
Philips Fidelio X3,22094,Headphones,Amazon,philips fidelio x,22094.0
Philips Fidelio X3,23117,Headphones,Flipkart,philips fidelio x,23117.0
Philips Fidelio X3,24773,Headphones,Amazon,philips fidelio x,24773.0
Philips Fidelio X3,24390,Headphones,Flipkart,philips fidelio x,24390.0
Philips Fidelio X3 - White,21585,Headphones,Amazon,philips fidelio x white,21585.0
Philips Fidelio X3 - White,25318,Headphones,Flipkart,philips fidelio x white,25318.0
Philips Fidelio X3,23592,Headphones,Amazon,philips fidelio x,23592.0
Philips Fidelio X3,26979,Headphones,Flipkart,philips fidelio x,26979.0
Philips Fidelio X3,22539,Headphones,Amazon,philips fidelio x,22539.0
Philips Fidelio X3,24718,Headphones,Flipkart,philips fidelio x,24718.0
Philips Fidelio X3,22275,Headphones,Amazon,philips fidelio x,22275.0
Philips Fidelio X3,25954,Headphones,Flipkart,philips fidelio x,25954.0
Philips Fidelio X3,21346,Headphones,Amazon,philips fidelio x,21346.0
Philips Fidelio X3,26617,Headphones,Flipkart,philips fidelio x,26617.0
Philips Fidelio X3 - Blue,23529,Headphones,Amazon,philips fidelio x blue,23529.0
Philips Fidelio X3 - Blue,23202,Headphones,Flipkart,philips fidelio x blue,23202.0
Philips Fidelio X3 - Green,22735,Headphones,Amazon,philips fidelio x green,22735.0
Philips Fidelio X3 - Green,24988,Headphones,Flipkart,philips fidelio x green,24988.0
Philips Fidelio X3,24091,Headphones,Amazon,philips fidelio x,24091.0
Philips Fidelio X3,25097,Headphones,Flipkart,philips fidelio x,25097.0
Realme Buds T300 - Blue,3776,Headphones,Amazon,realme buds t blue,3776.0
Realme Buds T300 - Blue,4278,Headphones,Flipkart,realme buds t blue,4278.0
Realme Buds T300,2617,Headphones,Amazon,realme buds t,2617.0
Realme Buds T300,3953,Headphones,Flipkart,realme buds t,3953.0
Realme Buds T300 - Blue,4871,Headphones,Amazon,realme buds t blue,4871.0
Realme Buds T300 - Blue,2364,Headphones,Flipkart,realme buds t blue,2364.0
Realme Buds T300,1490,Headphones,Amazon,realme buds t,1490.0
Realme Buds T300,1530,Headphones,Flipkart,realme buds t,1530.0
Realme Buds T300 - Gold,1528,Headphones,Amazon,realme buds t gold,1528.0
Realme Buds T300 - Gold,3056,Headphones,Flipkart,realme buds t gold,3056.0
Realme Buds T300 - White,4412,Headphones,Amazon,realme buds t white,4412.0
Realme Buds T300 - White,4235,Headphones,Flipkart,realme buds t white,4235.0
Realme Buds T300,4038,Headphones,Amazon,realme buds t,4038.0
Realme Buds T300,1672,Headphones,Flipkart,realme buds t,1672.0
JBL Tune 770NC - Green,11530,Headphones,Amazon,jbl tune nc green,11530.0
JBL Tune 770NC - Green,11281,Headphones,Flipkart,jbl tune nc green,11281.0
JBL Tune 770NC,9184,Headphones,Amazon,jbl tune nc,9184.0
JBL Tune 770NC,10470,Headphones,Flipkart,jbl tune nc,10470.0
JBL Tune 770NC - Red,11281,Headphones,Amazon,jbl tune nc red,11281.0
JBL Tune 770NC - Red,13880,Headphones,Flipkart,jbl tune nc red,13880.0
JBL Tune 770NC,11458,Headphones,Amazon,jbl tune nc,11458.0
JBL Tune 770NC,10432,Headphones,Flipkart,jbl tune nc,10432.0
JBL Tune 770NC,10145,Headphones,Amazon,jbl tune nc,10145.0
JBL Tune 770NC,10321,Headphones,Flipkart,jbl tune nc,10321.0
Boat Airdopes 131 - White,863,Headphones,Flipkart,boat airdopes white,863.0
Boat Airdopes 131 - Red,1672,Headphones,Flipkart,boat airdopes red,1672.0
Boat Airdopes 131 - Silver,2923,Headphones,Amazon,boat airdopes silver,2923.0
Boat Airdopes 131 - Silver,2853,Headphones,Flipkart,boat airdopes silver,2853.0
Boat Airdopes 131,547,Headphones,Flipkart,boat airdopes,547.0
Boat Airdopes 131 - Purple,224,Headphones,Flipkart,boat airdopes purple,224.0
Boat Airdopes 131 - Red,1308,Headphones,Amazon,boat airdopes red,1308.0
Boat Airdopes 131 - Red,2611,Headphones,Flipkart,boat airdopes red,2611.0
Boat Airdopes 131,293,Headphones,Amazon,boat airdopes,293.0
Boat Airdopes 131,117,Headphones,Flipkart,boat airdopes,117.0
OnePlus Buds Pro 2,6239,Headphones,Amazon,oneplus buds pro,6239.0
OnePlus Buds Pro 2,9760,Headphones,Flipkart,oneplus buds pro,9760.0
OnePlus Buds Pro 2,7077,Headphones,Amazon,oneplus buds pro,7077.0
OnePlus Buds Pro 2,6802,Headphones,Flipkart,oneplus buds pro,6802.0
OnePlus Buds Pro 2 - White,5232,Headphones,Amazon,oneplus buds pro white,5232.0
OnePlus Buds Pro 2 - White,8009,Headphones,Flipkart,oneplus buds pro white,8009.0
OnePlus Buds Pro 2 - Purple,7518,Headphones,Amazon,oneplus buds pro purple,7518.0
OnePlus Buds Pro 2 - Purple,8932,Headphones,Flipkart,oneplus buds pro purple,8932.0
OnePlus Buds Pro 2 - Black,8907,Headphones,Amazon,oneplus buds pro black,8907.0
OnePlus Buds Pro 2 - Black,9742,Headphones,Flipkart,oneplus buds pro black,9742.0
OnePlus Buds Pro 2 - Red,8316,Headphones,Amazon,oneplus buds pro red,8316.0
OnePlus Buds Pro 2 - Red,8840,Headphones,Flipkart,oneplus buds pro red,8840.0
OnePlus Buds Pro 2,5616,Headphones,Amazon,oneplus buds pro,5616.0
OnePlus Buds Pro 2,10421,Headphones,Flipkart,oneplus buds pro,10421.0
OnePlus Buds Pro 2,8681,Headphones,Amazon,oneplus buds pro,8681.0
OnePlus Buds Pro 2,9928,Headphones,Flipkart,oneplus buds pro,9928.0
OnePlus Buds Pro 2,7645,Headphones,Amazon,oneplus buds pro,7645.0
OnePlus Buds Pro 2,7205,Headphones,Flipkart,oneplus buds pro,7205.0
OnePlus Buds Pro 2 - Red,7145,Headphones,Amazon,oneplus buds pro red,7145.0
OnePlus Buds Pro 2 - Red,8640,Headphones,Flipkart,oneplus buds pro red,8640.0
Skullcandy Crusher ANC - Black,6585,Headphones,Amazon,skullcandy crusher anc black,6585.0
Skullcandy Crusher ANC - Black,7673,Headphones,Flipkart,skullcandy crusher anc black,7673.0
Skullcandy Crusher ANC,6369,Headphones,Amazon,skullcandy crusher anc,6369.0
Skullcandy Crusher ANC,6268,Headphones,Flipkart,skullcandy crusher anc,6268.0
Skullcandy Crusher ANC,6582,Headphones,Amazon,skullcandy crusher anc,6582.0
Skullcandy Crusher ANC,7162,Headphones,Flipkart,skullcandy crusher anc,7162.0
Skullcandy Crusher ANC,8575,Headphones,Amazon,skullcandy crusher anc,8575.0
Skullcandy Crusher ANC,6614,Headphones,Flipkart,skullcandy crusher anc,6614.0
Skullcandy Crusher ANC,5578,Headphones,Amazon,skullcandy crusher anc,5578.0
Skullcandy Crusher ANC,9753,Headphones,Flipkart,skullcandy crusher anc,9753.0
Skullcandy Crusher ANC - White,6604,Headphones,Amazon,skullcandy crusher anc white,6604.0
Skullcandy Crusher ANC - White,6527,Headphones,Flipkart,skullcandy crusher anc white,6527.0
Skullcandy Crusher ANC - Silver,6541,Headphones,Amazon,skullcandy crusher anc silver,6541.0
Skullcandy Crusher ANC - Silver,8634,Headphones,Flipkart,skullcandy crusher anc silver,8634.0
Amazfit PowerBuds Pro - Red,6381,Headphones,Amazon,amazfit powerbuds pro red,6381.0
Amazfit PowerBuds Pro - Red,10145,Headphones,Flipkart,amazfit powerbuds pro red,10145.0
Amazfit PowerBuds Pro - Red,7264,Headphones,Amazon,amazfit powerbuds pro red,7264.0
Amazfit PowerBuds Pro - Red,8237,Headphones,Flipkart,amazfit powerbuds pro red,8237.0
Amazfit PowerBuds Pro - Silver,6785,Headphones,Amazon,amazfit powerbuds pro silver,6785.0
Amazfit PowerBuds Pro - Silver,8426,Headphones,Flipkart,amazfit powerbuds pro silver,8426.0
Amazfit PowerBuds Pro,9457,Headphones,Amazon,amazfit powerbuds pro,9457.0
Amazfit PowerBuds Pro,10727,Headphones,Flipkart,amazfit powerbuds pro,10727.0
Amazfit PowerBuds Pro,6153,Headphones,Amazon,amazfit powerbuds pro,6153.0
Amazfit PowerBuds Pro,10210,Headphones,Flipkart,amazfit powerbuds pro,10210.0
Amazfit PowerBuds Pro,8445,Headphones,Amazon,amazfit powerbuds pro,8445.0
Amazfit PowerBuds Pro,9042,Headphones,Flipkart,amazfit powerbuds pro,9042.0
Amazfit PowerBuds Pro - Silver,8836,Headphones,Amazon,amazfit powerbuds pro silver,8836.0
Amazfit PowerBuds Pro - Silver,10657,Headphones,Flipkart,amazfit powerbuds pro silver,10657.0
Amazfit PowerBuds Pro - Gold,7681,Headphones,Amazon,amazfit powerbuds pro gold,7681.0
Amazfit PowerBuds Pro - Gold,8991,Headphones,Flipkart,amazfit powerbuds pro gold,8991.0
Amazfit PowerBuds Pro - Purple,7166,Headphones,Amazon,amazfit powerbuds pro purple,7166.0
Amazfit PowerBuds Pro - Purple,10580,Headphones,Flipkart,amazfit powerbuds pro purple,10580.0
"Samsung 55"" 4K TV - Purple",47266,Television,Amazon,samsung k tv purple,47266.0
"Samsung 55"" 4K TV - Purple",53954,Television,Flipkart,samsung k tv purple,53954.0
"Samsung 55"" 4K TV - Purple",47505,Television,Amazon,samsung k tv purple,47505.0
"Samsung 55"" 4K TV - Purple",52777,Television,Flipkart,samsung k tv purple,52777.0
"Samsung 55"" 4K TV",47153,Television,Amazon,samsung k tv,47153.0
"Samsung 55"" 4K TV",53186,Television,Flipkart,samsung k tv,53186.0
"Samsung 55"" 4K TV - Silver",49956,Television,Amazon,samsung k tv silver,49956.0
"Samsung 55"" 4K TV - Silver",50662,Television,Flipkart,samsung k tv silver,50662.0
"Samsung 55"" 4K TV - White",48625,Television,Amazon,samsung k tv white,48625.0
"Samsung 55"" 4K TV - White",51967,Television,Flipkart,samsung k tv white,51967.0
"Samsung 55"" 4K TV",49485,Television,Amazon,samsung k tv,49485.0
"Samsung 55"" 4K TV",50509,Television,Flipkart,samsung k tv,50509.0
"LG 55"" OLED TV",91707,Television,Amazon,lg oled tv,91707.0
"LG 55"" OLED TV",95101,Television,Flipkart,lg oled tv,95101.0
"LG 55"" OLED TV",91875,Television,Amazon,lg oled tv,91875.0
"LG 55"" OLED TV",96728,Television,Flipkart,lg oled tv,96728.0
"LG 55"" OLED TV",89430,Television,Amazon,lg oled tv,89430.0
"LG 55"" OLED TV",96810,Television,Flipkart,lg oled tv,96810.0
"LG 55"" OLED TV",90055,Television,Amazon,lg oled tv,90055.0
"LG 55"" OLED TV",94530,Television,Flipkart,lg oled tv,94530.0
"LG 55"" OLED TV",88918,Television,Amazon,lg oled tv,88918.0
"LG 55"" OLED TV",93114,Television,Flipkart,lg oled tv,93114.0
"LG 55"" OLED TV",90926,Television,Amazon,lg oled tv,90926.0
"LG 55"" OLED TV",95661,Television,Flipkart,lg oled tv,95661.0
"LG 55"" OLED TV - Purple",88155,Television,Amazon,lg oled tv purple,88155.0
"LG 55"" OLED TV - Purple",94174,Television,Flipkart,lg oled tv purple,94174.0
"LG 55"" OLED TV",91107,Television,Amazon,lg oled tv,91107.0
"LG 55"" OLED TV",95888,Television,Flipkart,lg oled tv,95888.0
"Sony 55"" Bravia TV - Green",58047,Television,Amazon,sony bravia tv green,58047.0
"Sony 55"" Bravia TV - Green",61882,Television,Flipkart,sony bravia tv green,61882.0
"Sony 55"" Bravia TV",58179,Television,Amazon,sony bravia tv,58179.0
"Sony 55"" Bravia TV",61972,Television,Flipkart,sony bravia tv,61972.0
"Sony 55"" Bravia TV - Purple",58718,Television,Amazon,sony bravia tv purple,58718.0
"Sony 55"" Bravia TV - Purple",63616,Television,Flipkart,sony bravia tv purple,63616.0
"Sony 55"" Bravia TV",60426,Television,Amazon,sony bravia tv,60426.0
"Sony 55"" Bravia TV",64706,Television,Flipkart,sony bravia tv,64706.0
"Sony 55"" Bravia TV - Silver",59587,Television,Amazon,sony bravia tv silver,59587.0
"Sony 55"" Bravia TV - Silver",63109,Television,Flipkart,sony bravia tv silver,63109.0
"Mi 65"" 4K Smart TV",36517,Television,Amazon,mi k smart tv,36517.0
"Mi 65"" 4K Smart TV",39444,Television,Flipkart,mi k smart tv,39444.0
"Mi 65"" 4K Smart TV",36720,Television,Amazon,mi k smart tv,36720.0
"Mi 65"" 4K Smart TV",40736,Television,Flipkart,mi k smart tv,40736.0
"Mi 65"" 4K Smart TV - Black",37904,Television,Amazon,mi k smart tv black,37904.0
"Mi 65"" 4K Smart TV - Black",40153,Television,Flipkart,mi k smart tv black,40153.0
"Mi 65"" 4K Smart TV - Red",35924,Television,Amazon,mi k smart tv red,35924.0
"Mi 65"" 4K Smart TV - Red",38177,Television,Flipkart,mi k smart tv red,38177.0
"Mi 65"" 4K Smart TV - Red",34065,Television,Amazon,mi k smart tv red,34065.0
"Mi 65"" 4K Smart TV - Red",39461,Television,Flipkart,mi k smart tv red,39461.0
"OnePlus 55"" TV - Red",30572,Television,Amazon,oneplus tv red,30572.0
"OnePlus 55"" TV - Red",31423,Television,Flipkart,oneplus tv red,31423.0
"OnePlus 55"" TV",29442,Television,Amazon,oneplus tv,29442.0
"OnePlus 55"" TV",33235,Television,Flipkart,oneplus tv,33235.0
"OnePlus 55"" TV",29902,Television,Amazon,oneplus tv,29902.0
"OnePlus 55"" TV",33847,Television,Flipkart,oneplus tv,33847.0
"OnePlus 55"" TV - Purple",28551,Television,Amazon,oneplus tv purple,28551.0
"OnePlus 55"" TV - Purple",31257,Television,Flipkart,oneplus tv purple,31257.0
"OnePlus 55"" TV - Black",28824,Television,Amazon,oneplus tv black,28824.0
"OnePlus 55"" TV - Black",31178,Television,Flipkart,oneplus tv black,31178.0
"OnePlus 55"" TV",29269,Television,Amazon,oneplus tv,29269.0
"OnePlus 55"" TV",33110,Television,Flipkart,oneplus tv,33110.0
"OnePlus 55"" TV - Gold",29036,Television,Amazon,oneplus tv gold,29036.0
"OnePlus 55"" TV - Gold",31148,Television,Flipkart,oneplus tv gold,31148.0
"OnePlus 55"" TV",31530,Television,Amazon,oneplus tv,31530.0
"OnePlus 55"" TV",34197,Television,Flipkart,oneplus tv,34197.0
"OnePlus 55"" TV",28508,Television,Amazon,oneplus tv,28508.0
"OnePlus 55"" TV",34273,Television,Flipkart,oneplus tv,34273.0
"OnePlus 55"" TV",31663,Television,Amazon,oneplus tv,31663.0
"OnePlus 55"" TV",34916,Television,Flipkart,oneplus tv,34916.0
"Samsung 43"" Full HD TV - Blue",20036,Television,Amazon,samsung full hd tv blue,20036.0
"Samsung 43"" Full HD TV - Blue",22503,Television,Flipkart,samsung full hd tv blue,22503.0
"Samsung 43"" Full HD TV - Silver",18322,Television,Amazon,samsung full hd tv silver,18322.0
"Samsung 43"" Full HD TV - Silver",22762,Television,Flipkart,samsung full hd tv silver,22762.0
"Samsung 43"" Full HD TV",19314,Television,Amazon,samsung full hd tv,19314.0
"Samsung 43"" Full HD TV",21419,Television,Flipkart,samsung full hd tv,21419.0
"Samsung 43"" Full HD TV - Silver",19825,Television,Amazon,samsung full hd tv silver,19825.0
"Samsung 43"" Full HD TV - Silver",23467,Television,Flipkart,samsung full hd tv silver,23467.0
"Samsung 43"" Full HD TV - Red",19830,Television,Amazon,samsung full hd tv red,19830.0
"Samsung 43"" Full HD TV - Red",21172,Television,Flipkart,samsung full hd tv red,21172.0
"Samsung 43"" Full HD TV - Black",19123,Television,Amazon,samsung full hd tv black,19123.0
"Samsung 43"" Full HD TV - Black",23618,Television,Flipkart,samsung full hd tv black,23618.0
"Samsung 43"" Full HD TV",20610,Television,Amazon,samsung full hd tv,20610.0
"Samsung 43"" Full HD TV",22662,Television,Flipkart,samsung full hd tv,22662.0
"Samsung 43"" Full HD TV",18654,Television,Amazon,samsung full hd tv,18654.0
"Samsung 43"" Full HD TV",24901,Television,Flipkart,samsung full hd tv,24901.0
"Samsung 43"" Full HD TV",21199,Television,Amazon,samsung full hd tv,21199.0
"Samsung 43"" Full HD TV",22793,Television,Flipkart,samsung full hd tv,22793.0
"Samsung 43"" Full HD TV",21187,Television,Amazon,samsung full hd tv,21187.0
"Samsung 43"" Full HD TV",23641,Television,Flipkart,samsung full hd tv,23641.0
"LG 43"" FHD TV",17131,Television,Amazon,lg fhd tv,17131.0
"LG 43"" FHD TV",22477,Television,Flipkart,lg fhd tv,22477.0
"LG 43"" FHD TV",18518,Television,Amazon,lg fhd tv,18518.0
"LG 43"" FHD TV",21522,Television,Flipkart,lg fhd tv,21522.0
"LG 43"" FHD TV",17562,Television,Amazon,lg fhd tv,17562.0
"LG 43"" FHD TV",22167,Television,Flipkart,lg fhd tv,22167.0
"LG 43"" FHD TV - Black",18140,Television,Amazon,lg fhd tv black,18140.0
"LG 43"" FHD TV - Black",21021,Television,Flipkart,lg fhd tv black,21021.0
"LG 43"" FHD TV - White",19119,Television,Amazon,lg fhd tv white,19119.0
"LG 43"" FHD TV - White",21584,Television,Flipkart,lg fhd tv white,21584.0
"LG 43"" FHD TV",18065,Television,Amazon,lg fhd tv,18065.0
"LG 43"" FHD TV",22882,Television,Flipkart,lg fhd tv,22882.0
"LG 43"" FHD TV - Gold",19841,Television,Amazon,lg fhd tv gold,19841.0
"LG 43"" FHD TV - Gold",23752,Television,Flipkart,lg fhd tv gold,23752.0
"LG 43"" FHD TV",20492,Television,Amazon,lg fhd tv,20492.0
"LG 43"" FHD TV",20302,Television,Flipkart,lg fhd tv,20302.0
"LG 43"" FHD TV - Red",17358,Television,Amazon,lg fhd tv red,17358.0
"LG 43"" FHD TV - Red",23318,Television,Flipkart,lg fhd tv red,23318.0
"Panasonic 50"" 4K TV - Silver",40219,Television,Amazon,panasonic k tv silver,40219.0
"Panasonic 50"" 4K TV - Silver",42188,Television,Flipkart,panasonic k tv silver,42188.0
"Panasonic 50"" 4K TV",38712,Television,Amazon,panasonic k tv,38712.0
"Panasonic 50"" 4K TV",44249,Television,Flipkart,panasonic k tv,44249.0
"Panasonic 50"" 4K TV",38822,Television,Amazon,panasonic k tv,38822.0
"Panasonic 50"" 4K TV",44243,Television,Flipkart,panasonic k tv,44243.0
"Panasonic 50"" 4K TV - Purple",39477,Television,Amazon,panasonic k tv purple,39477.0
"Panasonic 50"" 4K TV - Purple",43268,Television,Flipkart,panasonic k tv purple,43268.0
"Panasonic 50"" 4K TV - White",38530,Television,Amazon,panasonic k tv white,38530.0
"Panasonic 50"" 4K TV - White",43505,Television,Flipkart,panasonic k tv white,43505.0
"Panasonic 50"" 4K TV",40935,Television,Amazon,panasonic k tv,40935.0
"Panasonic 50"" 4K TV",43943,Television,Flipkart,panasonic k tv,43943.0
"Panasonic 50"" 4K TV - Silver",39676,Television,Amazon,panasonic k tv silver,39676.0
"Panasonic 50"" 4K TV - Silver",44371,Television,Flipkart,panasonic k tv silver,44371.0
"Panasonic 50"" 4K TV",38302,Television,Amazon,panasonic k tv,38302.0
"Panasonic 50"" 4K TV",42842,Television,Flipkart,panasonic k tv,42842.0
"Panasonic 50"" 4K TV - Silver",38524,Television,Amazon,panasonic k tv silver,38524.0
"Panasonic 50"" 4K TV - Silver",44595,Television,Flipkart,panasonic k tv silver,44595.0
"TCL 43"" FHD TV - White",17058,Television,Amazon,tcl fhd tv white,17058.0
"TCL 43"" FHD TV - White",21729,Television,Flipkart,tcl fhd tv white,21729.0
"TCL 43"" FHD TV",16244,Television,Amazon,tcl fhd tv,16244.0
"TCL 43"" FHD TV",18673,Television,Flipkart,tcl fhd tv,18673.0
"TCL 43"" FHD TV - Blue",16416,Television,Amazon,tcl fhd tv blue,16416.0
"TCL 43"" FHD TV - Blue",21879,Television,Flipkart,tcl fhd tv blue,21879.0
"TCL 43"" FHD TV - Blue",15803,Television,Amazon,tcl fhd tv blue,15803.0
"TCL 43"" FHD TV - Blue",20600,Television,Flipkart,tcl fhd tv blue,20600.0
"TCL 43"" FHD TV - Silver",16239,Television,Amazon,tcl fhd tv silver,16239.0
"TCL 43"" FHD TV - Silver",20515,Television,Flipkart,tcl fhd tv silver,20515.0
"TCL 43"" FHD TV",17377,Television,Amazon,tcl fhd tv,17377.0
"TCL 43"" FHD TV",18630,Television,Flipkart,tcl fhd tv,18630.0
"TCL 43"" FHD TV - Black",16381,Television,Amazon,tcl fhd tv black,16381.0
"TCL 43"" FHD TV - Black",21450,Television,Flipkart,tcl fhd tv black,21450.0
"TCL 43"" FHD TV - Blue",15331,Television,Amazon,tcl fhd tv blue,15331.0
"TCL 43"" FHD TV - Blue",18185,Television,Flipkart,tcl fhd tv blue,18185.0
"VU 55"" 4K TV",33530,Television,Amazon,vu k tv,33530.0
"VU 55"" 4K TV",36616,Television,Flipkart,vu k tv,36616.0
"VU 55"" 4K TV - Purple",32185,Television,Amazon,vu k tv purple,32185.0
"VU 55"" 4K TV - Purple",36628,Television,Flipkart,vu k tv purple,36628.0
"VU 55"" 4K TV",34305,Television,Amazon,vu k tv,34305.0
"VU 55"" 4K TV",36804,Television,Flipkart,vu k tv,36804.0
"VU 55"" 4K TV",33819,Television,Amazon,vu k tv,33819.0
"VU 55"" 4K TV",34244,Television,Flipkart,vu k tv,34244.0
"VU 55"" 4K TV",32901,Television,Amazon,vu k tv,32901.0
"VU 55"" 4K TV",34834,Television,Flipkart,vu k tv,34834.0
"VU 55"" 4K TV",34527,Television,Amazon,vu k tv,34527.0
"VU 55"" 4K TV",36941,Television,Flipkart,vu k tv,36941.0
"VU 55"" 4K TV",34994,Television,Amazon,vu k tv,34994.0
"VU 55"" 4K TV",35632,Television,Flipkart,vu k tv,35632.0
"VU 55"" 4K TV",33299,Television,Amazon,vu k tv,33299.0
"VU 55"" 4K TV",34433,Television,Flipkart,vu k tv,34433.0
"Samsung 32"" HD TV",12840,Television,Amazon,samsung hd tv,12840.0
"Samsung 32"" HD TV",14014,Television,Flipkart,samsung hd tv,14014.0
"Samsung 32"" HD TV - Green",14871,Television,Amazon,samsung hd tv green,14871.0
"Samsung 32"" HD TV - Green",14572,Television,Flipkart,samsung hd tv green,14572.0
"Samsung 32"" HD TV",14543,Television,Amazon,samsung hd tv,14543.0
"Samsung 32"" HD TV",16694,Television,Flipkart,samsung hd tv,16694.0
"Samsung 32"" HD TV",13365,Television,Amazon,samsung hd tv,13365.0
"Samsung 32"" HD TV",15952,Television,Flipkart,samsung hd tv,15952.0
"Samsung 32"" HD TV",13107,Television,Amazon,samsung hd tv,13107.0
"Samsung 32"" HD TV",14911,Television,Flipkart,samsung hd tv,14911.0
"Samsung 32"" HD TV - Purple",11093,Television,Amazon,samsung hd tv purple,11093.0
"Samsung 32"" HD TV - Purple",13367,Television,Flipkart,samsung hd tv purple,13367.0
"Samsung 32"" HD TV",13388,Television,Amazon,samsung hd tv,13388.0
"Samsung 32"" HD TV",14444,Television,Flipkart,samsung hd tv,14444.0
"LG 32"" HD TV - Purple",15613,Television,Amazon,lg hd tv purple,15613.0
"LG 32"" HD TV - Purple",17451,Television,Flipkart,lg hd tv purple,17451.0
"LG 32"" HD TV",12032,Television,Amazon,lg hd tv,12032.0
"LG 32"" HD TV",17469,Television,Flipkart,lg hd tv,17469.0
"LG 32"" HD TV",13082,Television,Amazon,lg hd tv,13082.0
"LG 32"" HD TV",16978,Television,Flipkart,lg hd tv,16978.0
"LG 32"" HD TV",12184,Television,Amazon,lg hd tv,12184.0
"LG 32"" HD TV",15639,Television,Flipkart,lg hd tv,15639.0
"LG 32"" HD TV",13483,Television,Amazon,lg hd tv,13483.0
"LG 32"" HD TV",16265,Television,Flipkart,lg hd tv,16265.0
"LG 32"" HD TV - White",13843,Television,Amazon,lg hd tv white,13843.0
"LG 32"" HD TV - White",17129,Television,Flipkart,lg hd tv white,17129.0
"LG 32"" HD TV",12395,Television,Amazon,lg hd tv,12395.0
"LG 32"" HD TV",15612,Television,Flipkart,lg hd tv,15612.0
"LG 32"" HD TV - Gold",15844,Television,Amazon,lg hd tv gold,15844.0
"LG 32"" HD TV - Gold",15496,Television,Flipkart,lg hd tv gold,15496.0
"LG 32"" HD TV",14047,Television,Amazon,lg hd tv,14047.0
"LG 32"" HD TV",14163,Television,Flipkart,lg hd tv,14163.0
"Realme TV 43"" FHD - Silver",17292,Television,Amazon,realme tv fhd silver,17292.0
"Realme TV 43"" FHD - Silver",17939,Television,Flipkart,realme tv fhd silver,17939.0
"Realme TV 43"" FHD - Red",14571,Television,Amazon,realme tv fhd red,14571.0
"Realme TV 43"" FHD - Red",17342,Television,Flipkart,realme tv fhd red,17342.0
"Realme TV 43"" FHD - Red",16524,Television,Amazon,realme tv fhd red,16524.0
"Realme TV 43"" FHD - Red",19027,Television,Flipkart,realme tv fhd red,19027.0
"Realme TV 43"" FHD",16086,Television,Amazon,realme tv fhd,16086.0
"Realme TV 43"" FHD",18179,Television,Flipkart,realme tv fhd,18179.0
"Realme TV 43"" FHD",15944,Television,Amazon,realme tv fhd,15944.0
"Realme TV 43"" FHD",19340,Television,Flipkart,realme tv fhd,19340.0
"Realme TV 43"" FHD - Black",14447,Television,Amazon,realme tv fhd black,14447.0
"Realme TV 43"" FHD - Black",17705,Television,Flipkart,realme tv fhd black,17705.0
"Realme TV 43"" FHD - Gold",15086,Television,Amazon,realme tv fhd gold,15086.0
"Realme TV 43"" FHD - Gold",19960,Television,Flipkart,realme tv fhd gold,19960.0
iPad Air - Green,58697,Tablet,Amazon,ipad air green,58697.0
iPad Air - Green,65146,Tablet,Flipkart,ipad air green,65146.0
iPad Air,60787,Tablet,Amazon,ipad air,60787.0
iPad Air,63991,Tablet,Flipkart,ipad air,63991.0
iPad Air,58780,Tablet,Amazon,ipad air,58780.0
iPad Air,63076,Tablet,Flipkart,ipad air,63076.0
iPad Air,59690,Tablet,Amazon,ipad air,59690.0
iPad Air,65827,Tablet,Flipkart,ipad air,65827.0
iPad Air,60503,Tablet,Amazon,ipad air,60503.0
iPad Air,66769,Tablet,Flipkart,ipad air,66769.0
iPad Air - Red,60889,Tablet,Amazon,ipad air red,60889.0
iPad Air - Red,63564,Tablet,Flipkart,ipad air red,63564.0
iPad Air,60151,Tablet,Amazon,ipad air,60151.0
iPad Air,64542,Tablet,Flipkart,ipad air,64542.0
iPad Air,61735,Tablet,Amazon,ipad air,61735.0
iPad Air,65182,Tablet,Flipkart,ipad air,65182.0
"iPad Pro 11"" - Blue",90787,Tablet,Amazon,ipad pro blue,90787.0
"iPad Pro 11"" - Blue",95633,Tablet,Flipkart,ipad pro blue,95633.0
"iPad Pro 11""",91920,Tablet,Amazon,ipad pro,91920.0
"iPad Pro 11""",94008,Tablet,Flipkart,ipad pro,94008.0
"iPad Pro 11"" - Blue",91855,Tablet,Amazon,ipad pro blue,91855.0
"iPad Pro 11"" - Blue",96984,Tablet,Flipkart,ipad pro blue,96984.0
"iPad Pro 11""",89297,Tablet,Amazon,ipad pro,89297.0
"iPad Pro 11""",94964,Tablet,Flipkart,ipad pro,94964.0
"iPad Pro 11"" - Green",89177,Tablet,Amazon,ipad pro green,89177.0
"iPad Pro 11"" - Green",93498,Tablet,Flipkart,ipad pro green,93498.0
"iPad Pro 11"" - Silver",91351,Tablet,Amazon,ipad pro silver,91351.0
"iPad Pro 11"" - Silver",94412,Tablet,Flipkart,ipad pro silver,94412.0
"iPad Pro 11"" - Red",89177,Tablet,Amazon,ipad pro red,89177.0
"iPad Pro 11"" - Red",96911,Tablet,Flipkart,ipad pro red,96911.0
"iPad Pro 11""",89049,Tablet,Amazon,ipad pro,89049.0
"iPad Pro 11""",96060,Tablet,Flipkart,ipad pro,96060.0
"iPad Pro 11"" - Blue",90205,Tablet,Amazon,ipad pro blue,90205.0
"iPad Pro 11"" - Blue",94109,Tablet,Flipkart,ipad pro blue,94109.0
"iPad Pro 11"" - Gold",90520,Tablet,Amazon,ipad pro gold,90520.0
"iPad Pro 11"" - Gold",96033,Tablet,Flipkart,ipad pro gold,96033.0
Samsung Galaxy Tab S9,53923,Tablet,Amazon,samsung galaxy tab s,53923.0
Samsung Galaxy Tab S9,60612,Tablet,Flipkart,samsung galaxy tab s,60612.0
Samsung Galaxy Tab S9,54351,Tablet,Amazon,samsung galaxy tab s,54351.0
Samsung Galaxy Tab S9,60937,Tablet,Flipkart,samsung galaxy tab s,60937.0
Samsung Galaxy Tab S9 - Silver,53020,Tablet,Amazon,samsung galaxy tab s silver,53020.0
Samsung Galaxy Tab S9 - Silver,61949,Tablet,Flipkart,samsung galaxy tab s silver,61949.0
Samsung Galaxy Tab S9 - Purple,56828,Tablet,Amazon,samsung galaxy tab s purple,56828.0
Samsung Galaxy Tab S9 - Purple,61606,Tablet,Flipkart,samsung galaxy tab s purple,61606.0
Samsung Galaxy Tab S9 - White,54314,Tablet,Amazon,samsung galaxy tab s white,54314.0
Samsung Galaxy Tab S9 - White,59168,Tablet,Flipkart,samsung galaxy tab s white,59168.0
Samsung Galaxy Tab S9 - Black,55190,Tablet,Amazon,samsung galaxy tab s black,55190.0
Samsung Galaxy Tab S9 - Black,61024,Tablet,Flipkart,samsung galaxy tab s black,61024.0
Samsung Galaxy Tab S9 - Black,54710,Tablet,Amazon,samsung galaxy tab s black,54710.0
Samsung Galaxy Tab S9 - Black,61612,Tablet,Flipkart,samsung galaxy tab s black,61612.0
Samsung Galaxy Tab S9,56226,Tablet,Amazon,samsung galaxy tab s,56226.0
Samsung Galaxy Tab S9,60028,Tablet,Flipkart,samsung galaxy tab s,60028.0
Samsung Galaxy Tab S9,56590,Tablet,Amazon,samsung galaxy tab s,56590.0
Samsung Galaxy Tab S9,58152,Tablet,Flipkart,samsung galaxy tab s,58152.0
Apple iPad 10th Gen,36801,Tablet,Amazon,apple ipad th gen,36801.0
Apple iPad 10th Gen,37371,Tablet,Flipkart,apple ipad th gen,37371.0
Apple iPad 10th Gen - Silver,35146,Tablet,Amazon,apple ipad th gen silver,35146.0
Apple iPad 10th Gen - Silver,38022,Tablet,Flipkart,apple ipad th gen silver,38022.0
Apple iPad 10th Gen - Red,34116,Tablet,Amazon,apple ipad th gen red,34116.0
Apple iPad 10th Gen - Red,36788,Tablet,Flipkart,apple ipad th gen red,36788.0
Apple iPad 10th Gen,34878,Tablet,Amazon,apple ipad th gen,34878.0
Apple iPad 10th Gen,38654,Tablet,Flipkart,apple ipad th gen,38654.0
Apple iPad 10th Gen - Gold,36016,Tablet,Amazon,apple ipad th gen gold,36016.0
Apple iPad 10th Gen - Gold,37379,Tablet,Flipkart,apple ipad th gen gold,37379.0
Lenovo Tab M10 - Red,16673,Tablet,Amazon,lenovo tab m red,16673.0
Lenovo Tab M10 - Red,16659,Tablet,Flipkart,lenovo tab m red,16659.0
Lenovo Tab M10,15740,Tablet,Amazon,lenovo tab m,15740.0
Lenovo Tab M10,15389,Tablet,Flipkart,lenovo tab m,15389.0
Lenovo Tab M10,14324,Tablet,Amazon,lenovo tab m,14324.0
Lenovo Tab M10,18832,Tablet,Flipkart,lenovo tab m,18832.0
Lenovo Tab M10 - Red,13963,Tablet,Amazon,lenovo tab m red,13963.0
Lenovo Tab M10 - Red,16828,Tablet,Flipkart,lenovo tab m red,16828.0
Lenovo Tab M10,15959,Tablet,Amazon,lenovo tab m,15959.0
Lenovo Tab M10,17345,Tablet,Flipkart,lenovo tab m,17345.0
Lenovo Tab M10,13253,Tablet,Amazon,lenovo tab m,13253.0
Lenovo Tab M10,17734,Tablet,Flipkart,lenovo tab m,17734.0
Lenovo Tab M10 - Blue,14659,Tablet,Amazon,lenovo tab m blue,14659.0
Lenovo Tab M10 - Blue,17809,Tablet,Flipkart,lenovo tab m blue,17809.0
Lenovo Tab M10,16751,Tablet,Amazon,lenovo tab m,16751.0
Lenovo Tab M10,18851,Tablet,Flipkart,lenovo tab m,18851.0
Lenovo Tab M10,16920,Tablet,Amazon,lenovo tab m,16920.0
Lenovo Tab M10,15546,Tablet,Flipkart,lenovo tab m,15546.0
Lenovo Tab M10,15480,Tablet,Amazon,lenovo tab m,15480.0
Lenovo Tab M10,16529,Tablet,Flipkart,lenovo tab m,16529.0
OnePlus Pad - Gold,40101,Tablet,Amazon,oneplus pad gold,40101.0
OnePlus Pad - Gold,42200,Tablet,Flipkart,oneplus pad gold,42200.0
OnePlus Pad - White,40090,Tablet,Amazon,oneplus pad white,40090.0
OnePlus Pad - White,42439,Tablet,Flipkart,oneplus pad white,42439.0
OnePlus Pad,39162,Tablet,Amazon,oneplus pad,39162.0
OnePlus Pad,42881,Tablet,Flipkart,oneplus pad,42881.0
OnePlus Pad - Gold,37251,Tablet,Amazon,oneplus pad gold,37251.0
OnePlus Pad - Gold,43393,Tablet,Flipkart,oneplus pad gold,43393.0
OnePlus Pad,37612,Tablet,Amazon,oneplus pad,37612.0
OnePlus Pad,40672,Tablet,Flipkart,oneplus pad,40672.0
OnePlus Pad,37475,Tablet,Amazon,oneplus pad,37475.0
OnePlus Pad,42785,Tablet,Flipkart,oneplus pad,42785.0
OnePlus Pad - Black,37371,Tablet,Amazon,oneplus pad black,37371.0
OnePlus Pad - Black,43680,Tablet,Flipkart,oneplus pad black,43680.0
OnePlus Pad,39101,Tablet,Amazon,oneplus pad,39101.0
OnePlus Pad,41700,Tablet,Flipkart,oneplus pad,41700.0
Samsung Galaxy Tab A8,13754,Tablet,Amazon,samsung galaxy tab a,13754.0
Samsung Galaxy Tab A8,16304,Tablet,Flipkart,samsung galaxy tab a,16304.0
Samsung Galaxy Tab A8,12041,Tablet,Amazon,samsung galaxy tab a,12041.0
Samsung Galaxy Tab A8,16343,Tablet,Flipkart,samsung galaxy tab a,16343.0
Samsung Galaxy Tab A8,11298,Tablet,Amazon,samsung galaxy tab a,11298.0
Samsung Galaxy Tab A8,13184,Tablet,Flipkart,samsung galaxy tab a,13184.0
Samsung Galaxy Tab A8 - Purple,11245,Tablet,Amazon,samsung galaxy tab a purple,11245.0
Samsung Galaxy Tab A8 - Purple,16827,Tablet,Flipkart,samsung galaxy tab a purple,16827.0
Samsung Galaxy Tab A8 - Green,12673,Tablet,Amazon,samsung galaxy tab a green,12673.0
Samsung Galaxy Tab A8 - Green,13736,Tablet,Flipkart,samsung galaxy tab a green,13736.0
Samsung Galaxy Tab A8,14649,Tablet,Amazon,samsung galaxy tab a,14649.0
Samsung Galaxy Tab A8,14565,Tablet,Flipkart,samsung galaxy tab a,14565.0
Samsung Galaxy Tab A8 - Silver,12537,Tablet,Amazon,samsung galaxy tab a silver,12537.0
Samsung Galaxy Tab A8 - Silver,13327,Tablet,Flipkart,samsung galaxy tab a silver,13327.0
Samsung Galaxy Tab A8 - Green,11484,Tablet,Amazon,samsung galaxy tab a green,11484.0
Samsung Galaxy Tab A8 - Green,13730,Tablet,Flipkart,samsung galaxy tab a green,13730.0
Apple Watch Series 9,40911,Smartwatch,Amazon,apple watch series,40911.0
Apple Watch Series 9,46418,Smartwatch,Flipkart,apple watch series,46418.0
Apple Watch Series 9 - Green,41221,Smartwatch,Amazon,apple watch series green,41221.0
Apple Watch Series 9 - Green,44895,Smartwatch,Flipkart,apple watch series green,44895.0
Apple Watch Series 9,43371,Smartwatch,Amazon,apple watch series,43371.0
Apple Watch Series 9,43939,Smartwatch,Flipkart,apple watch series,43939.0
Apple Watch Series 9 - White,41128,Smartwatch,Amazon,apple watch series white,41128.0
Apple Watch Series 9 - White,43771,Smartwatch,Flipkart,apple watch series white,43771.0
Apple Watch Series 9 - Black,42703,Smartwatch,Amazon,apple watch series black,42703.0
Apple Watch Series 9 - Black,44716,Smartwatch,Flipkart,apple watch series black,44716.0
Apple Watch Series 9 - Purple,40274,Smartwatch,Amazon,apple watch series purple,40274.0
Apple Watch Series 9 - Purple,43412,Smartwatch,Flipkart,apple watch series purple,43412.0
Apple Watch Series 9,42879,Smartwatch,Amazon,apple watch series,42879.0
Apple Watch Series 9,46571,Smartwatch,Flipkart,apple watch series,46571.0
Apple Watch Series 9 - Black,41796,Smartwatch,Amazon,apple watch series black,41796.0
Apple Watch Series 9 - Black,43958,Smartwatch,Flipkart,apple watch series black,43958.0
Apple Watch Series 9 - Red,41183,Smartwatch,Amazon,apple watch series red,41183.0
Apple Watch Series 9 - Red,43958,Smartwatch,Flipkart,apple watch series red,43958.0
Apple Watch Series 9 - Gold,43163,Smartwatch,Amazon,apple watch series gold,43163.0
Apple Watch Series 9 - Gold,45753,Smartwatch,Flipkart,apple watch series gold,45753.0
Samsung Galaxy Watch 6,25703,Smartwatch,Amazon,samsung galaxy watch,25703.0
Samsung Galaxy Watch 6,28134,Smartwatch,Flipkart,samsung galaxy watch,28134.0
Samsung Galaxy Watch 6 - Silver,23248,Smartwatch,Amazon,samsung galaxy watch silver,23248.0
Samsung Galaxy Watch 6 - Silver,28279,Smartwatch,Flipkart,samsung galaxy watch silver,28279.0
Samsung Galaxy Watch 6,25275,Smartwatch,Amazon,samsung galaxy watch,25275.0
Samsung Galaxy Watch 6,28029,Smartwatch,Flipkart,samsung galaxy watch,28029.0
Samsung Galaxy Watch 6,25634,Smartwatch,Amazon,samsung galaxy watch,25634.0
Samsung Galaxy Watch 6,28748,Smartwatch,Flipkart,samsung galaxy watch,28748.0
Samsung Galaxy Watch 6,25851,Smartwatch,Amazon,samsung galaxy watch,25851.0
Samsung Galaxy Watch 6,27704,Smartwatch,Flipkart,samsung galaxy watch,27704.0
Samsung Galaxy Watch 6 - Gold,23752,Smartwatch,Amazon,samsung galaxy watch gold,23752.0
Samsung Galaxy Watch 6 - Gold,29089,Smartwatch,Flipkart,samsung galaxy watch gold,29089.0
Garmin Epix,63590,Smartwatch,Amazon,garmin epix,63590.0
Garmin Epix,71299,Smartwatch,Flipkart,garmin epix,71299.0
Garmin Epix,64689,Smartwatch,Amazon,garmin epix,64689.0
Garmin Epix,71963,Smartwatch,Flipkart,garmin epix,71963.0
Garmin Epix,64589,Smartwatch,Amazon,garmin epix,64589.0
Garmin Epix,68993,Smartwatch,Flipkart,garmin epix,68993.0
Garmin Epix,63322,Smartwatch,Amazon,garmin epix,63322.0
Garmin Epix,71776,Smartwatch,Flipkart,garmin epix,71776.0
Garmin Epix - Black,65192,Smartwatch,Amazon,garmin epix black,65192.0
Garmin Epix - Black,70966,Smartwatch,Flipkart,garmin epix black,70966.0
Garmin Epix - White,65758,Smartwatch,Amazon,garmin epix white,65758.0
Garmin Epix - White,70476,Smartwatch,Flipkart,garmin epix white,70476.0
Garmin Epix - Gold,66118,Smartwatch,Amazon,garmin epix gold,66118.0
Garmin Epix - Gold,70405,Smartwatch,Flipkart,garmin epix gold,70405.0
Garmin Epix,66560,Smartwatch,Amazon,garmin epix,66560.0
Garmin Epix,71714,Smartwatch,Flipkart,garmin epix,71714.0
Garmin Epix,63866,Smartwatch,Amazon,garmin epix,63866.0
Garmin Epix,71837,Smartwatch,Flipkart,garmin epix,71837.0
Garmin Epix - Gold,66744,Smartwatch,Amazon,garmin epix gold,66744.0
Garmin Epix - Gold,68992,Smartwatch,Flipkart,garmin epix gold,68992.0
Fitbit Sense 2 - Green,20260,Smartwatch,Amazon,fitbit sense green,20260.0
Fitbit Sense 2 - Green,21316,Smartwatch,Flipkart,fitbit sense green,21316.0
Fitbit Sense 2,20656,Smartwatch,Amazon,fitbit sense,20656.0
Fitbit Sense 2,21470,Smartwatch,Flipkart,fitbit sense,21470.0
Fitbit Sense 2,21614,Smartwatch,Amazon,fitbit sense,21614.0
Fitbit Sense 2,22035,Smartwatch,Flipkart,fitbit sense,22035.0
Fitbit Sense 2,21118,Smartwatch,Amazon,fitbit sense,21118.0
Fitbit Sense 2,23438,Smartwatch,Flipkart,fitbit sense,23438.0
Fitbit Sense 2,19280,Smartwatch,Amazon,fitbit sense,19280.0
Fitbit Sense 2,21694,Smartwatch,Flipkart,fitbit sense,21694.0
Fitbit Sense 2 - Green,18065,Smartwatch,Amazon,fitbit sense green,18065.0
Fitbit Sense 2 - Green,21067,Smartwatch,Flipkart,fitbit sense green,21067.0
Amazfit GTR 4,9350,Smartwatch,Amazon,amazfit gtr,9350.0
Amazfit GTR 4,10941,Smartwatch,Flipkart,amazfit gtr,10941.0
Amazfit GTR 4 - Red,10254,Smartwatch,Amazon,amazfit gtr red,10254.0
Amazfit GTR 4 - Red,12680,Smartwatch,Flipkart,amazfit gtr red,12680.0
Amazfit GTR 4 - Purple,11364,Smartwatch,Amazon,amazfit gtr purple,11364.0
Amazfit GTR 4 - Purple,12000,Smartwatch,Flipkart,amazfit gtr purple,12000.0
Amazfit GTR 4,11000,Smartwatch,Amazon,amazfit gtr,11000.0
Amazfit GTR 4,13255,Smartwatch,Flipkart,amazfit gtr,13255.0
Amazfit GTR 4,10237,Smartwatch,Amazon,amazfit gtr,10237.0
Amazfit GTR 4,11999,Smartwatch,Flipkart,amazfit gtr,11999.0
Amazfit GTR 4 - White,11919,Smartwatch,Amazon,amazfit gtr white,11919.0
Amazfit GTR 4 - White,10239,Smartwatch,Flipkart,amazfit gtr white,10239.0
OnePlus Watch 2,17129,Smartwatch,Amazon,oneplus watch,17129.0
OnePlus Watch 2,16025,Smartwatch,Flipkart,oneplus watch,16025.0
OnePlus Watch 2,14277,Smartwatch,Amazon,oneplus watch,14277.0
OnePlus Watch 2,18895,Smartwatch,Flipkart,oneplus watch,18895.0
OnePlus Watch 2,15866,Smartwatch,Amazon,oneplus watch,15866.0
OnePlus Watch 2,17527,Smartwatch,Flipkart,oneplus watch,17527.0
OnePlus Watch 2 - Black,17737,Smartwatch,Amazon,oneplus watch black,17737.0
OnePlus Watch 2 - Black,17978,Smartwatch,Flipkart,oneplus watch black,17978.0
OnePlus Watch 2,16258,Smartwatch,Amazon,oneplus watch,16258.0
OnePlus Watch 2,17683,Smartwatch,Flipkart,oneplus watch,17683.0
Realme Watch 4 Pro,4193,Smartwatch,Amazon,realme watch pro,4193.0
Realme Watch 4 Pro,4173,Smartwatch,Flipkart,realme watch pro,4173.0
Realme Watch 4 Pro - Silver,3762,Smartwatch,Amazon,realme watch pro silver,3762.0
Realme Watch 4 Pro - Silver,6301,Smartwatch,Flipkart,realme watch pro silver,6301.0
Realme Watch 4 Pro,2393,Smartwatch,Amazon,realme watch pro,2393.0
Realme Watch 4 Pro,5146,Smartwatch,Flipkart,realme watch pro,5146.0
Realme Watch 4 Pro - Blue,4155,Smartwatch,Amazon,realme watch pro blue,4155.0
Realme Watch 4 Pro - Blue,4032,Smartwatch,Flipkart,realme watch pro blue,4032.0
Realme Watch 4 Pro,3527,Smartwatch,Amazon,realme watch pro,3527.0
Realme Watch 4 Pro,6928,Smartwatch,Flipkart,realme watch pro,6928.0
Realme Watch 4 Pro,4854,Smartwatch,Amazon,realme watch pro,4854.0
Realme Watch 4 Pro,3924,Smartwatch,Flipkart,realme watch pro,3924.0
Realme Watch 4 Pro - Black,4676,Smartwatch,Amazon,realme watch pro black,4676.0
Realme Watch 4 Pro - Black,6514,Smartwatch,Flipkart,realme watch pro black,6514.0
GoPro Hero 12,39543,Camera,Amazon,gopro hero,39543.0
GoPro Hero 12,43262,Camera,Flipkart,gopro hero,43262.0
GoPro Hero 12 - Red,38337,Camera,Amazon,gopro hero red,38337.0
GoPro Hero 12 - Red,43046,Camera,Flipkart,gopro hero red,43046.0
GoPro Hero 12,41513,Camera,Amazon,gopro hero,41513.0
GoPro Hero 12,44987,Camera,Flipkart,gopro hero,44987.0
GoPro Hero 12,38173,Camera,Amazon,gopro hero,38173.0
GoPro Hero 12,41940,Camera,Flipkart,gopro hero,41940.0
GoPro Hero 12,39946,Camera,Amazon,gopro hero,39946.0
GoPro Hero 12,42109,Camera,Flipkart,gopro hero,42109.0
GoPro Hero 12 - Black,41790,Camera,Amazon,gopro hero black,41790.0
GoPro Hero 12 - Black,42147,Camera,Flipkart,gopro hero black,42147.0
GoPro Hero 12,41482,Camera,Amazon,gopro hero,41482.0
GoPro Hero 12,42287,Camera,Flipkart,gopro hero,42287.0
GoPro Hero 12 - Green,38589,Camera,Amazon,gopro hero green,38589.0
GoPro Hero 12 - Green,44080,Camera,Flipkart,gopro hero green,44080.0
DJI Osmo Action 4 - Green,30308,Camera,Amazon,dji osmo action green,30308.0
DJI Osmo Action 4 - Green,31983,Camera,Flipkart,dji osmo action green,31983.0
DJI Osmo Action 4 - Silver,29357,Camera,Amazon,dji osmo action silver,29357.0
DJI Osmo Action 4 - Silver,32571,Camera,Flipkart,dji osmo action silver,32571.0
DJI Osmo Action 4 - Black,30050,Camera,Amazon,dji osmo action black,30050.0
DJI Osmo Action 4 - Black,34052,Camera,Flipkart,dji osmo action black,34052.0
DJI Osmo Action 4,28949,Camera,Amazon,dji osmo action,28949.0
DJI Osmo Action 4,34434,Camera,Flipkart,dji osmo action,34434.0
DJI Osmo Action 4,31910,Camera,Amazon,dji osmo action,31910.0
DJI Osmo Action 4,33438,Camera,Flipkart,dji osmo action,33438.0
DJI Osmo Action 4 - Purple,30596,Camera,Amazon,dji osmo action purple,30596.0
DJI Osmo Action 4 - Purple,32118,Camera,Flipkart,dji osmo action purple,32118.0
Canon EOS R6,250264,Camera,Amazon,canon eos r,250264.0
Canon EOS R6,261853,Camera,Flipkart,canon eos r,261853.0
Canon EOS R6,250398,Camera,Amazon,canon eos r,250398.0
Canon EOS R6,260705,Camera,Flipkart,canon eos r,260705.0
Canon EOS R6 - White,251267,Camera,Amazon,canon eos r white,251267.0
Canon EOS R6 - White,259008,Camera,Flipkart,canon eos r white,259008.0
Canon EOS R6 - Silver,249555,Camera,Amazon,canon eos r silver,249555.0
Canon EOS R6 - Silver,260914,Camera,Flipkart,canon eos r silver,260914.0
Canon EOS R6,249476,Camera,Amazon,canon eos r,249476.0
Canon EOS R6,258435,Camera,Flipkart,canon eos r,258435.0
Canon EOS R6,249473,Camera,Amazon,canon eos r,249473.0
Canon EOS R6,261117,Camera,Flipkart,canon eos r,261117.0
Canon EOS R6,248766,Camera,Amazon,canon eos r,248766.0
Canon EOS R6,259764,Camera,Flipkart,canon eos r,259764.0
Sony A7 IV,228422,Camera,Amazon,sony a iv,228422.0
Sony A7 IV,238106,Camera,Flipkart,sony a iv,238106.0
Sony A7 IV - Green,230444,Camera,Amazon,sony a iv green,230444.0
Sony A7 IV - Green,240448,Camera,Flipkart,sony a iv green,240448.0
Sony A7 IV - Gold,229693,Camera,Amazon,sony a iv gold,229693.0
Sony A7 IV - Gold,239587,Camera,Flipkart,sony a iv gold,239587.0
Sony A7 IV,228693,Camera,Amazon,sony a iv,228693.0
Sony A7 IV,240806,Camera,Flipkart,sony a iv,240806.0
Sony A7 IV,229232,Camera,Amazon,sony a iv,229232.0
Sony A7 IV,239098,Camera,Flipkart,sony a iv,239098.0
Sony A7 IV,229779,Camera,Amazon,sony a iv,229779.0
Sony A7 IV,239129,Camera,Flipkart,sony a iv,239129.0
Sony A7 IV,228314,Camera,Amazon,sony a iv,228314.0
Sony A7 IV,239478,Camera,Flipkart,sony a iv,239478.0
Sony A7 IV - Gold,230559,Camera,Amazon,sony a iv gold,230559.0
Sony A7 IV - Gold,240029,Camera,Flipkart,sony a iv gold,240029.0
Nikon Z9 - Red,349246,Camera,Amazon,nikon z red,349246.0
Nikon Z9 - Red,358026,Camera,Flipkart,nikon z red,358026.0
Nikon Z9,351292,Camera,Amazon,nikon z,351292.0
Nikon Z9,361530,Camera,Flipkart,nikon z,361530.0
Nikon Z9 - Silver,351339,Camera,Amazon,nikon z silver,351339.0
Nikon Z9 - Silver,361372,Camera,Flipkart,nikon z silver,361372.0
Nikon Z9 - Purple,350469,Camera,Amazon,nikon z purple,350469.0
Nikon Z9 - Purple,361879,Camera,Flipkart,nikon z purple,361879.0
Nikon Z9 - Blue,351949,Camera,Amazon,nikon z blue,351949.0
Nikon Z9 - Blue,359630,Camera,Flipkart,nikon z blue,359630.0
Nikon Z9 - Gold,350010,Camera,Amazon,nikon z gold,350010.0
Nikon Z9 - Gold,361962,Camera,Flipkart,nikon z gold,361962.0
Fujifilm X-T5,121343,Camera,Amazon,fujifilm xt,121343.0
Fujifilm X-T5,126217,Camera,Flipkart,fujifilm xt,126217.0
Fujifilm X-T5 - Silver,120308,Camera,Amazon,fujifilm xt silver,120308.0
Fujifilm X-T5 - Silver,123817,Camera,Flipkart,fujifilm xt silver,123817.0
Fujifilm X-T5 - Gold,118109,Camera,Amazon,fujifilm xt gold,118109.0
Fujifilm X-T5 - Gold,126902,Camera,Flipkart,fujifilm xt gold,126902.0
Fujifilm X-T5 - Green,119192,Camera,Amazon,fujifilm xt green,119192.0
Fujifilm X-T5 - Green,126403,Camera,Flipkart,fujifilm xt green,126403.0
Fujifilm X-T5,120593,Camera,Amazon,fujifilm xt,120593.0
Fujifilm X-T5,124239,Camera,Flipkart,fujifilm xt,124239.0
Fujifilm X-T5,121231,Camera,Amazon,fujifilm xt,121231.0
Fujifilm X-T5,124543,Camera,Flipkart,fujifilm xt,124543.0
Fujifilm X-T5 - Green,120383,Camera,Amazon,fujifilm xt green,120383.0
Fujifilm X-T5 - Green,124640,Camera,Flipkart,fujifilm xt green,124640.0
Panasonic S5II - White,135872,Camera,Amazon,panasonic sii white,135872.0
Panasonic S5II - White,141666,Camera,Flipkart,panasonic sii white,141666.0
Panasonic S5II - Silver,134015,Camera,Amazon,panasonic sii silver,134015.0
Panasonic S5II - Silver,140692,Camera,Flipkart,panasonic sii silver,140692.0
Panasonic S5II - Green,135305,Camera,Amazon,panasonic sii green,135305.0
Panasonic S5II - Green,140641,Camera,Flipkart,panasonic sii green,140641.0
Panasonic S5II,136954,Camera,Amazon,panasonic sii,136954.0
Panasonic S5II,141260,Camera,Flipkart,panasonic sii,141260.0
Panasonic S5II - Gold,134058,Camera,Amazon,panasonic sii gold,134058.0
Panasonic S5II - Gold,138908,Camera,Flipkart,panasonic sii gold,138908.0
Panasonic S5II - Silver,134601,Camera,Amazon,panasonic sii silver,134601.0
Panasonic S5II - Silver,139895,Camera,Flipkart,panasonic sii silver,139895.0
Panasonic S5II,133099,Camera,Amazon,panasonic sii,133099.0
Panasonic S5II,139976,Camera,Flipkart,panasonic sii,139976.0
DJI Air 3S - Silver,88474,Drone,Amazon,dji air s silver,88474.0
DJI Air 3S - Silver,96404,Drone,Flipkart,dji air s silver,96404.0
DJI Air 3S - Purple,89404,Drone,Amazon,dji air s purple,89404.0
DJI Air 3S - Purple,94864,Drone,Flipkart,dji air s purple,94864.0
DJI Air 3S - Purple,88398,Drone,Amazon,dji air s purple,88398.0
DJI Air 3S - Purple,94793,Drone,Flipkart,dji air s purple,94793.0
DJI Air 3S - White,89228,Drone,Amazon,dji air s white,89228.0
DJI Air 3S - White,93182,Drone,Flipkart,dji air s white,93182.0
DJI Air 3S,89404,Drone,Amazon,dji air s,89404.0
DJI Air 3S,95653,Drone,Flipkart,dji air s,95653.0
DJI Mini 3 Pro,48713,Drone,Amazon,dji mini pro,48713.0
DJI Mini 3 Pro,53259,Drone,Flipkart,dji mini pro,53259.0
DJI Mini 3 Pro,51924,Drone,Amazon,dji mini pro,51924.0
DJI Mini 3 Pro,52891,Drone,Flipkart,dji mini pro,52891.0
DJI Mini 3 Pro - Green,48754,Drone,Amazon,dji mini pro green,48754.0
DJI Mini 3 Pro - Green,51762,Drone,Flipkart,dji mini pro green,51762.0
DJI Mini 3 Pro - Purple,51019,Drone,Amazon,dji mini pro purple,51019.0
DJI Mini 3 Pro - Purple,53514,Drone,Flipkart,dji mini pro purple,53514.0
DJI Mini 3 Pro - Gold,49591,Drone,Amazon,dji mini pro gold,49591.0
DJI Mini 3 Pro - Gold,51017,Drone,Flipkart,dji mini pro gold,51017.0
DJI Mini 3 Pro - White,50881,Drone,Amazon,dji mini pro white,50881.0
DJI Mini 3 Pro - White,54311,Drone,Flipkart,dji mini pro white,54311.0
DJI Mini 3 Pro,48764,Drone,Amazon,dji mini pro,48764.0
DJI Mini 3 Pro,52497,Drone,Flipkart,dji mini pro,52497.0
DJI Mini 3 Pro - Red,49073,Drone,Amazon,dji mini pro red,49073.0
DJI Mini 3 Pro - Red,53746,Drone,Flipkart,dji mini pro red,53746.0
DJI Mini 3 Pro - Red,50502,Drone,Amazon,dji mini pro red,50502.0
DJI Mini 3 Pro - Red,52606,Drone,Flipkart,dji mini pro red,52606.0
DJI Avata 2 - Blue,65527,Drone,Amazon,dji avata blue,65527.0
DJI Avata 2 - Blue,68705,Drone,Flipkart,dji avata blue,68705.0
DJI Avata 2,63346,Drone,Amazon,dji avata,63346.0
DJI Avata 2,70751,Drone,Flipkart,dji avata,70751.0
DJI Avata 2,64249,Drone,Amazon,dji avata,64249.0
DJI Avata 2,68478,Drone,Flipkart,dji avata,68478.0
DJI Avata 2 - Green,64590,Drone,Amazon,dji avata green,64590.0
DJI Avata 2 - Green,69712,Drone,Flipkart,dji avata green,69712.0
DJI Avata 2 - Silver,64992,Drone,Amazon,dji avata silver,64992.0
DJI Avata 2 - Silver,70602,Drone,Flipkart,dji avata silver,70602.0
DJI Avata 2,65004,Drone,Amazon,dji avata,65004.0
DJI Avata 2,69182,Drone,Flipkart,dji avata,69182.0
DJI Avata 2,64846,Drone,Amazon,dji avata,64846.0
DJI Avata 2,70536,Drone,Flipkart,dji avata,70536.0
DJI Avata 2,63038,Drone,Amazon,dji avata,63038.0
DJI Avata 2,69983,Drone,Flipkart,dji avata,69983.0
Skydio 2,100673,Drone,Amazon,skydio,100673.0
Skydio 2,105026,Drone,Flipkart,skydio,105026.0
Skydio 2,100907,Drone,Amazon,skydio,100907.0
Skydio 2,106439,Drone,Flipkart,skydio,106439.0
Skydio 2 - Gold,100314,Drone,Amazon,skydio gold,100314.0
Skydio 2 - Gold,103125,Drone,Flipkart,skydio gold,103125.0
Skydio 2 - Silver,99124,Drone,Amazon,skydio silver,99124.0
Skydio 2 - Silver,103919,Drone,Flipkart,skydio silver,103919.0
Skydio 2 - White,101040,Drone,Amazon,skydio white,101040.0
Skydio 2 - White,106163,Drone,Flipkart,skydio white,106163.0
Skydio 2 - Red,99096,Drone,Amazon,skydio red,99096.0
Skydio 2 - Red,106173,Drone,Flipkart,skydio red,106173.0
Skydio 2 - Purple,101098,Drone,Amazon,skydio purple,101098.0
Skydio 2 - Purple,103169,Drone,Flipkart,skydio purple,103169.0
Skydio 2 - Gold,99740,Drone,Amazon,skydio gold,99740.0
Skydio 2 - Gold,103418,Drone,Flipkart,skydio gold,103418.0
Skydio 2,98131,Drone,Amazon,skydio,98131.0
Skydio 2,104841,Drone,Flipkart,skydio,104841.0
Nike Air Force 1 - Gold,9043,Shoes,Amazon,nike air force gold,9043.0
Nike Air Force 1 - Gold,6979,Shoes,Flipkart,nike air force gold,6979.0
Nike Air Force 1 - Green,8520,Shoes,Amazon,nike air force green,8520.0
Nike Air Force 1 - Green,8907,Shoes,Flipkart,nike air force green,8907.0
Nike Air Force 1,6069,Shoes,Amazon,nike air force,6069.0
Nike Air Force 1,9713,Shoes,Flipkart,nike air force,9713.0
Nike Air Force 1,5742,Shoes,Amazon,nike air force,5742.0
Nike Air Force 1,8834,Shoes,Flipkart,nike air force,8834.0
Nike Air Force 1,7705,Shoes,Amazon,nike air force,7705.0
Nike Air Force 1,7188,Shoes,Flipkart,nike air force,7188.0
Nike Air Force 1 - White,7844,Shoes,Amazon,nike air force white,7844.0
Nike Air Force 1 - White,7594,Shoes,Flipkart,nike air force white,7594.0
Nike Air Force 1,8571,Shoes,Amazon,nike air force,8571.0
Nike Air Force 1,9717,Shoes,Flipkart,nike air force,9717.0
Nike Air Force 1 - Silver,6634,Shoes,Amazon,nike air force silver,6634.0
Nike Air Force 1 - Silver,10050,Shoes,Flipkart,nike air force silver,10050.0
Adidas Ultraboost 23,12318,Shoes,Amazon,adidas ultraboost,12318.0
Adidas Ultraboost 23,15892,Shoes,Flipkart,adidas ultraboost,15892.0
Adidas Ultraboost 23 - Blue,13003,Shoes,Amazon,adidas ultraboost blue,13003.0
Adidas Ultraboost 23 - Blue,13081,Shoes,Flipkart,adidas ultraboost blue,13081.0
Adidas Ultraboost 23 - White,12850,Shoes,Amazon,adidas ultraboost white,12850.0
Adidas Ultraboost 23 - White,12808,Shoes,Flipkart,adidas ultraboost white,12808.0
Adidas Ultraboost 23 - Red,14070,Shoes,Amazon,adidas ultraboost red,14070.0
Adidas Ultraboost 23 - Red,13638,Shoes,Flipkart,adidas ultraboost red,13638.0
Adidas Ultraboost 23 - White,12998,Shoes,Amazon,adidas ultraboost white,12998.0
Adidas Ultraboost 23 - White,13839,Shoes,Flipkart,adidas ultraboost white,13839.0
Adidas Ultraboost 23 - White,13599,Shoes,Amazon,adidas ultraboost white,13599.0
Adidas Ultraboost 23 - White,15219,Shoes,Flipkart,adidas ultraboost white,15219.0
Adidas Ultraboost 23,11891,Shoes,Amazon,adidas ultraboost,11891.0
Adidas Ultraboost 23,16464,Shoes,Flipkart,adidas ultraboost,16464.0
Adidas Ultraboost 23 - Red,12098,Shoes,Amazon,adidas ultraboost red,12098.0
Adidas Ultraboost 23 - Red,13821,Shoes,Flipkart,adidas ultraboost red,13821.0
Adidas Ultraboost 23 - Red,11533,Shoes,Amazon,adidas ultraboost red,11533.0
Adidas Ultraboost 23 - Red,14817,Shoes,Flipkart,adidas ultraboost red,14817.0
Adidas Ultraboost 23 - Purple,11187,Shoes,Amazon,adidas ultraboost purple,11187.0
Adidas Ultraboost 23 - Purple,12906,Shoes,Flipkart,adidas ultraboost purple,12906.0
Puma RS-X,6806,Shoes,Amazon,puma rsx,6806.0
Puma RS-X,7868,Shoes,Flipkart,puma rsx,7868.0
Puma RS-X,7819,Shoes,Amazon,puma rsx,7819.0
Puma RS-X,9723,Shoes,Flipkart,puma rsx,9723.0
Puma RS-X - White,8580,Shoes,Amazon,puma rsx white,8580.0
Puma RS-X - White,9819,Shoes,Flipkart,puma rsx white,9819.0
Puma RS-X - Silver,5336,Shoes,Amazon,puma rsx silver,5336.0
Puma RS-X - Silver,7522,Shoes,Flipkart,puma rsx silver,7522.0
Puma RS-X - Gold,7561,Shoes,Amazon,puma rsx gold,7561.0
Puma RS-X - Gold,7250,Shoes,Flipkart,puma rsx gold,7250.0
Puma RS-X,5372,Shoes,Amazon,puma rsx,5372.0
Puma RS-X,8881,Shoes,Flipkart,puma rsx,8881.0
Converse Chuck Taylor,3042,Shoes,Amazon,converse chuck taylor,3042.0
Converse Chuck Taylor,5930,Shoes,Flipkart,converse chuck taylor,5930.0
Converse Chuck Taylor,2532,Shoes,Amazon,converse chuck taylor,2532.0
Converse Chuck Taylor,6348,Shoes,Flipkart,converse chuck taylor,6348.0
Converse Chuck Taylor - Purple,6022,Shoes,Amazon,converse chuck taylor purple,6022.0
Converse Chuck Taylor - Purple,5228,Shoes,Flipkart,converse chuck taylor purple,5228.0
Converse Chuck Taylor - White,4068,Shoes,Amazon,converse chuck taylor white,4068.0
Converse Chuck Taylor - White,3864,Shoes,Flipkart,converse chuck taylor white,3864.0
Converse Chuck Taylor,4004,Shoes,Amazon,converse chuck taylor,4004.0
Converse Chuck Taylor,7107,Shoes,Flipkart,converse chuck taylor,7107.0
New Balance 990v6,15626,Shoes,Amazon,new balance v,15626.0
New Balance 990v6,17272,Shoes,Flipkart,new balance v,17272.0
New Balance 990v6 - Purple,13033,Shoes,Amazon,new balance v purple,13033.0
New Balance 990v6 - Purple,16998,Shoes,Flipkart,new balance v purple,16998.0
New Balance 990v6 - Green,13871,Shoes,Amazon,new balance v green,13871.0
New Balance 990v6 - Green,17071,Shoes,Flipkart,new balance v green,17071.0
New Balance 990v6,16521,Shoes,Amazon,new balance v,16521.0
New Balance 990v6,15388,Shoes,Flipkart,new balance v,15388.0
New Balance 990v6 - Green,16081,Shoes,Amazon,new balance v green,16081.0
New Balance 990v6 - Green,15003,Shoes,Flipkart,new balance v green,15003.0
New Balance 990v6 - Gold,14757,Shoes,Amazon,new balance v gold,14757.0
New Balance 990v6 - Gold,15787,Shoes,Flipkart,new balance v gold,15787.0
Nike Air Max 90 - Blue,8015,Shoes,Amazon,nike air max blue,8015.0
Nike Air Max 90 - Blue,10265,Shoes,Flipkart,nike air max blue,10265.0
Nike Air Max 90 - Blue,10471,Shoes,Amazon,nike air max blue,10471.0
Nike Air Max 90 - Blue,11468,Shoes,Flipkart,nike air max blue,11468.0
Nike Air Max 90,9484,Shoes,Amazon,nike air max,9484.0
Nike Air Max 90,10086,Shoes,Flipkart,nike air max,10086.0
Nike Air Max 90 - Gold,9645,Shoes,Amazon,nike air max gold,9645.0
Nike Air Max 90 - Gold,8222,Shoes,Flipkart,nike air max gold,8222.0
Nike Air Max 90,7460,Shoes,Amazon,nike air max,7460.0
Nike Air Max 90,8986,Shoes,Flipkart,nike air max,8986.0
Adidas Stan Smith - Red,7639,Shoes,Amazon,adidas stan smith red,7639.0
Adidas Stan Smith - Red,5048,Shoes,Flipkart,adidas stan smith red,5048.0
Adidas Stan Smith - Red,7524,Shoes,Amazon,adidas stan smith red,7524.0
Adidas Stan Smith - Red,8435,Shoes,Flipkart,adidas stan smith red,8435.0
Adidas Stan Smith,4706,Shoes,Amazon,adidas stan smith,4706.0
Adidas Stan Smith,8123,Shoes,Flipkart,adidas stan smith,8123.0
Adidas Stan Smith,4067,Shoes,Amazon,adidas stan smith,4067.0
Adidas Stan Smith,7404,Shoes,Flipkart,adidas stan smith,7404.0
Adidas Stan Smith,4162,Shoes,Amazon,adidas stan smith,4162.0
Adidas Stan Smith,8777,Shoes,Flipkart,adidas stan smith,8777.0
Adidas Stan Smith - Green,5172,Shoes,Amazon,adidas stan smith green,5172.0
Adidas Stan Smith - Green,7573,Shoes,Flipkart,adidas stan smith green,7573.0
Adidas Stan Smith - Silver,5646,Shoes,Amazon,adidas stan smith silver,5646.0
Adidas Stan Smith - Silver,5336,Shoes,Flipkart,adidas stan smith silver,5336.0
Adidas Stan Smith - Gold,5268,Shoes,Amazon,adidas stan smith gold,5268.0
Adidas Stan Smith - Gold,5322,Shoes,Flipkart,adidas stan smith gold,5322.0
Adidas Stan Smith,6196,Shoes,Amazon,adidas stan smith,6196.0
Adidas Stan Smith,6337,Shoes,Flipkart,adidas stan smith,6337.0
Saucony Ride 15,11633,Shoes,Amazon,saucony ride,11633.0
Saucony Ride 15,10769,Shoes,Flipkart,saucony ride,10769.0
Saucony Ride 15,12904,Shoes,Amazon,saucony ride,12904.0
Saucony Ride 15,13966,Shoes,Flipkart,saucony ride,13966.0
Saucony Ride 15,12786,Shoes,Amazon,saucony ride,12786.0
Saucony Ride 15,12278,Shoes,Flipkart,saucony ride,12278.0
Saucony Ride 15 - Silver,10265,Shoes,Amazon,saucony ride silver,10265.0
Saucony Ride 15 - Silver,13227,Shoes,Flipkart,saucony ride silver,13227.0
Saucony Ride 15 - Silver,11898,Shoes,Amazon,saucony ride silver,11898.0
Saucony Ride 15 - Silver,11061,Shoes,Flipkart,saucony ride silver,11061.0
Saucony Ride 15 - Blue,10419,Shoes,Amazon,saucony ride blue,10419.0
Saucony Ride 15 - Blue,12641,Shoes,Flipkart,saucony ride blue,12641.0
Saucony Ride 15 - Blue,9518,Shoes,Amazon,saucony ride blue,9518.0
Saucony Ride 15 - Blue,13570,Shoes,Flipkart,saucony ride blue,13570.0
Saucony Ride 15,12158,Shoes,Amazon,saucony ride,12158.0
Saucony Ride 15,14184,Shoes,Flipkart,saucony ride,14184.0
Saucony Ride 15,11144,Shoes,Amazon,saucony ride,11144.0
Saucony Ride 15,10760,Shoes,Flipkart,saucony ride,10760.0
Saucony Ride 15,9314,Shoes,Amazon,saucony ride,9314.0
Saucony Ride 15,12531,Shoes,Flipkart,saucony ride,12531.0
Asics Gel-Kayano,15518,Shoes,Amazon,asics gelkayano,15518.0
Asics Gel-Kayano,15820,Shoes,Flipkart,asics gelkayano,15820.0
Asics Gel-Kayano - White,15166,Shoes,Amazon,asics gelkayano white,15166.0
Asics Gel-Kayano - White,13920,Shoes,Flipkart,asics gelkayano white,13920.0
Asics Gel-Kayano,14083,Shoes,Amazon,asics gelkayano,14083.0
Asics Gel-Kayano,13509,Shoes,Flipkart,asics gelkayano,13509.0
Asics Gel-Kayano,12187,Shoes,Amazon,asics gelkayano,12187.0
Asics Gel-Kayano,15431,Shoes,Flipkart,asics gelkayano,15431.0
Asics Gel-Kayano - Green,15813,Shoes,Amazon,asics gelkayano green,15813.0
Asics Gel-Kayano - Green,17432,Shoes,Flipkart,asics gelkayano green,17432.0
Asics Gel-Kayano - Red,13015,Shoes,Amazon,asics gelkayano red,13015.0
Asics Gel-Kayano - Red,15203,Shoes,Flipkart,asics gelkayano red,15203.0
Asics Gel-Kayano,12318,Shoes,Amazon,asics gelkayano,12318.0
Asics Gel-Kayano,15840,Shoes,Flipkart,asics gelkayano,15840.0
Asics Gel-Kayano,15693,Shoes,Amazon,asics gelkayano,15693.0
Asics Gel-Kayano,13714,Shoes,Flipkart,asics gelkayano,13714.0
Puma Future Z,10281,Shoes,Amazon,puma future z,10281.0
Puma Future Z,15091,Shoes,Flipkart,puma future z,15091.0
Puma Future Z,13459,Shoes,Amazon,puma future z,13459.0
Puma Future Z,12771,Shoes,Flipkart,puma future z,12771.0
Puma Future Z,10031,Shoes,Amazon,puma future z,10031.0
Puma Future Z,13010,Shoes,Flipkart,puma future z,13010.0
Puma Future Z - Purple,11243,Shoes,Amazon,puma future z purple,11243.0
Puma Future Z - Purple,14528,Shoes,Flipkart,puma future z purple,14528.0
Puma Future Z - Gold,13979,Shoes,Amazon,puma future z gold,13979.0
Puma Future Z - Gold,13519,Shoes,Flipkart,puma future z gold,13519.0
Puma Future Z,13113,Shoes,Amazon,puma future z,13113.0
Puma Future Z,14759,Shoes,Flipkart,puma future z,14759.0
Puma Future Z,11678,Shoes,Amazon,puma future z,11678.0
Puma Future Z,11596,Shoes,Flipkart,puma future z,11596.0
Puma Future Z - Red,13437,Shoes,Amazon,puma future z red,13437.0
Puma Future Z - Red,14339,Shoes,Flipkart,puma future z red,14339.0
Nike React - Blue,6540,Shoes,Amazon,nike react blue,6540.0
Nike React - Blue,9476,Shoes,Flipkart,nike react blue,9476.0
Nike React,7169,Shoes,Amazon,nike react,7169.0
Nike React,6974,Shoes,Flipkart,nike react,6974.0
Nike React,7913,Shoes,Amazon,nike react,7913.0
Nike React,7145,Shoes,Flipkart,nike react,7145.0
Nike React - Purple,6690,Shoes,Amazon,nike react purple,6690.0
Nike React - Purple,8869,Shoes,Flipkart,nike react purple,8869.0
Nike React - Green,7377,Shoes,Amazon,nike react green,7377.0
Nike React - Green,6390,Shoes,Flipkart,nike react green,6390.0
Nike React,7324,Shoes,Amazon,nike react,7324.0
Nike React,6254,Shoes,Flipkart,nike react,6254.0
Nike React - Green,6193,Shoes,Amazon,nike react green,6193.0
Nike React - Green,7068,Shoes,Flipkart,nike react green,7068.0
Nike React,6301,Shoes,Amazon,nike react,6301.0
Nike React,7853,Shoes,Flipkart,nike react,7853.0
Nike React - White,5829,Shoes,Amazon,nike react white,5829.0
Nike React - White,6556,Shoes,Flipkart,nike react white,6556.0
Nike React,5672,Shoes,Amazon,nike react,5672.0
Nike React,7840,Shoes,Flipkart,nike react,7840.0
Adidas NMD R1 - Purple,8466,Shoes,Amazon,adidas nmd r purple,8466.0
Adidas NMD R1 - Purple,12450,Shoes,Flipkart,adidas nmd r purple,12450.0
Adidas NMD R1,8084,Shoes,Amazon,adidas nmd r,8084.0
Adidas NMD R1,11990,Shoes,Flipkart,adidas nmd r,11990.0
Adidas NMD R1 - Black,9809,Shoes,Amazon,adidas nmd r black,9809.0
Adidas NMD R1 - Black,9745,Shoes,Flipkart,adidas nmd r black,9745.0
Adidas NMD R1,10507,Shoes,Amazon,adidas nmd r,10507.0
Adidas NMD R1,9841,Shoes,Flipkart,adidas nmd r,9841.0
Adidas NMD R1,8622,Shoes,Amazon,adidas nmd r,8622.0
Adidas NMD R1,10602,Shoes,Flipkart,adidas nmd r,10602.0
Adidas NMD R1,10358,Shoes,Amazon,adidas nmd r,10358.0
Adidas NMD R1,9211,Shoes,Flipkart,adidas nmd r,9211.0
Adidas NMD R1 - Gold,8851,Shoes,Amazon,adidas nmd r gold,8851.0
Adidas NMD R1 - Gold,10776,Shoes,Flipkart,adidas nmd r gold,10776.0
Adidas NMD R1 - White,7416,Shoes,Amazon,adidas nmd r white,7416.0
Adidas NMD R1 - White,11791,Shoes,Flipkart,adidas nmd r white,11791.0
Adidas NMD R1 - Silver,10400,Shoes,Amazon,adidas nmd r silver,10400.0
Adidas NMD R1 - Silver,11697,Shoes,Flipkart,adidas nmd r silver,11697.0
Vans Old Skool - White,4523,Shoes,Amazon,vans old skool white,4523.0
Vans Old Skool - White,6810,Shoes,Flipkart,vans old skool white,6810.0
Vans Old Skool - Black,4059,Shoes,Amazon,vans old skool black,4059.0
Vans Old Skool - Black,7756,Shoes,Flipkart,vans old skool black,7756.0
Vans Old Skool,6695,Shoes,Amazon,vans old skool,6695.0
Vans Old Skool,6644,Shoes,Flipkart,vans old skool,6644.0
Vans Old Skool - Red,6706,Shoes,Amazon,vans old skool red,6706.0
Vans Old Skool - Red,7469,Shoes,Flipkart,vans old skool red,7469.0
Vans Old Skool,6858,Shoes,Amazon,vans old skool,6858.0
Vans Old Skool,5887,Shoes,Flipkart,vans old skool,5887.0
Vans Old Skool,6364,Shoes,Amazon,vans old skool,6364.0
Vans Old Skool,6966,Shoes,Flipkart,vans old skool,6966.0
Vans Old Skool,5797,Shoes,Amazon,vans old skool,5797.0
Vans Old Skool,5746,Shoes,Flipkart,vans old skool,5746.0
Vans Old Skool,3765,Shoes,Amazon,vans old skool,3765.0
Vans Old Skool,5125,Shoes,Flipkart,vans old skool,5125.0
Dr. Martens 1460,17535,Shoes,Amazon,dr martens,17535.0
Dr. Martens 1460,19526,Shoes,Flipkart,dr martens,19526.0
Dr. Martens 1460 - Black,16686,Shoes,Amazon,dr martens black,16686.0
Dr. Martens 1460 - Black,20614,Shoes,Flipkart,dr martens black,20614.0
Dr. Martens 1460,16567,Shoes,Amazon,dr martens,16567.0
Dr. Martens 1460,17561,Shoes,Flipkart,dr martens,17561.0
Dr. Martens 1460 - Black,16019,Shoes,Amazon,dr martens black,16019.0
Dr. Martens 1460 - Black,19582,Shoes,Flipkart,dr martens black,19582.0
Dr. Martens 1460 - Red,16963,Shoes,Amazon,dr martens red,16963.0
Dr. Martens 1460 - Red,19229,Shoes,Flipkart,dr martens red,19229.0
Dr. Martens 1460,16316,Shoes,Amazon,dr martens,16316.0
Dr. Martens 1460,18589,Shoes,Flipkart,dr martens,18589.0
Dr. Martens 1460,17444,Shoes,Amazon,dr martens,17444.0
Dr. Martens 1460,17896,Shoes,Flipkart,dr martens,17896.0
Dr. Martens 1460 - Red,15238,Shoes,Amazon,dr martens red,15238.0
Dr. Martens 1460 - Red,20311,Shoes,Flipkart,dr martens red,20311.0
Dr. Martens 1460,18988,Shoes,Amazon,dr martens,18988.0
Dr. Martens 1460,17652,Shoes,Flipkart,dr martens,17652.0
Clarks Desert Boot - Black,8342,Shoes,Amazon,clarks desert boot black,8342.0
Clarks Desert Boot - Black,9739,Shoes,Flipkart,clarks desert boot black,9739.0
Clarks Desert Boot - Green,7357,Shoes,Amazon,clarks desert boot green,7357.0
Clarks Desert Boot - Green,9966,Shoes,Flipkart,clarks desert boot green,9966.0
Clarks Desert Boot,8436,Shoes,Amazon,clarks desert boot,8436.0
Clarks Desert Boot,9961,Shoes,Flipkart,clarks desert boot,9961.0
Clarks Desert Boot - Red,6301,Shoes,Amazon,clarks desert boot red,6301.0
Clarks Desert Boot - Red,9801,Shoes,Flipkart,clarks desert boot red,9801.0
Clarks Desert Boot,7880,Shoes,Amazon,clarks desert boot,7880.0
Clarks Desert Boot,9368,Shoes,Flipkart,clarks desert boot,9368.0
Clarks Desert Boot - Purple,5581,Shoes,Amazon,clarks desert boot purple,5581.0
Clarks Desert Boot - Purple,8805,Shoes,Flipkart,clarks desert boot purple,8805.0
Clarks Desert Boot,5718,Shoes,Amazon,clarks desert boot,5718.0
Clarks Desert Boot,8507,Shoes,Flipkart,clarks desert boot,8507.0
Clarks Desert Boot,7463,Shoes,Amazon,clarks desert boot,7463.0
Clarks Desert Boot,7395,Shoes,Flipkart,clarks desert boot,7395.0
Clarks Desert Boot - Silver,6357,Shoes,Amazon,clarks desert boot silver,6357.0
Clarks Desert Boot - Silver,10258,Shoes,Flipkart,clarks desert boot silver,10258.0
Levi's 501 - Red,4762,Jeans,Amazon,levis red,4762.0
Levi's 501 - Red,4785,Jeans,Flipkart,levis red,4785.0
Levi's 501 - Silver,1604,Jeans,Amazon,levis silver,1604.0
Levi's 501 - Silver,3901,Jeans,Flipkart,levis silver,3901.0
Levi's 501 - Red,4524,Jeans,Amazon,levis red,4524.0
Levi's 501 - Red,2993,Jeans,Flipkart,levis red,2993.0
Levi's 501,2619,Jeans,Amazon,levis,2619.0
Levi's 501,3899,Jeans,Flipkart,levis,3899.0
Levi's 501,1557,Jeans,Amazon,levis,1557.0
Levi's 501,5496,Jeans,Flipkart,levis,5496.0
Levi's 501 - Silver,4933,Jeans,Amazon,levis silver,4933.0
Levi's 501 - Silver,3494,Jeans,Flipkart,levis silver,3494.0
Levi's 711 - Red,5142,Jeans,Amazon,levis red,5142.0
Levi's 711 - Red,5803,Jeans,Flipkart,levis red,5803.0
Levi's 711,3911,Jeans,Amazon,levis,3911.0
Levi's 711,5335,Jeans,Flipkart,levis,5335.0
Levi's 711,4319,Jeans,Amazon,levis,4319.0
Levi's 711,3205,Jeans,Flipkart,levis,3205.0
Levi's 711 - Black,3102,Jeans,Amazon,levis black,3102.0
Levi's 711 - Black,5483,Jeans,Flipkart,levis black,5483.0
Levi's 711 - Gold,2802,Jeans,Amazon,levis gold,2802.0
Levi's 711 - Gold,5771,Jeans,Flipkart,levis gold,5771.0
Levi's 711,4031,Jeans,Flipkart,levis,4031.0
Levi's 711,2919,Jeans,Amazon,levis,2919.0
Levi's 711,3307,Jeans,Flipkart,levis,3307.0
Levi's 711 - Red,4864,Jeans,Amazon,levis red,4864.0
Levi's 711 - Red,4902,Jeans,Flipkart,levis red,4902.0
Levi's 711,2585,Jeans,Amazon,levis,2585.0
Levi's 711,2857,Jeans,Flipkart,levis,2857.0
Levi's 711,2550,Jeans,Amazon,levis,2550.0
Levi's 711,5222,Jeans,Flipkart,levis,5222.0
Tommy Hilfiger Jeans,3793,Jeans,Amazon,tommy hilfiger jeans,3793.0
Tommy Hilfiger Jeans,5499,Jeans,Flipkart,tommy hilfiger jeans,5499.0
Tommy Hilfiger Jeans - Red,3694,Jeans,Amazon,tommy hilfiger jeans red,3694.0
Tommy Hilfiger Jeans - Red,4518,Jeans,Flipkart,tommy hilfiger jeans red,4518.0
Tommy Hilfiger Jeans,2414,Jeans,Amazon,tommy hilfiger jeans,2414.0
Tommy Hilfiger Jeans,5893,Jeans,Flipkart,tommy hilfiger jeans,5893.0
Tommy Hilfiger Jeans,5104,Jeans,Amazon,tommy hilfiger jeans,5104.0
Tommy Hilfiger Jeans,5313,Jeans,Flipkart,tommy hilfiger jeans,5313.0
Tommy Hilfiger Jeans,5272,Jeans,Amazon,tommy hilfiger jeans,5272.0
Tommy Hilfiger Jeans,5963,Jeans,Flipkart,tommy hilfiger jeans,5963.0
Tommy Hilfiger Jeans,3068,Jeans,Amazon,tommy hilfiger jeans,3068.0
Tommy Hilfiger Jeans,6397,Jeans,Flipkart,tommy hilfiger jeans,6397.0
Tommy Hilfiger Jeans,5635,Jeans,Amazon,tommy hilfiger jeans,5635.0
Tommy Hilfiger Jeans,4036,Jeans,Flipkart,tommy hilfiger jeans,4036.0
Tommy Hilfiger Jeans - Red,5856,Jeans,Amazon,tommy hilfiger jeans red,5856.0
Tommy Hilfiger Jeans - Red,6177,Jeans,Flipkart,tommy hilfiger jeans red,6177.0
Lee Cooper Jeans - Green,3657,Jeans,Amazon,lee cooper jeans green,3657.0
Lee Cooper Jeans - Green,2476,Jeans,Flipkart,lee cooper jeans green,2476.0
Lee Cooper Jeans,2486,Jeans,Amazon,lee cooper jeans,2486.0
Lee Cooper Jeans,4143,Jeans,Flipkart,lee cooper jeans,4143.0
Lee Cooper Jeans - Green,1355,Jeans,Amazon,lee cooper jeans green,1355.0
Lee Cooper Jeans - Green,1340,Jeans,Flipkart,lee cooper jeans green,1340.0
Lee Cooper Jeans,1085,Jeans,Amazon,lee cooper jeans,1085.0
Lee Cooper Jeans,3204,Jeans,Flipkart,lee cooper jeans,3204.0
Lee Cooper Jeans - Purple,202,Jeans,Amazon,lee cooper jeans purple,202.0
Lee Cooper Jeans - Purple,2108,Jeans,Flipkart,lee cooper jeans purple,2108.0
Lee Cooper Jeans,1476,Jeans,Amazon,lee cooper jeans,1476.0
Lee Cooper Jeans,514,Jeans,Flipkart,lee cooper jeans,514.0
Lee Cooper Jeans - Gold,2710,Jeans,Amazon,lee cooper jeans gold,2710.0
Lee Cooper Jeans - Gold,3059,Jeans,Flipkart,lee cooper jeans gold,3059.0
Lee Cooper Jeans - White,846,Jeans,Amazon,lee cooper jeans white,846.0
Lee Cooper Jeans - White,1198,Jeans,Flipkart,lee cooper jeans white,1198.0
Lee Cooper Jeans - Purple,472,Jeans,Amazon,lee cooper jeans purple,472.0
Lee Cooper Jeans - Purple,1762,Jeans,Flipkart,lee cooper jeans purple,1762.0
Wrangler Jeans - Green,1584,Jeans,Amazon,wrangler jeans green,1584.0
Wrangler Jeans - Green,1372,Jeans,Flipkart,wrangler jeans green,1372.0
Wrangler Jeans,4125,Jeans,Amazon,wrangler jeans,4125.0
Wrangler Jeans,2561,Jeans,Flipkart,wrangler jeans,2561.0
Wrangler Jeans,1577,Jeans,Amazon,wrangler jeans,1577.0
Wrangler Jeans,2800,Jeans,Flipkart,wrangler jeans,2800.0
Wrangler Jeans,1599,Jeans,Amazon,wrangler jeans,1599.0
Wrangler Jeans,3310,Jeans,Flipkart,wrangler jeans,3310.0
Wrangler Jeans - Green,895,Jeans,Amazon,wrangler jeans green,895.0
Wrangler Jeans - Green,1350,Jeans,Flipkart,wrangler jeans green,1350.0
Wrangler Jeans,1430,Jeans,Amazon,wrangler jeans,1430.0
Wrangler Jeans,3266,Jeans,Flipkart,wrangler jeans,3266.0
Wrangler Jeans - Purple,2639,Jeans,Amazon,wrangler jeans purple,2639.0
Wrangler Jeans - Purple,2713,Jeans,Flipkart,wrangler jeans purple,2713.0
Wrangler Jeans,1464,Jeans,Amazon,wrangler jeans,1464.0
Wrangler Jeans,2949,Jeans,Flipkart,wrangler jeans,2949.0
Wrangler Jeans,3996,Jeans,Amazon,wrangler jeans,3996.0
Wrangler Jeans,3924,Jeans,Flipkart,wrangler jeans,3924.0
Wrangler Jeans - Silver,2615,Jeans,Amazon,wrangler jeans silver,2615.0
Wrangler Jeans - Silver,4277,Jeans,Flipkart,wrangler jeans silver,4277.0
Gap Dark Blue Jeans - Gold,1007,Jeans,Amazon,gap dark blue jeans gold,1007.0
Gap Dark Blue Jeans - Gold,4686,Jeans,Flipkart,gap dark blue jeans gold,4686.0
Gap Dark Blue Jeans,473,Jeans,Amazon,gap dark blue jeans,473.0
Gap Dark Blue Jeans,2533,Jeans,Flipkart,gap dark blue jeans,2533.0
Gap Dark Blue Jeans,3668,Jeans,Amazon,gap dark blue jeans,3668.0
Gap Dark Blue Jeans,3368,Jeans,Flipkart,gap dark blue jeans,3368.0
Gap Dark Blue Jeans - White,1608,Jeans,Amazon,gap dark blue jeans white,1608.0
Gap Dark Blue Jeans - White,4529,Jeans,Flipkart,gap dark blue jeans white,4529.0
Gap Dark Blue Jeans - Blue,2577,Jeans,Amazon,gap dark blue jeans blue,2577.0
Gap Dark Blue Jeans - Blue,2426,Jeans,Flipkart,gap dark blue jeans blue,2426.0
Gap Dark Blue Jeans,4055,Jeans,Amazon,gap dark blue jeans,4055.0
Gap Dark Blue Jeans,4376,Jeans,Flipkart,gap dark blue jeans,4376.0
Gap Dark Blue Jeans,2439,Jeans,Amazon,gap dark blue jeans,2439.0
Gap Dark Blue Jeans,4000,Jeans,Flipkart,gap dark blue jeans,4000.0
Gap Dark Blue Jeans - White,906,Jeans,Amazon,gap dark blue jeans white,906.0
Gap Dark Blue Jeans - White,3119,Jeans,Flipkart,gap dark blue jeans white,3119.0
Forever 21 Skinny Jeans - Red,2217,Jeans,Amazon,forever skinny jeans red,2217.0
Forever 21 Skinny Jeans - Red,670,Jeans,Flipkart,forever skinny jeans red,670.0
Forever 21 Skinny Jeans,567,Jeans,Amazon,forever skinny jeans,567.0
Forever 21 Skinny Jeans,2181,Jeans,Flipkart,forever skinny jeans,2181.0
Forever 21 Skinny Jeans,627,Jeans,Flipkart,forever skinny jeans,627.0
Forever 21 Skinny Jeans,1840,Jeans,Amazon,forever skinny jeans,1840.0
Forever 21 Skinny Jeans,1144,Jeans,Flipkart,forever skinny jeans,1144.0
Forever 21 Skinny Jeans,1827,Jeans,Amazon,forever skinny jeans,1827.0
Forever 21 Skinny Jeans,472,Jeans,Flipkart,forever skinny jeans,472.0
Mango Straight Fit,4273,Jeans,Amazon,mango straight fit,4273.0
Mango Straight Fit,2624,Jeans,Flipkart,mango straight fit,2624.0
Mango Straight Fit - White,1872,Jeans,Amazon,mango straight fit white,1872.0
Mango Straight Fit - White,2247,Jeans,Flipkart,mango straight fit white,2247.0
Mango Straight Fit - Purple,1149,Jeans,Amazon,mango straight fit purple,1149.0
Mango Straight Fit - Purple,2329,Jeans,Flipkart,mango straight fit purple,2329.0
Mango Straight Fit,1702,Jeans,Amazon,mango straight fit,1702.0
Mango Straight Fit,4084,Jeans,Flipkart,mango straight fit,4084.0
Mango Straight Fit - Green,2408,Jeans,Amazon,mango straight fit green,2408.0
Mango Straight Fit - Green,1964,Jeans,Flipkart,mango straight fit green,1964.0
Mango Straight Fit - Silver,4151,Jeans,Amazon,mango straight fit silver,4151.0
Mango Straight Fit - Silver,2630,Jeans,Flipkart,mango straight fit silver,2630.0
Mango Straight Fit,3505,Jeans,Amazon,mango straight fit,3505.0
Mango Straight Fit,3174,Jeans,Flipkart,mango straight fit,3174.0
Zara Premium Jeans,1617,Jeans,Amazon,zara premium jeans,1617.0
Zara Premium Jeans,2710,Jeans,Flipkart,zara premium jeans,2710.0
Zara Premium Jeans,2520,Jeans,Amazon,zara premium jeans,2520.0
Zara Premium Jeans,2134,Jeans,Flipkart,zara premium jeans,2134.0
Zara Premium Jeans - Green,2621,Jeans,Amazon,zara premium jeans green,2621.0
Zara Premium Jeans - Green,3507,Jeans,Flipkart,zara premium jeans green,3507.0
Zara Premium Jeans,4289,Jeans,Amazon,zara premium jeans,4289.0
Zara Premium Jeans,2124,Jeans,Flipkart,zara premium jeans,2124.0
Zara Premium Jeans - Purple,3326,Jeans,Amazon,zara premium jeans purple,3326.0
Zara Premium Jeans - Purple,2726,Jeans,Flipkart,zara premium jeans purple,2726.0
Zara Premium Jeans,2931,Jeans,Amazon,zara premium jeans,2931.0
Zara Premium Jeans,3409,Jeans,Flipkart,zara premium jeans,3409.0
Zara Premium Jeans,2666,Jeans,Amazon,zara premium jeans,2666.0
Zara Premium Jeans,2111,Jeans,Flipkart,zara premium jeans,2111.0
Zara Premium Jeans - Gold,3842,Jeans,Amazon,zara premium jeans gold,3842.0
Zara Premium Jeans - Gold,5193,Jeans,Flipkart,zara premium jeans gold,5193.0
Zara Premium Jeans - Black,2345,Jeans,Amazon,zara premium jeans black,2345.0
Zara Premium Jeans - Black,3101,Jeans,Flipkart,zara premium jeans black,3101.0
H&M Slim Jeans,1640,Jeans,Amazon,hm slim jeans,1640.0
H&M Slim Jeans,3832,Jeans,Flipkart,hm slim jeans,3832.0
H&M Slim Jeans,2979,Jeans,Amazon,hm slim jeans,2979.0
H&M Slim Jeans,133,Jeans,Flipkart,hm slim jeans,133.0
H&M Slim Jeans - Blue,2618,Jeans,Amazon,hm slim jeans blue,2618.0
H&M Slim Jeans - Blue,4059,Jeans,Flipkart,hm slim jeans blue,4059.0
H&M Slim Jeans,1241,Jeans,Amazon,hm slim jeans,1241.0
H&M Slim Jeans,3587,Jeans,Flipkart,hm slim jeans,3587.0
H&M Slim Jeans - Green,1610,Jeans,Amazon,hm slim jeans green,1610.0
H&M Slim Jeans - Green,1336,Jeans,Flipkart,hm slim jeans green,1336.0
Tommy Hilfiger Polo - Red,2094,Shirt,Amazon,tommy hilfiger polo red,2094.0
Tommy Hilfiger Polo - Red,3212,Shirt,Flipkart,tommy hilfiger polo red,3212.0
Tommy Hilfiger Polo,2431,Shirt,Amazon,tommy hilfiger polo,2431.0
Tommy Hilfiger Polo,2993,Shirt,Flipkart,tommy hilfiger polo,2993.0
Tommy Hilfiger Polo - Red,260,Shirt,Amazon,tommy hilfiger polo red,260.0
Tommy Hilfiger Polo - Red,1876,Shirt,Flipkart,tommy hilfiger polo red,1876.0
Tommy Hilfiger Polo - Blue,2686,Shirt,Amazon,tommy hilfiger polo blue,2686.0
Tommy Hilfiger Polo - Blue,3411,Shirt,Flipkart,tommy hilfiger polo blue,3411.0
Tommy Hilfiger Polo,2117,Shirt,Amazon,tommy hilfiger polo,2117.0
Tommy Hilfiger Polo,3634,Shirt,Flipkart,tommy hilfiger polo,3634.0
Lacoste Classic Polo,4654,Shirt,Amazon,lacoste classic polo,4654.0
Lacoste Classic Polo,6204,Shirt,Flipkart,lacoste classic polo,6204.0
Lacoste Classic Polo,3103,Shirt,Amazon,lacoste classic polo,3103.0
Lacoste Classic Polo,6183,Shirt,Flipkart,lacoste classic polo,6183.0
Lacoste Classic Polo,6713,Shirt,Amazon,lacoste classic polo,6713.0
Lacoste Classic Polo,5213,Shirt,Flipkart,lacoste classic polo,5213.0
Lacoste Classic Polo - Red,5899,Shirt,Amazon,lacoste classic polo red,5899.0
Lacoste Classic Polo - Red,5842,Shirt,Flipkart,lacoste classic polo red,5842.0
Lacoste Classic Polo - Purple,5810,Shirt,Amazon,lacoste classic polo purple,5810.0
Lacoste Classic Polo - Purple,5688,Shirt,Flipkart,lacoste classic polo purple,5688.0
Lacoste Classic Polo,4467,Shirt,Amazon,lacoste classic polo,4467.0
Lacoste Classic Polo,5576,Shirt,Flipkart,lacoste classic polo,5576.0
Lacoste Classic Polo - Blue,5692,Shirt,Amazon,lacoste classic polo blue,5692.0
Lacoste Classic Polo - Blue,7089,Shirt,Flipkart,lacoste classic polo blue,7089.0
Lacoste Classic Polo,3523,Shirt,Amazon,lacoste classic polo,3523.0
Lacoste Classic Polo,6533,Shirt,Flipkart,lacoste classic polo,6533.0
Lacoste Classic Polo - White,6877,Shirt,Amazon,lacoste classic polo white,6877.0
Lacoste Classic Polo - White,6283,Shirt,Flipkart,lacoste classic polo white,6283.0
Ralph Lauren Polo,8047,Shirt,Amazon,ralph lauren polo,8047.0
Ralph Lauren Polo,9068,Shirt,Flipkart,ralph lauren polo,9068.0
Ralph Lauren Polo - Purple,6521,Shirt,Amazon,ralph lauren polo purple,6521.0
Ralph Lauren Polo - Purple,6566,Shirt,Flipkart,ralph lauren polo purple,6566.0
Ralph Lauren Polo - White,5218,Shirt,Amazon,ralph lauren polo white,5218.0
Ralph Lauren Polo - White,9047,Shirt,Flipkart,ralph lauren polo white,9047.0
Ralph Lauren Polo,5795,Shirt,Amazon,ralph lauren polo,5795.0
Ralph Lauren Polo,7548,Shirt,Flipkart,ralph lauren polo,7548.0
Ralph Lauren Polo,6221,Shirt,Amazon,ralph lauren polo,6221.0
Ralph Lauren Polo,7191,Shirt,Flipkart,ralph lauren polo,7191.0
Ralph Lauren Polo,5819,Shirt,Amazon,ralph lauren polo,5819.0
Ralph Lauren Polo,6902,Shirt,Flipkart,ralph lauren polo,6902.0
Wrangler Shirt - Silver,85,Shirt,Amazon,wrangler shirt silver,85.0
Wrangler Shirt - Silver,1194,Shirt,Flipkart,wrangler shirt silver,1194.0
Wrangler Shirt - Red,861,Shirt,Amazon,wrangler shirt red,861.0
Wrangler Shirt - Red,2483,Shirt,Flipkart,wrangler shirt red,2483.0
Wrangler Shirt,1350,Shirt,Amazon,wrangler shirt,1350.0
Wrangler Shirt,1019,Shirt,Flipkart,wrangler shirt,1019.0
Wrangler Shirt,2630,Shirt,Amazon,wrangler shirt,2630.0
Wrangler Shirt,547,Shirt,Flipkart,wrangler shirt,547.0
Wrangler Shirt,29,Shirt,Amazon,wrangler shirt,29.0
Wrangler Shirt,2415,Shirt,Flipkart,wrangler shirt,2415.0
Wrangler Shirt,1256,Shirt,Amazon,wrangler shirt,1256.0
Wrangler Shirt,3852,Shirt,Flipkart,wrangler shirt,3852.0
Wrangler Shirt - Black,1685,Shirt,Amazon,wrangler shirt black,1685.0
Wrangler Shirt - Black,715,Shirt,Flipkart,wrangler shirt black,715.0
Wrangler Shirt - Gold,279,Shirt,Amazon,wrangler shirt gold,279.0
Levi's Casual Shirt,1577,Shirt,Amazon,levis casual shirt,1577.0
Levi's Casual Shirt,1327,Shirt,Flipkart,levis casual shirt,1327.0
Levi's Casual Shirt,1552,Shirt,Amazon,levis casual shirt,1552.0
Levi's Casual Shirt,1483,Shirt,Flipkart,levis casual shirt,1483.0
Levi's Casual Shirt,4183,Shirt,Amazon,levis casual shirt,4183.0
Levi's Casual Shirt,1990,Shirt,Flipkart,levis casual shirt,1990.0
Levi's Casual Shirt,2445,Shirt,Amazon,levis casual shirt,2445.0
Levi's Casual Shirt,2182,Shirt,Flipkart,levis casual shirt,2182.0
Levi's Casual Shirt,1702,Shirt,Amazon,levis casual shirt,1702.0
Levi's Casual Shirt,4491,Shirt,Flipkart,levis casual shirt,4491.0
Levi's Casual Shirt - Green,4182,Shirt,Amazon,levis casual shirt green,4182.0
Levi's Casual Shirt - Green,4513,Shirt,Flipkart,levis casual shirt green,4513.0
Levi's Casual Shirt - Gold,1217,Shirt,Amazon,levis casual shirt gold,1217.0
Levi's Casual Shirt - Gold,3777,Shirt,Flipkart,levis casual shirt gold,3777.0
Van Heusen Formal,591,Shirt,Amazon,van heusen formal,591.0
Van Heusen Formal,903,Shirt,Flipkart,van heusen formal,903.0
Van Heusen Formal - Black,1435,Shirt,Amazon,van heusen formal black,1435.0
Van Heusen Formal - Black,3989,Shirt,Flipkart,van heusen formal black,3989.0
Van Heusen Formal,95,Shirt,Amazon,van heusen formal,95.0
Van Heusen Formal,3110,Shirt,Flipkart,van heusen formal,3110.0
Van Heusen Formal,2724,Shirt,Amazon,van heusen formal,2724.0
Van Heusen Formal,873,Shirt,Flipkart,van heusen formal,873.0
Van Heusen Formal,2140,Shirt,Amazon,van heusen formal,2140.0
Van Heusen Formal,1434,Shirt,Flipkart,van heusen formal,1434.0
Van Heusen Formal - Blue,2746,Shirt,Amazon,van heusen formal blue,2746.0
Van Heusen Formal - Blue,3207,Shirt,Flipkart,van heusen formal blue,3207.0
Van Heusen Formal - Silver,312,Shirt,Amazon,van heusen formal silver,312.0
Van Heusen Formal - Silver,3112,Shirt,Flipkart,van heusen formal silver,3112.0
Van Heusen Formal - White,3579,Shirt,Amazon,van heusen formal white,3579.0
Van Heusen Formal - White,828,Shirt,Flipkart,van heusen formal white,828.0
Van Heusen Formal,3113,Shirt,Amazon,van heusen formal,3113.0
Van Heusen Formal,834,Shirt,Flipkart,van heusen formal,834.0
Peter England Shirt,3284,Shirt,Amazon,peter england shirt,3284.0
Peter England Shirt,525,Shirt,Flipkart,peter england shirt,525.0
Peter England Shirt,653,Shirt,Amazon,peter england shirt,653.0
Peter England Shirt,659,Shirt,Flipkart,peter england shirt,659.0
Peter England Shirt - Silver,2720,Shirt,Amazon,peter england shirt silver,2720.0
Peter England Shirt - Silver,2050,Shirt,Flipkart,peter england shirt silver,2050.0
Peter England Shirt - Blue,2662,Shirt,Flipkart,peter england shirt blue,2662.0
Peter England Shirt,511,Shirt,Amazon,peter england shirt,511.0
Peter England Shirt,780,Shirt,Flipkart,peter england shirt,780.0
Peter England Shirt,14,Shirt,Amazon,peter england shirt,14.0
Peter England Shirt,3279,Shirt,Flipkart,peter england shirt,3279.0
Peter England Shirt,2582,Shirt,Amazon,peter england shirt,2582.0
Peter England Shirt,2471,Shirt,Flipkart,peter england shirt,2471.0
Peter England Shirt - Black,2785,Shirt,Amazon,peter england shirt black,2785.0
Peter England Shirt - Black,2804,Shirt,Flipkart,peter england shirt black,2804.0
Arrow Formal Shirt,297,Shirt,Amazon,arrow formal shirt,297.0
Arrow Formal Shirt,1345,Shirt,Flipkart,arrow formal shirt,1345.0
Arrow Formal Shirt - White,2145,Shirt,Amazon,arrow formal shirt white,2145.0
Arrow Formal Shirt - White,1097,Shirt,Flipkart,arrow formal shirt white,1097.0
Arrow Formal Shirt,1002,Shirt,Amazon,arrow formal shirt,1002.0
Arrow Formal Shirt,748,Shirt,Flipkart,arrow formal shirt,748.0
Arrow Formal Shirt - Purple,1468,Shirt,Amazon,arrow formal shirt purple,1468.0
Arrow Formal Shirt - Purple,1112,Shirt,Flipkart,arrow formal shirt purple,1112.0
Arrow Formal Shirt,3228,Shirt,Amazon,arrow formal shirt,3228.0
Arrow Formal Shirt,3263,Shirt,Flipkart,arrow formal shirt,3263.0
Arrow Formal Shirt - Silver,2574,Shirt,Amazon,arrow formal shirt silver,2574.0
Arrow Formal Shirt - Silver,239,Shirt,Flipkart,arrow formal shirt silver,239.0
Arrow Formal Shirt,3331,Shirt,Amazon,arrow formal shirt,3331.0
Arrow Formal Shirt,2418,Shirt,Flipkart,arrow formal shirt,2418.0
Arrow Formal Shirt - Red,1393,Shirt,Amazon,arrow formal shirt red,1393.0
Arrow Formal Shirt - Red,741,Shirt,Flipkart,arrow formal shirt red,741.0
Arrow Formal Shirt - Silver,3203,Shirt,Amazon,arrow formal shirt silver,3203.0
Arrow Formal Shirt - Silver,3433,Shirt,Flipkart,arrow formal shirt silver,3433.0
Arrow Formal Shirt - Purple,1598,Shirt,Amazon,arrow formal shirt purple,1598.0
Arrow Formal Shirt - Purple,461,Shirt,Flipkart,arrow formal shirt purple,461.0
U.S. Polo Assn.,3181,Shirt,Amazon,us polo assn,3181.0
U.S. Polo Assn.,2286,Shirt,Flipkart,us polo assn,2286.0
U.S. Polo Assn. - Gold,3642,Shirt,Amazon,us polo assn gold,3642.0
U.S. Polo Assn. - Gold,4044,Shirt,Flipkart,us polo assn gold,4044.0
U.S. Polo Assn. - White,4075,Shirt,Amazon,us polo assn white,4075.0
U.S. Polo Assn. - White,2384,Shirt,Flipkart,us polo assn white,2384.0
U.S. Polo Assn.,3475,Shirt,Amazon,us polo assn,3475.0
U.S. Polo Assn.,2017,Shirt,Flipkart,us polo assn,2017.0
U.S. Polo Assn. - Black,2075,Shirt,Amazon,us polo assn black,2075.0
U.S. Polo Assn. - Black,1607,Shirt,Flipkart,us polo assn black,1607.0
U.S. Polo Assn. - Purple,4326,Shirt,Amazon,us polo assn purple,4326.0
U.S. Polo Assn. - Purple,1641,Shirt,Flipkart,us polo assn purple,1641.0
U.S. Polo Assn.,805,Shirt,Amazon,us polo assn,805.0
U.S. Polo Assn.,4076,Shirt,Flipkart,us polo assn,4076.0
Uniqlo T-Shirt,1075,T-Shirt,Flipkart,uniqlo tshirt,1075.0
Uniqlo T-Shirt,2145,T-Shirt,Amazon,uniqlo tshirt,2145.0
Uniqlo T-Shirt,1146,T-Shirt,Amazon,uniqlo tshirt,1146.0
Uniqlo T-Shirt,834,T-Shirt,Flipkart,uniqlo tshirt,834.0
Uniqlo T-Shirt - Black,93,T-Shirt,Amazon,uniqlo tshirt black,93.0
Uniqlo T-Shirt - Black,487,T-Shirt,Amazon,uniqlo tshirt black,487.0
Uniqlo T-Shirt - Gold,2744,T-Shirt,Amazon,uniqlo tshirt gold,2744.0
Uniqlo T-Shirt - Gold,1534,T-Shirt,Flipkart,uniqlo tshirt gold,1534.0
Uniqlo T-Shirt,2691,T-Shirt,Amazon,uniqlo tshirt,2691.0
Uniqlo T-Shirt,395,T-Shirt,Flipkart,uniqlo tshirt,395.0
H&M Graphic Tee,2057,T-Shirt,Amazon,hm graphic tee,2057.0
H&M Graphic Tee,660,T-Shirt,Flipkart,hm graphic tee,660.0
H&M Graphic Tee - Purple,536,T-Shirt,Amazon,hm graphic tee purple,536.0
H&M Graphic Tee - Purple,1734,T-Shirt,Flipkart,hm graphic tee purple,1734.0
H&M Graphic Tee,1709,T-Shirt,Amazon,hm graphic tee,1709.0
H&M Graphic Tee,1497,T-Shirt,Flipkart,hm graphic tee,1497.0
H&M Graphic Tee - Blue,1998,T-Shirt,Amazon,hm graphic tee blue,1998.0
H&M Graphic Tee - Blue,1394,T-Shirt,Flipkart,hm graphic tee blue,1394.0
H&M Graphic Tee,130,T-Shirt,Amazon,hm graphic tee,130.0
H&M Graphic Tee,1674,T-Shirt,Flipkart,hm graphic tee,1674.0
H&M Graphic Tee - Green,2165,T-Shirt,Flipkart,hm graphic tee green,2165.0
Forever 21 Tee - Red,271,T-Shirt,Amazon,forever tee red,271.0
Forever 21 Tee - Red,1976,T-Shirt,Flipkart,forever tee red,1976.0
Forever 21 Tee - White,96,T-Shirt,Amazon,forever tee white,96.0
Forever 21 Tee - Silver,272,T-Shirt,Amazon,forever tee silver,272.0
Forever 21 Tee - Silver,1296,T-Shirt,Flipkart,forever tee silver,1296.0
Forever 21 Tee,571,T-Shirt,Amazon,forever tee,571.0
Forever 21 Tee,1614,T-Shirt,Flipkart,forever tee,1614.0
Forever 21 Tee - Silver,377,T-Shirt,Amazon,forever tee silver,377.0
Forever 21 Tee - Silver,2385,T-Shirt,Flipkart,forever tee silver,2385.0
Forever 21 Tee,1391,T-Shirt,Amazon,forever tee,1391.0
Forever 21 Tee,1938,T-Shirt,Flipkart,forever tee,1938.0
Forever 21 Tee - Green,858,T-Shirt,Amazon,forever tee green,858.0
Forever 21 Tee - Green,1081,T-Shirt,Flipkart,forever tee green,1081.0
Forever 21 Tee - Gold,893,T-Shirt,Amazon,forever tee gold,893.0
Forever 21 Tee - Gold,2350,T-Shirt,Flipkart,forever tee gold,2350.0
Zara Basic Tee,2874,T-Shirt,Amazon,zara basic tee,2874.0
Zara Basic Tee,403,T-Shirt,Flipkart,zara basic tee,403.0
Zara Basic Tee - Blue,589,T-Shirt,Amazon,zara basic tee blue,589.0
Zara Basic Tee - Blue,1666,T-Shirt,Flipkart,zara basic tee blue,1666.0
Zara Basic Tee - Gold,2424,T-Shirt,Amazon,zara basic tee gold,2424.0
Zara Basic Tee - Gold,484,T-Shirt,Flipkart,zara basic tee gold,484.0
Zara Basic Tee,1455,T-Shirt,Amazon,zara basic tee,1455.0
Zara Basic Tee,2125,T-Shirt,Flipkart,zara basic tee,2125.0
Zara Basic Tee - Silver,1653,T-Shirt,Amazon,zara basic tee silver,1653.0
Zara Basic Tee,1742,T-Shirt,Amazon,zara basic tee,1742.0
Zara Basic Tee,1807,T-Shirt,Flipkart,zara basic tee,1807.0
Zara Basic Tee,341,T-Shirt,Amazon,zara basic tee,341.0
Zara Basic Tee,1502,T-Shirt,Flipkart,zara basic tee,1502.0
ONLY Women's Tee - Blue,1807,T-Shirt,Amazon,only womens tee blue,1807.0
ONLY Women's Tee - Blue,808,T-Shirt,Flipkart,only womens tee blue,808.0
ONLY Women's Tee - Black,2209,T-Shirt,Amazon,only womens tee black,2209.0
ONLY Women's Tee,1844,T-Shirt,Flipkart,only womens tee,1844.0
ONLY Women's Tee - Blue,2116,T-Shirt,Amazon,only womens tee blue,2116.0
ONLY Women's Tee - Gold,1927,T-Shirt,Flipkart,only womens tee gold,1927.0
ONLY Women's Tee,368,T-Shirt,Amazon,only womens tee,368.0
ONLY Women's Tee,2433,T-Shirt,Flipkart,only womens tee,2433.0
ONLY Women's Tee - Green,1927,T-Shirt,Amazon,only womens tee green,1927.0
ONLY Women's Tee - Green,1400,T-Shirt,Flipkart,only womens tee green,1400.0
ONLY Women's Tee - Blue,2111,T-Shirt,Amazon,only womens tee blue,2111.0
ONLY Women's Tee - Blue,2362,T-Shirt,Flipkart,only womens tee blue,2362.0
ONLY Women's Tee,2693,T-Shirt,Amazon,only womens tee,2693.0
ONLY Women's Tee,661,T-Shirt,Flipkart,only womens tee,661.0
ONLY Women's Tee - Black,179,T-Shirt,Amazon,only womens tee black,179.0
ONLY Women's Tee - Black,3055,T-Shirt,Flipkart,only womens tee black,3055.0
Mango Casual Tee - Purple,2257,T-Shirt,Amazon,mango casual tee purple,2257.0
Mango Casual Tee - Purple,2097,T-Shirt,Flipkart,mango casual tee purple,2097.0
Mango Casual Tee - Gold,1585,T-Shirt,Amazon,mango casual tee gold,1585.0
Mango Casual Tee - Gold,1805,T-Shirt,Flipkart,mango casual tee gold,1805.0
Mango Casual Tee,737,T-Shirt,Flipkart,mango casual tee,737.0
Mango Casual Tee - White,2641,T-Shirt,Amazon,mango casual tee white,2641.0
Mango Casual Tee - Silver,454,T-Shirt,Amazon,mango casual tee silver,454.0
Mango Casual Tee - Silver,42,T-Shirt,Flipkart,mango casual tee silver,42.0
Mango Casual Tee,2164,T-Shirt,Amazon,mango casual tee,2164.0
Mango Casual Tee,2538,T-Shirt,Amazon,mango casual tee,2538.0
Mango Casual Tee - Blue,2067,T-Shirt,Flipkart,mango casual tee blue,2067.0
Mango Casual Tee,1044,T-Shirt,Amazon,mango casual tee,1044.0
Mango Casual Tee,1152,T-Shirt,Flipkart,mango casual tee,1152.0
Gap Logo Tee,2868,T-Shirt,Flipkart,gap logo tee,2868.0
Gap Logo Tee,818,T-Shirt,Amazon,gap logo tee,818.0
Gap Logo Tee,380,T-Shirt,Flipkart,gap logo tee,380.0
Gap Logo Tee,108,T-Shirt,Amazon,gap logo tee,108.0
Gap Logo Tee,305,T-Shirt,Flipkart,gap logo tee,305.0
Gap Logo Tee - Black,1831,T-Shirt,Amazon,gap logo tee black,1831.0
Gap Logo Tee - Black,1481,T-Shirt,Flipkart,gap logo tee black,1481.0
Gap Logo Tee,166,T-Shirt,Amazon,gap logo tee,166.0
Gap Logo Tee,774,T-Shirt,Flipkart,gap logo tee,774.0
Gap Logo Tee,2876,T-Shirt,Flipkart,gap logo tee,2876.0
Gap Logo Tee - Green,2500,T-Shirt,Amazon,gap logo tee green,2500.0
Gap Logo Tee - Green,2210,T-Shirt,Flipkart,gap logo tee green,2210.0
Gap Logo Tee,1714,T-Shirt,Amazon,gap logo tee,1714.0
Gap Logo Tee,107,T-Shirt,Flipkart,gap logo tee,107.0
Adidas Essentials Tee - Purple,1105,T-Shirt,Amazon,adidas essentials tee purple,1105.0
Adidas Essentials Tee - Purple,2587,T-Shirt,Flipkart,adidas essentials tee purple,2587.0
Adidas Essentials Tee,2678,T-Shirt,Amazon,adidas essentials tee,2678.0
Adidas Essentials Tee,1967,T-Shirt,Flipkart,adidas essentials tee,1967.0
Adidas Essentials Tee,2882,T-Shirt,Amazon,adidas essentials tee,2882.0
Adidas Essentials Tee - Gold,1183,T-Shirt,Amazon,adidas essentials tee gold,1183.0
Adidas Essentials Tee,2541,T-Shirt,Amazon,adidas essentials tee,2541.0
Adidas Essentials Tee,2106,T-Shirt,Flipkart,adidas essentials tee,2106.0
Adidas Essentials Tee - Green,1201,T-Shirt,Amazon,adidas essentials tee green,1201.0
Adidas Essentials Tee - Green,2693,T-Shirt,Flipkart,adidas essentials tee green,2693.0
Adidas Essentials Tee,2058,T-Shirt,Amazon,adidas essentials tee,2058.0
Adidas Essentials Tee,2109,T-Shirt,Flipkart,adidas essentials tee,2109.0
Nike Swoosh Tee,330,T-Shirt,Amazon,nike swoosh tee,330.0
Nike Swoosh Tee,1784,T-Shirt,Flipkart,nike swoosh tee,1784.0
Nike Swoosh Tee,968,T-Shirt,Amazon,nike swoosh tee,968.0
Nike Swoosh Tee,1088,T-Shirt,Flipkart,nike swoosh tee,1088.0
Nike Swoosh Tee,594,T-Shirt,Amazon,nike swoosh tee,594.0
Nike Swoosh Tee - White,2126,T-Shirt,Flipkart,nike swoosh tee white,2126.0
Nike Swoosh Tee - Red,2369,T-Shirt,Flipkart,nike swoosh tee red,2369.0
Nike Swoosh Tee - White,486,T-Shirt,Amazon,nike swoosh tee white,486.0
Nike Swoosh Tee - White,2722,T-Shirt,Flipkart,nike swoosh tee white,2722.0
Calvin Klein Tee - Black,1561,T-Shirt,Amazon,calvin klein tee black,1561.0
Calvin Klein Tee - Black,1917,T-Shirt,Flipkart,calvin klein tee black,1917.0
Calvin Klein Tee,2184,T-Shirt,Amazon,calvin klein tee,2184.0
Calvin Klein Tee,1199,T-Shirt,Flipkart,calvin klein tee,1199.0
Calvin Klein Tee - Silver,3265,T-Shirt,Amazon,calvin klein tee silver,3265.0
Calvin Klein Tee - Silver,3778,T-Shirt,Flipkart,calvin klein tee silver,3778.0
Calvin Klein Tee - Red,3632,T-Shirt,Amazon,calvin klein tee red,3632.0
Calvin Klein Tee - Red,4043,T-Shirt,Flipkart,calvin klein tee red,4043.0
Calvin Klein Tee - White,2266,T-Shirt,Amazon,calvin klein tee white,2266.0
Calvin Klein Tee - White,3882,T-Shirt,Flipkart,calvin klein tee white,3882.0
Calvin Klein Tee,2344,T-Shirt,Amazon,calvin klein tee,2344.0
Calvin Klein Tee,2742,T-Shirt,Flipkart,calvin klein tee,2742.0
Calvin Klein Tee,347,T-Shirt,Amazon,calvin klein tee,347.0
Calvin Klein Tee,1547,T-Shirt,Flipkart,calvin klein tee,1547.0
Calvin Klein Tee - Silver,866,T-Shirt,Amazon,calvin klein tee silver,866.0
Calvin Klein Tee - Silver,1989,T-Shirt,Flipkart,calvin klein tee silver,1989.0
Diesel Jacket,10525,Jacket,Amazon,diesel jacket,10525.0
Diesel Jacket,12918,Jacket,Flipkart,diesel jacket,12918.0
Diesel Jacket - Black,10747,Jacket,Amazon,diesel jacket black,10747.0
Diesel Jacket - Black,12774,Jacket,Flipkart,diesel jacket black,12774.0
Diesel Jacket - Blue,9888,Jacket,Amazon,diesel jacket blue,9888.0
Diesel Jacket - Blue,12139,Jacket,Flipkart,diesel jacket blue,12139.0
Diesel Jacket - Purple,8401,Jacket,Amazon,diesel jacket purple,8401.0
Diesel Jacket - Purple,10307,Jacket,Flipkart,diesel jacket purple,10307.0
Diesel Jacket - White,8524,Jacket,Amazon,diesel jacket white,8524.0
Diesel Jacket - White,12248,Jacket,Flipkart,diesel jacket white,12248.0
Diesel Jacket,8284,Jacket,Amazon,diesel jacket,8284.0
Diesel Jacket,13185,Jacket,Flipkart,diesel jacket,13185.0
Tommy Hilfiger Jacket,6523,Jacket,Amazon,tommy hilfiger jacket,6523.0
Tommy Hilfiger Jacket,7699,Jacket,Flipkart,tommy hilfiger jacket,7699.0
Tommy Hilfiger Jacket,6315,Jacket,Amazon,tommy hilfiger jacket,6315.0
Tommy Hilfiger Jacket,7320,Jacket,Flipkart,tommy hilfiger jacket,7320.0
Tommy Hilfiger Jacket,5753,Jacket,Amazon,tommy hilfiger jacket,5753.0
Tommy Hilfiger Jacket,5689,Jacket,Flipkart,tommy hilfiger jacket,5689.0
Tommy Hilfiger Jacket - Green,4906,Jacket,Amazon,tommy hilfiger jacket green,4906.0
Tommy Hilfiger Jacket - Green,7916,Jacket,Flipkart,tommy hilfiger jacket green,7916.0
Tommy Hilfiger Jacket - Red,5471,Jacket,Amazon,tommy hilfiger jacket red,5471.0
Tommy Hilfiger Jacket - Red,5549,Jacket,Flipkart,tommy hilfiger jacket red,5549.0
Tommy Hilfiger Jacket - Purple,5823,Jacket,Amazon,tommy hilfiger jacket purple,5823.0
Tommy Hilfiger Jacket - Purple,6468,Jacket,Flipkart,tommy hilfiger jacket purple,6468.0
Tommy Hilfiger Jacket - Blue,4718,Jacket,Amazon,tommy hilfiger jacket blue,4718.0
Tommy Hilfiger Jacket - Blue,7643,Jacket,Flipkart,tommy hilfiger jacket blue,7643.0
Zara Blazer - White,2803,Jacket,Amazon,zara blazer white,2803.0
Zara Blazer - White,3577,Jacket,Flipkart,zara blazer white,3577.0
Zara Blazer - Green,5478,Jacket,Amazon,zara blazer green,5478.0
Zara Blazer - Green,4576,Jacket,Flipkart,zara blazer green,4576.0
Zara Blazer - Purple,5711,Jacket,Amazon,zara blazer purple,5711.0
Zara Blazer - Purple,2649,Jacket,Flipkart,zara blazer purple,2649.0
Zara Blazer,3497,Jacket,Amazon,zara blazer,3497.0
Zara Blazer,4106,Jacket,Flipkart,zara blazer,4106.0
Zara Blazer - White,2547,Jacket,Amazon,zara blazer white,2547.0
Zara Blazer - White,4402,Jacket,Flipkart,zara blazer white,4402.0
Zara Blazer - Silver,4055,Jacket,Amazon,zara blazer silver,4055.0
Zara Blazer - Silver,2542,Jacket,Flipkart,zara blazer silver,2542.0
Zara Blazer,3826,Jacket,Amazon,zara blazer,3826.0
Zara Blazer,3151,Jacket,Flipkart,zara blazer,3151.0
Zara Blazer,5571,Jacket,Amazon,zara blazer,5571.0
Zara Blazer,6462,Jacket,Flipkart,zara blazer,6462.0
Zara Blazer - Gold,2164,Jacket,Amazon,zara blazer gold,2164.0
Zara Blazer - Gold,3395,Jacket,Flipkart,zara blazer gold,3395.0
H&M Bomber Jacket - Red,1957,Jacket,Amazon,hm bomber jacket red,1957.0
H&M Bomber Jacket - Red,1674,Jacket,Flipkart,hm bomber jacket red,1674.0
H&M Bomber Jacket - Black,4758,Jacket,Amazon,hm bomber jacket black,4758.0
H&M Bomber Jacket - Black,3361,Jacket,Flipkart,hm bomber jacket black,3361.0
H&M Bomber Jacket - Blue,1421,Jacket,Amazon,hm bomber jacket blue,1421.0
H&M Bomber Jacket - Blue,4381,Jacket,Flipkart,hm bomber jacket blue,4381.0
H&M Bomber Jacket - Green,3369,Jacket,Amazon,hm bomber jacket green,3369.0
H&M Bomber Jacket - Green,3728,Jacket,Flipkart,hm bomber jacket green,3728.0
H&M Bomber Jacket - White,3406,Jacket,Amazon,hm bomber jacket white,3406.0
H&M Bomber Jacket - White,4175,Jacket,Flipkart,hm bomber jacket white,4175.0
H&M Bomber Jacket - Green,2540,Jacket,Amazon,hm bomber jacket green,2540.0
H&M Bomber Jacket - Green,5483,Jacket,Flipkart,hm bomber jacket green,5483.0
H&M Bomber Jacket,4553,Jacket,Amazon,hm bomber jacket,4553.0
H&M Bomber Jacket,2912,Jacket,Flipkart,hm bomber jacket,2912.0
Mango Leather Jacket - Purple,6026,Jacket,Amazon,mango leather jacket purple,6026.0
Mango Leather Jacket - Purple,9054,Jacket,Flipkart,mango leather jacket purple,9054.0
Mango Leather Jacket - Gold,6314,Jacket,Amazon,mango leather jacket gold,6314.0
Mango Leather Jacket - Gold,9106,Jacket,Flipkart,mango leather jacket gold,9106.0
Mango Leather Jacket - White,6643,Jacket,Amazon,mango leather jacket white,6643.0
Mango Leather Jacket - White,8482,Jacket,Flipkart,mango leather jacket white,8482.0
Mango Leather Jacket - Purple,9321,Jacket,Amazon,mango leather jacket purple,9321.0
Mango Leather Jacket - Purple,8351,Jacket,Flipkart,mango leather jacket purple,8351.0
Mango Leather Jacket,6862,Jacket,Amazon,mango leather jacket,6862.0
Mango Leather Jacket,9418,Jacket,Flipkart,mango leather jacket,9418.0
Mango Leather Jacket,6997,Jacket,Amazon,mango leather jacket,6997.0
Mango Leather Jacket,7175,Jacket,Flipkart,mango leather jacket,7175.0
Mango Leather Jacket - Silver,6550,Jacket,Amazon,mango leather jacket silver,6550.0
Mango Leather Jacket - Silver,9577,Jacket,Flipkart,mango leather jacket silver,9577.0
Mango Leather Jacket,7056,Jacket,Amazon,mango leather jacket,7056.0
Mango Leather Jacket,10777,Jacket,Flipkart,mango leather jacket,10777.0
Mango Leather Jacket - Blue,9969,Jacket,Amazon,mango leather jacket blue,9969.0
Mango Leather Jacket - Blue,9307,Jacket,Flipkart,mango leather jacket blue,9307.0
Forever 21 Denim Jacket - Silver,2483,Jacket,Amazon,forever denim jacket silver,2483.0
Forever 21 Denim Jacket - Silver,2429,Jacket,Flipkart,forever denim jacket silver,2429.0
Forever 21 Denim Jacket,1681,Jacket,Amazon,forever denim jacket,1681.0
Forever 21 Denim Jacket,2960,Jacket,Flipkart,forever denim jacket,2960.0
Forever 21 Denim Jacket - Blue,3142,Jacket,Amazon,forever denim jacket blue,3142.0
Forever 21 Denim Jacket - Blue,1243,Jacket,Flipkart,forever denim jacket blue,1243.0
Forever 21 Denim Jacket - White,2807,Jacket,Amazon,forever denim jacket white,2807.0
Forever 21 Denim Jacket - White,1902,Jacket,Flipkart,forever denim jacket white,1902.0
Forever 21 Denim Jacket,1577,Jacket,Amazon,forever denim jacket,1577.0
Forever 21 Denim Jacket,1040,Jacket,Flipkart,forever denim jacket,1040.0
Forever 21 Denim Jacket - Green,3519,Jacket,Amazon,forever denim jacket green,3519.0
Forever 21 Denim Jacket - Green,4223,Jacket,Flipkart,forever denim jacket green,4223.0
Forever 21 Denim Jacket,393,Jacket,Amazon,forever denim jacket,393.0
Forever 21 Denim Jacket,1225,Jacket,Flipkart,forever denim jacket,1225.0
Forever 21 Denim Jacket - White,3594,Jacket,Amazon,forever denim jacket white,3594.0
Forever 21 Denim Jacket - White,3709,Jacket,Flipkart,forever denim jacket white,3709.0
Levi's Denim Jacket - Black,3532,Jacket,Amazon,levis denim jacket black,3532.0
Levi's Denim Jacket - Black,7193,Jacket,Flipkart,levis denim jacket black,7193.0
Levi's Denim Jacket - Red,5658,Jacket,Amazon,levis denim jacket red,5658.0
Levi's Denim Jacket - Red,5266,Jacket,Flipkart,levis denim jacket red,5266.0
Levi's Denim Jacket - Purple,4756,Jacket,Amazon,levis denim jacket purple,4756.0
Levi's Denim Jacket - Purple,4438,Jacket,Flipkart,levis denim jacket purple,4438.0
Levi's Denim Jacket - White,4434,Jacket,Amazon,levis denim jacket white,4434.0
Levi's Denim Jacket - White,5911,Jacket,Flipkart,levis denim jacket white,5911.0
Levi's Denim Jacket - White,4041,Jacket,Amazon,levis denim jacket white,4041.0
Levi's Denim Jacket - White,5453,Jacket,Flipkart,levis denim jacket white,5453.0
Levi's Denim Jacket,6590,Jacket,Amazon,levis denim jacket,6590.0
Levi's Denim Jacket,5726,Jacket,Flipkart,levis denim jacket,5726.0
Levi's Denim Jacket - White,5903,Jacket,Amazon,levis denim jacket white,5903.0
Levi's Denim Jacket - White,6544,Jacket,Flipkart,levis denim jacket white,6544.0
Levi's Denim Jacket,4535,Jacket,Amazon,levis denim jacket,4535.0
Levi's Denim Jacket,6180,Jacket,Flipkart,levis denim jacket,6180.0
Levi's Denim Jacket,4482,Jacket,Amazon,levis denim jacket,4482.0
Levi's Denim Jacket,3935,Jacket,Flipkart,levis denim jacket,3935.0
Levi's Denim Jacket - Red,4069,Jacket,Amazon,levis denim jacket red,4069.0
Levi's Denim Jacket - Red,7000,Jacket,Flipkart,levis denim jacket red,7000.0
Columbia Windbreaker,5591,Jacket,Amazon,columbia windbreaker,5591.0
Columbia Windbreaker,4033,Jacket,Flipkart,columbia windbreaker,4033.0
Columbia Windbreaker - Purple,3231,Jacket,Amazon,columbia windbreaker purple,3231.0
Columbia Windbreaker - Purple,4715,Jacket,Flipkart,columbia windbreaker purple,4715.0
Columbia Windbreaker,3755,Jacket,Amazon,columbia windbreaker,3755.0
Columbia Windbreaker,5565,Jacket,Flipkart,columbia windbreaker,5565.0
Columbia Windbreaker - Gold,6001,Jacket,Amazon,columbia windbreaker gold,6001.0
Columbia Windbreaker - Gold,6737,Jacket,Flipkart,columbia windbreaker gold,6737.0
Columbia Windbreaker,5363,Jacket,Amazon,columbia windbreaker,5363.0
Columbia Windbreaker,7087,Jacket,Flipkart,columbia windbreaker,7087.0
Columbia Windbreaker,4139,Jacket,Amazon,columbia windbreaker,4139.0
Columbia Windbreaker,6418,Jacket,Flipkart,columbia windbreaker,6418.0
Columbia Windbreaker - Silver,5354,Jacket,Amazon,columbia windbreaker silver,5354.0
Columbia Windbreaker - Silver,6002,Jacket,Flipkart,columbia windbreaker silver,6002.0
Columbia Windbreaker - Silver,5103,Jacket,Amazon,columbia windbreaker silver,5103.0
Columbia Windbreaker - Silver,3220,Jacket,Flipkart,columbia windbreaker silver,3220.0
The North Face,8782,Jacket,Amazon,the north face,8782.0
The North Face,8860,Jacket,Flipkart,the north face,8860.0
The North Face,7326,Jacket,Amazon,the north face,7326.0
The North Face,10993,Jacket,Flipkart,the north face,10993.0
The North Face - Blue,8640,Jacket,Amazon,the north face blue,8640.0
The North Face - Blue,11013,Jacket,Flipkart,the north face blue,11013.0
The North Face - Silver,7234,Jacket,Amazon,the north face silver,7234.0
The North Face - Silver,12372,Jacket,Flipkart,the north face silver,12372.0
The North Face - Blue,7042,Jacket,Amazon,the north face blue,7042.0
The North Face - Blue,9325,Jacket,Flipkart,the north face blue,9325.0
The North Face - Gold,10210,Jacket,Amazon,the north face gold,10210.0
The North Face - Gold,10954,Jacket,Flipkart,the north face gold,10954.0
The North Face,7146,Jacket,Amazon,the north face,7146.0
The North Face,9972,Jacket,Flipkart,the north face,9972.0
The North Face - Green,7643,Jacket,Amazon,the north face green,7643.0
The North Face - Green,8854,Jacket,Flipkart,the north face green,8854.0
The North Face - Black,8617,Jacket,Amazon,the north face black,8617.0
The North Face - Black,10159,Jacket,Flipkart,the north face black,10159.0
Allen Solly Kurta - Red,1750,Kurta,Amazon,allen solly kurta red,1750.0
Allen Solly Kurta - Red,964,Kurta,Flipkart,allen solly kurta red,964.0
Allen Solly Kurta,2839,Kurta,Amazon,allen solly kurta,2839.0
Allen Solly Kurta,931,Kurta,Flipkart,allen solly kurta,931.0
Allen Solly Kurta - Blue,3307,Kurta,Amazon,allen solly kurta blue,3307.0
Allen Solly Kurta - Blue,1453,Kurta,Flipkart,allen solly kurta blue,1453.0
Allen Solly Kurta - Blue,1572,Kurta,Amazon,allen solly kurta blue,1572.0
Allen Solly Kurta - Blue,235,Kurta,Flipkart,allen solly kurta blue,235.0
Allen Solly Kurta - Blue,3087,Kurta,Flipkart,allen solly kurta blue,3087.0
W Ethnic Kurta - Purple,2142,Kurta,Amazon,w ethnic kurta purple,2142.0
W Ethnic Kurta - Purple,1412,Kurta,Flipkart,w ethnic kurta purple,1412.0
W Ethnic Kurta,3236,Kurta,Amazon,w ethnic kurta,3236.0
W Ethnic Kurta,2775,Kurta,Flipkart,w ethnic kurta,2775.0
W Ethnic Kurta,1702,Kurta,Amazon,w ethnic kurta,1702.0
W Ethnic Kurta,3129,Kurta,Flipkart,w ethnic kurta,3129.0
W Ethnic Kurta - Gold,1166,Kurta,Flipkart,w ethnic kurta gold,1166.0
W Ethnic Kurta,2576,Kurta,Amazon,w ethnic kurta,2576.0
W Ethnic Kurta,892,Kurta,Flipkart,w ethnic kurta,892.0
W Ethnic Kurta - Blue,1493,Kurta,Amazon,w ethnic kurta blue,1493.0
W Ethnic Kurta - Red,1233,Kurta,Flipkart,w ethnic kurta red,1233.0
Fabindia Traditional Kurta,2250,Kurta,Amazon,fabindia traditional kurta,2250.0
Fabindia Traditional Kurta,1984,Kurta,Flipkart,fabindia traditional kurta,1984.0
Fabindia Traditional Kurta - Gold,1047,Kurta,Amazon,fabindia traditional kurta gold,1047.0
Fabindia Traditional Kurta - Gold,4578,Kurta,Flipkart,fabindia traditional kurta gold,4578.0
Fabindia Traditional Kurta - Blue,1116,Kurta,Amazon,fabindia traditional kurta blue,1116.0
Fabindia Traditional Kurta - Blue,1660,Kurta,Flipkart,fabindia traditional kurta blue,1660.0
Fabindia Traditional Kurta,1129,Kurta,Amazon,fabindia traditional kurta,1129.0
Fabindia Traditional Kurta,4118,Kurta,Flipkart,fabindia traditional kurta,4118.0
Fabindia Traditional Kurta,3489,Kurta,Amazon,fabindia traditional kurta,3489.0
Fabindia Traditional Kurta,1135,Kurta,Flipkart,fabindia traditional kurta,1135.0
Fabindia Traditional Kurta,4213,Kurta,Amazon,fabindia traditional kurta,4213.0
Fabindia Traditional Kurta,3416,Kurta,Flipkart,fabindia traditional kurta,3416.0
Global Desi Kurta - Red,3822,Kurta,Amazon,global desi kurta red,3822.0
Global Desi Kurta - Red,372,Kurta,Flipkart,global desi kurta red,372.0
Global Desi Kurta - Blue,3577,Kurta,Amazon,global desi kurta blue,3577.0
Global Desi Kurta - Blue,3807,Kurta,Flipkart,global desi kurta blue,3807.0
Global Desi Kurta - Green,3029,Kurta,Amazon,global desi kurta green,3029.0
Global Desi Kurta - Green,3950,Kurta,Flipkart,global desi kurta green,3950.0
Global Desi Kurta,2261,Kurta,Amazon,global desi kurta,2261.0
Global Desi Kurta,724,Kurta,Flipkart,global desi kurta,724.0
Global Desi Kurta,3747,Kurta,Amazon,global desi kurta,3747.0
Global Desi Kurta,2413,Kurta,Flipkart,global desi kurta,2413.0
Global Desi Kurta - Purple,3423,Kurta,Amazon,global desi kurta purple,3423.0
Global Desi Kurta - Purple,3010,Kurta,Flipkart,global desi kurta purple,3010.0
Global Desi Kurta - Black,1783,Kurta,Amazon,global desi kurta black,1783.0
Global Desi Kurta - Black,1491,Kurta,Flipkart,global desi kurta black,1491.0
Global Desi Kurta,2278,Kurta,Amazon,global desi kurta,2278.0
Global Desi Kurta,611,Kurta,Flipkart,global desi kurta,611.0
Global Desi Kurta,665,Kurta,Amazon,global desi kurta,665.0
Global Desi Kurta,2445,Kurta,Flipkart,global desi kurta,2445.0
Sarojini Silk Kurta,3404,Kurta,Amazon,sarojini silk kurta,3404.0
Sarojini Silk Kurta,3997,Kurta,Flipkart,sarojini silk kurta,3997.0
Sarojini Silk Kurta - Red,3715,Kurta,Amazon,sarojini silk kurta red,3715.0
Sarojini Silk Kurta - Red,5369,Kurta,Flipkart,sarojini silk kurta red,5369.0
Sarojini Silk Kurta - Gold,3845,Kurta,Amazon,sarojini silk kurta gold,3845.0
Sarojini Silk Kurta - Gold,3235,Kurta,Flipkart,sarojini silk kurta gold,3235.0
Sarojini Silk Kurta - Green,5292,Kurta,Amazon,sarojini silk kurta green,5292.0
Sarojini Silk Kurta - Green,3464,Kurta,Flipkart,sarojini silk kurta green,3464.0
Sarojini Silk Kurta - Purple,5275,Kurta,Amazon,sarojini silk kurta purple,5275.0
Sarojini Silk Kurta - Purple,6427,Kurta,Flipkart,sarojini silk kurta purple,6427.0
Sarojini Silk Kurta,3725,Kurta,Amazon,sarojini silk kurta,3725.0
Sarojini Silk Kurta,4545,Kurta,Flipkart,sarojini silk kurta,4545.0
Sarojini Silk Kurta - Purple,4116,Kurta,Amazon,sarojini silk kurta purple,4116.0
Sarojini Silk Kurta - Purple,4686,Kurta,Flipkart,sarojini silk kurta purple,4686.0
Sarojini Silk Kurta - Green,4301,Kurta,Amazon,sarojini silk kurta green,4301.0
Sarojini Silk Kurta - Green,6015,Kurta,Flipkart,sarojini silk kurta green,6015.0
Sarojini Silk Kurta,2668,Kurta,Amazon,sarojini silk kurta,2668.0
Sarojini Silk Kurta,2744,Kurta,Flipkart,sarojini silk kurta,2744.0
Kalki Fashion Kurta - Blue,1393,Kurta,Amazon,kalki fashion kurta blue,1393.0
Kalki Fashion Kurta - Blue,3141,Kurta,Flipkart,kalki fashion kurta blue,3141.0
Kalki Fashion Kurta - Blue,3294,Kurta,Amazon,kalki fashion kurta blue,3294.0
Kalki Fashion Kurta - Blue,3582,Kurta,Flipkart,kalki fashion kurta blue,3582.0
Kalki Fashion Kurta,2685,Kurta,Amazon,kalki fashion kurta,2685.0
Kalki Fashion Kurta,1795,Kurta,Flipkart,kalki fashion kurta,1795.0
Kalki Fashion Kurta - Silver,1813,Kurta,Amazon,kalki fashion kurta silver,1813.0
Kalki Fashion Kurta - Silver,3661,Kurta,Flipkart,kalki fashion kurta silver,3661.0
Kalki Fashion Kurta - Purple,2453,Kurta,Amazon,kalki fashion kurta purple,2453.0
Kalki Fashion Kurta - Purple,2630,Kurta,Flipkart,kalki fashion kurta purple,2630.0
Kalki Fashion Kurta,4642,Kurta,Amazon,kalki fashion kurta,4642.0
Kalki Fashion Kurta,1620,Kurta,Flipkart,kalki fashion kurta,1620.0
Kalki Fashion Kurta,3586,Kurta,Amazon,kalki fashion kurta,3586.0
Kalki Fashion Kurta,5217,Kurta,Flipkart,kalki fashion kurta,5217.0
Kalki Fashion Kurta,4307,Kurta,Amazon,kalki fashion kurta,4307.0
Kalki Fashion Kurta,5102,Kurta,Flipkart,kalki fashion kurta,5102.0
Kalki Fashion Kurta - White,2656,Kurta,Amazon,kalki fashion kurta white,2656.0
Kalki Fashion Kurta - White,4776,Kurta,Flipkart,kalki fashion kurta white,4776.0
Kalki Fashion Kurta,1933,Kurta,Amazon,kalki fashion kurta,1933.0
Kalki Fashion Kurta,2583,Kurta,Flipkart,kalki fashion kurta,2583.0
LG 450L,36478,Refrigerator,Amazon,lg l,36478.0
LG 450L,40639,Refrigerator,Flipkart,lg l,40639.0
LG 450L - Purple,37062,Refrigerator,Amazon,lg l purple,37062.0
LG 450L - Purple,40403,Refrigerator,Flipkart,lg l purple,40403.0
LG 450L,34752,Refrigerator,Amazon,lg l,34752.0
LG 450L,41497,Refrigerator,Flipkart,lg l,41497.0
LG 450L - White,35029,Refrigerator,Amazon,lg l white,35029.0
LG 450L - White,41851,Refrigerator,Flipkart,lg l white,41851.0
LG 450L,35625,Refrigerator,Amazon,lg l,35625.0
LG 450L,38420,Refrigerator,Flipkart,lg l,38420.0
LG 450L,36245,Refrigerator,Amazon,lg l,36245.0
LG 450L,38219,Refrigerator,Flipkart,lg l,38219.0
LG 450L,37132,Refrigerator,Amazon,lg l,37132.0
LG 450L,38339,Refrigerator,Flipkart,lg l,38339.0
Samsung 453L,40814,Refrigerator,Amazon,samsung l,40814.0
Samsung 453L,44625,Refrigerator,Flipkart,samsung l,44625.0
Samsung 453L,40020,Refrigerator,Amazon,samsung l,40020.0
Samsung 453L,42162,Refrigerator,Flipkart,samsung l,42162.0
Samsung 453L,39156,Refrigerator,Amazon,samsung l,39156.0
Samsung 453L,44433,Refrigerator,Flipkart,samsung l,44433.0
Samsung 453L - Purple,38460,Refrigerator,Amazon,samsung l purple,38460.0
Samsung 453L - Purple,44523,Refrigerator,Flipkart,samsung l purple,44523.0
Samsung 453L - Purple,40566,Refrigerator,Amazon,samsung l purple,40566.0
Samsung 453L - Purple,43213,Refrigerator,Flipkart,samsung l purple,43213.0
Samsung 453L - Purple,40883,Refrigerator,Amazon,samsung l purple,40883.0
Samsung 453L - Purple,43856,Refrigerator,Flipkart,samsung l purple,43856.0
Samsung 453L,40592,Refrigerator,Amazon,samsung l,40592.0
Samsung 453L,43309,Refrigerator,Flipkart,samsung l,43309.0
Samsung 453L,38267,Refrigerator,Amazon,samsung l,38267.0
Samsung 453L,44721,Refrigerator,Flipkart,samsung l,44721.0
Samsung 453L,40295,Refrigerator,Amazon,samsung l,40295.0
Samsung 453L,41365,Refrigerator,Flipkart,samsung l,41365.0
Samsung 453L,38063,Refrigerator,Amazon,samsung l,38063.0
Samsung 453L,41636,Refrigerator,Flipkart,samsung l,41636.0
Whirlpool 440L,32407,Refrigerator,Amazon,whirlpool l,32407.0
Whirlpool 440L,36173,Refrigerator,Flipkart,whirlpool l,36173.0
Whirlpool 440L - Purple,34775,Refrigerator,Amazon,whirlpool l purple,34775.0
Whirlpool 440L - Purple,37013,Refrigerator,Flipkart,whirlpool l purple,37013.0
Whirlpool 440L - Gold,34136,Refrigerator,Amazon,whirlpool l gold,34136.0
Whirlpool 440L - Gold,36762,Refrigerator,Flipkart,whirlpool l gold,36762.0
Whirlpool 440L,32529,Refrigerator,Amazon,whirlpool l,32529.0
Whirlpool 440L,35771,Refrigerator,Flipkart,whirlpool l,35771.0
Whirlpool 440L,32615,Refrigerator,Amazon,whirlpool l,32615.0
Whirlpool 440L,36022,Refrigerator,Flipkart,whirlpool l,36022.0
Whirlpool 440L,34392,Refrigerator,Amazon,whirlpool l,34392.0
Whirlpool 440L,36548,Refrigerator,Flipkart,whirlpool l,36548.0
Godrej 411L - Blue,27980,Refrigerator,Amazon,godrej l blue,27980.0
Godrej 411L - Blue,33115,Refrigerator,Flipkart,godrej l blue,33115.0
Godrej 411L - Green,30042,Refrigerator,Amazon,godrej l green,30042.0
Godrej 411L - Green,33177,Refrigerator,Flipkart,godrej l green,33177.0
Godrej 411L,27279,Refrigerator,Amazon,godrej l,27279.0
Godrej 411L,31746,Refrigerator,Flipkart,godrej l,31746.0
Godrej 411L,28864,Refrigerator,Amazon,godrej l,28864.0
Godrej 411L,33529,Refrigerator,Flipkart,godrej l,33529.0
Godrej 411L,27768,Refrigerator,Amazon,godrej l,27768.0
Godrej 411L,32312,Refrigerator,Flipkart,godrej l,32312.0
Godrej 411L,29190,Refrigerator,Amazon,godrej l,29190.0
Godrej 411L,31089,Refrigerator,Flipkart,godrej l,31089.0
Godrej 411L - Black,28101,Refrigerator,Amazon,godrej l black,28101.0
Godrej 411L - Black,31511,Refrigerator,Flipkart,godrej l black,31511.0
Godrej 411L,27616,Refrigerator,Amazon,godrej l,27616.0
Godrej 411L,31059,Refrigerator,Flipkart,godrej l,31059.0
Godrej 411L - Red,28275,Refrigerator,Amazon,godrej l red,28275.0
Godrej 411L - Red,34217,Refrigerator,Flipkart,godrej l red,34217.0
Godrej 411L,30240,Refrigerator,Amazon,godrej l,30240.0
Godrej 411L,31128,Refrigerator,Flipkart,godrej l,31128.0
Haier 410L,26090,Refrigerator,Amazon,haier l,26090.0
Haier 410L,32176,Refrigerator,Flipkart,haier l,32176.0
Haier 410L - Blue,25742,Refrigerator,Amazon,haier l blue,25742.0
Haier 410L - Blue,29786,Refrigerator,Flipkart,haier l blue,29786.0
Haier 410L - Gold,25498,Refrigerator,Amazon,haier l gold,25498.0
Haier 410L - Gold,32990,Refrigerator,Flipkart,haier l gold,32990.0
Haier 410L,28992,Refrigerator,Amazon,haier l,28992.0
Haier 410L,30813,Refrigerator,Flipkart,haier l,30813.0
Haier 410L - Gold,26886,Refrigerator,Amazon,haier l gold,26886.0
Haier 410L - Gold,32010,Refrigerator,Flipkart,haier l gold,32010.0
Bosch 345L - Silver,31936,Refrigerator,Amazon,bosch l silver,31936.0
Bosch 345L - Silver,33277,Refrigerator,Flipkart,bosch l silver,33277.0
Bosch 345L - White,31049,Refrigerator,Amazon,bosch l white,31049.0
Bosch 345L - White,35838,Refrigerator,Flipkart,bosch l white,35838.0
Bosch 345L,30614,Refrigerator,Amazon,bosch l,30614.0
Bosch 345L,33222,Refrigerator,Flipkart,bosch l,33222.0
Bosch 345L,28891,Refrigerator,Amazon,bosch l,28891.0
Bosch 345L,35985,Refrigerator,Flipkart,bosch l,35985.0
Bosch 345L - White,28060,Refrigerator,Amazon,bosch l white,28060.0
Bosch 345L - White,32684,Refrigerator,Flipkart,bosch l white,32684.0
Bosch 345L - Purple,28994,Refrigerator,Amazon,bosch l purple,28994.0
Bosch 345L - Purple,32035,Refrigerator,Flipkart,bosch l purple,32035.0
Bosch 345L,29520,Refrigerator,Amazon,bosch l,29520.0
Bosch 345L,35156,Refrigerator,Flipkart,bosch l,35156.0
Bosch 345L - Black,28373,Refrigerator,Amazon,bosch l black,28373.0
Bosch 345L - Black,34808,Refrigerator,Flipkart,bosch l black,34808.0
Bosch 345L - White,30639,Refrigerator,Amazon,bosch l white,30639.0
Bosch 345L - White,32629,Refrigerator,Flipkart,bosch l white,32629.0
Bosch 345L - Red,28952,Refrigerator,Amazon,bosch l red,28952.0
Bosch 345L - Red,33296,Refrigerator,Flipkart,bosch l red,33296.0
IFB 465L - Red,38789,Refrigerator,Amazon,ifb l red,38789.0
IFB 465L - Red,42086,Refrigerator,Flipkart,ifb l red,42086.0
IFB 465L,41679,Refrigerator,Amazon,ifb l,41679.0
IFB 465L,42160,Refrigerator,Flipkart,ifb l,42160.0
IFB 465L - Gold,39206,Refrigerator,Amazon,ifb l gold,39206.0
IFB 465L - Gold,44222,Refrigerator,Flipkart,ifb l gold,44222.0
IFB 465L,40225,Refrigerator,Amazon,ifb l,40225.0
IFB 465L,43423,Refrigerator,Flipkart,ifb l,43423.0
IFB 465L - Silver,41552,Refrigerator,Amazon,ifb l silver,41552.0
IFB 465L - Silver,45404,Refrigerator,Flipkart,ifb l silver,45404.0
IFB 465L,38633,Refrigerator,Amazon,ifb l,38633.0
IFB 465L,43839,Refrigerator,Flipkart,ifb l,43839.0
IFB 465L,39502,Refrigerator,Amazon,ifb l,39502.0
IFB 465L,43858,Refrigerator,Flipkart,ifb l,43858.0
IFB 465L - Red,41004,Refrigerator,Amazon,ifb l red,41004.0
IFB 465L - Red,42758,Refrigerator,Flipkart,ifb l red,42758.0
IFB 465L,39312,Refrigerator,Amazon,ifb l,39312.0
IFB 465L,44952,Refrigerator,Flipkart,ifb l,44952.0
IFB 465L - Silver,38776,Refrigerator,Amazon,ifb l silver,38776.0
IFB 465L - Silver,44145,Refrigerator,Flipkart,ifb l silver,44145.0
Electrolux 420L,35624,Refrigerator,Amazon,electrolux l,35624.0
Electrolux 420L,38318,Refrigerator,Flipkart,electrolux l,38318.0
Electrolux 420L - Silver,33272,Refrigerator,Amazon,electrolux l silver,33272.0
Electrolux 420L - Silver,37178,Refrigerator,Flipkart,electrolux l silver,37178.0
Electrolux 420L,33127,Refrigerator,Amazon,electrolux l,33127.0
Electrolux 420L,37826,Refrigerator,Flipkart,electrolux l,37826.0
Electrolux 420L - Green,33129,Refrigerator,Amazon,electrolux l green,33129.0
Electrolux 420L - Green,39337,Refrigerator,Flipkart,electrolux l green,39337.0
Electrolux 420L - Black,35554,Refrigerator,Amazon,electrolux l black,35554.0
Electrolux 420L - Black,39871,Refrigerator,Flipkart,electrolux l black,39871.0
Electrolux 420L,35480,Refrigerator,Amazon,electrolux l,35480.0
Electrolux 420L,39939,Refrigerator,Flipkart,electrolux l,39939.0
Electrolux 420L - White,35684,Refrigerator,Amazon,electrolux l white,35684.0
Electrolux 420L - White,39011,Refrigerator,Flipkart,electrolux l white,39011.0
Electrolux 420L,35616,Refrigerator,Amazon,electrolux l,35616.0
Electrolux 420L,37247,Refrigerator,Flipkart,electrolux l,37247.0
Midea 450L,26252,Refrigerator,Amazon,midea l,26252.0
Midea 450L,29900,Refrigerator,Flipkart,midea l,29900.0
Midea 450L,23165,Refrigerator,Amazon,midea l,23165.0
Midea 450L,30006,Refrigerator,Flipkart,midea l,30006.0
Midea 450L - White,26868,Refrigerator,Amazon,midea l white,26868.0
Midea 450L - White,27883,Refrigerator,Flipkart,midea l white,27883.0
Midea 450L,23945,Refrigerator,Amazon,midea l,23945.0
Midea 450L,29176,Refrigerator,Flipkart,midea l,29176.0
Midea 450L - Silver,25689,Refrigerator,Amazon,midea l silver,25689.0
Midea 450L - Silver,28017,Refrigerator,Flipkart,midea l silver,28017.0
Midea 450L - Red,25285,Refrigerator,Amazon,midea l red,25285.0
Midea 450L - Red,28699,Refrigerator,Flipkart,midea l red,28699.0
Midea 450L,24748,Refrigerator,Amazon,midea l,24748.0
Midea 450L,30615,Refrigerator,Flipkart,midea l,30615.0
Realme 650L - Purple,23066,Refrigerator,Amazon,realme l purple,23066.0
Realme 650L - Purple,26381,Refrigerator,Flipkart,realme l purple,26381.0
Realme 650L - Green,23252,Refrigerator,Amazon,realme l green,23252.0
Realme 650L - Green,26328,Refrigerator,Flipkart,realme l green,26328.0
Realme 650L,24382,Refrigerator,Amazon,realme l,24382.0
Realme 650L,27972,Refrigerator,Flipkart,realme l,27972.0
Realme 650L,23233,Refrigerator,Amazon,realme l,23233.0
Realme 650L,25875,Refrigerator,Flipkart,realme l,25875.0
Realme 650L,24048,Refrigerator,Amazon,realme l,24048.0
Realme 650L,26039,Refrigerator,Flipkart,realme l,26039.0
Realme 650L,24930,Refrigerator,Amazon,realme l,24930.0
Realme 650L,26625,Refrigerator,Flipkart,realme l,26625.0
Realme 650L,22164,Refrigerator,Amazon,realme l,22164.0
Realme 650L,27439,Refrigerator,Flipkart,realme l,27439.0
Realme 650L,24645,Refrigerator,Amazon,realme l,24645.0
Realme 650L,26235,Refrigerator,Flipkart,realme l,26235.0
Samsung 7kg - Blue,25087,Washing Machine,Amazon,samsung kg blue,25087.0
Samsung 7kg - Blue,31159,Washing Machine,Flipkart,samsung kg blue,31159.0
Samsung 7kg - Silver,27277,Washing Machine,Amazon,samsung kg silver,27277.0
Samsung 7kg - Silver,30336,Washing Machine,Flipkart,samsung kg silver,30336.0
Samsung 7kg,26884,Washing Machine,Amazon,samsung kg,26884.0
Samsung 7kg,29455,Washing Machine,Flipkart,samsung kg,29455.0
Samsung 7kg,28642,Washing Machine,Amazon,samsung kg,28642.0
Samsung 7kg,30383,Washing Machine,Flipkart,samsung kg,30383.0
Samsung 7kg - Gold,26229,Washing Machine,Amazon,samsung kg gold,26229.0
Samsung 7kg - Gold,28375,Washing Machine,Flipkart,samsung kg gold,28375.0
Samsung 7kg,28246,Washing Machine,Amazon,samsung kg,28246.0
Samsung 7kg,29975,Washing Machine,Flipkart,samsung kg,29975.0
Samsung 7kg,28355,Washing Machine,Amazon,samsung kg,28355.0
Samsung 7kg,31716,Washing Machine,Flipkart,samsung kg,31716.0
LG 7kg,27309,Washing Machine,Amazon,lg kg,27309.0
LG 7kg,29359,Washing Machine,Flipkart,lg kg,29359.0
LG 7kg - Green,25424,Washing Machine,Amazon,lg kg green,25424.0
LG 7kg - Green,30602,Washing Machine,Flipkart,lg kg green,30602.0
LG 7kg,27561,Washing Machine,Amazon,lg kg,27561.0
LG 7kg,30154,Washing Machine,Flipkart,lg kg,30154.0
LG 7kg - Green,27802,Washing Machine,Amazon,lg kg green,27802.0
LG 7kg - Green,27045,Washing Machine,Flipkart,lg kg green,27045.0
LG 7kg,26146,Washing Machine,Amazon,lg kg,26146.0
LG 7kg,27167,Washing Machine,Flipkart,lg kg,27167.0
LG 7kg - Silver,25337,Washing Machine,Amazon,lg kg silver,25337.0
LG 7kg - Silver,29056,Washing Machine,Flipkart,lg kg silver,29056.0
LG 7kg - White,26995,Washing Machine,Amazon,lg kg white,26995.0
LG 7kg - White,28608,Washing Machine,Flipkart,lg kg white,28608.0
LG 7kg,25185,Washing Machine,Amazon,lg kg,25185.0
LG 7kg,30219,Washing Machine,Flipkart,lg kg,30219.0
LG 7kg - Black,24337,Washing Machine,Amazon,lg kg black,24337.0
LG 7kg - Black,28948,Washing Machine,Flipkart,lg kg black,28948.0
LG 7kg,25074,Washing Machine,Amazon,lg kg,25074.0
LG 7kg,27347,Washing Machine,Flipkart,lg kg,27347.0
Whirlpool 7kg,21533,Washing Machine,Amazon,whirlpool kg,21533.0
Whirlpool 7kg,27120,Washing Machine,Flipkart,whirlpool kg,27120.0
Whirlpool 7kg - Gold,22997,Washing Machine,Amazon,whirlpool kg gold,22997.0
Whirlpool 7kg - Gold,25618,Washing Machine,Flipkart,whirlpool kg gold,25618.0
Whirlpool 7kg,24012,Washing Machine,Amazon,whirlpool kg,24012.0
Whirlpool 7kg,26146,Washing Machine,Flipkart,whirlpool kg,26146.0
Whirlpool 7kg,24180,Washing Machine,Amazon,whirlpool kg,24180.0
Whirlpool 7kg,25760,Washing Machine,Flipkart,whirlpool kg,25760.0
Whirlpool 7kg,21459,Washing Machine,Amazon,whirlpool kg,21459.0
Whirlpool 7kg,26750,Washing Machine,Flipkart,whirlpool kg,26750.0
Whirlpool 7kg,21779,Washing Machine,Amazon,whirlpool kg,21779.0
Whirlpool 7kg,25312,Washing Machine,Flipkart,whirlpool kg,25312.0
Whirlpool 7kg - Purple,21692,Washing Machine,Amazon,whirlpool kg purple,21692.0
Whirlpool 7kg - Purple,25431,Washing Machine,Flipkart,whirlpool kg purple,25431.0
Whirlpool 7kg - Gold,21182,Washing Machine,Amazon,whirlpool kg gold,21182.0
Whirlpool 7kg - Gold,27784,Washing Machine,Flipkart,whirlpool kg gold,27784.0
Whirlpool 7kg - White,24102,Washing Machine,Amazon,whirlpool kg white,24102.0
Whirlpool 7kg - White,26982,Washing Machine,Flipkart,whirlpool kg white,26982.0
Whirlpool 7kg - Blue,24885,Washing Machine,Amazon,whirlpool kg blue,24885.0
Whirlpool 7kg - Blue,26542,Washing Machine,Flipkart,whirlpool kg blue,26542.0
Godrej 6.5kg,21293,Washing Machine,Amazon,godrej kg,21293.0
Godrej 6.5kg,21454,Washing Machine,Flipkart,godrej kg,21454.0
Godrej 6.5kg - Gold,19358,Washing Machine,Amazon,godrej kg gold,19358.0
Godrej 6.5kg - Gold,21855,Washing Machine,Flipkart,godrej kg gold,21855.0
Godrej 6.5kg,20142,Washing Machine,Amazon,godrej kg,20142.0
Godrej 6.5kg,24072,Washing Machine,Flipkart,godrej kg,24072.0
Godrej 6.5kg - Black,20988,Washing Machine,Amazon,godrej kg black,20988.0
Godrej 6.5kg - Black,21577,Washing Machine,Flipkart,godrej kg black,21577.0
Godrej 6.5kg - Blue,21710,Washing Machine,Amazon,godrej kg blue,21710.0
Godrej 6.5kg - Blue,23716,Washing Machine,Flipkart,godrej kg blue,23716.0
Godrej 6.5kg - Blue,19162,Washing Machine,Amazon,godrej kg blue,19162.0
Godrej 6.5kg - Blue,21821,Washing Machine,Flipkart,godrej kg blue,21821.0
Godrej 6.5kg,20680,Washing Machine,Amazon,godrej kg,20680.0
Godrej 6.5kg,24870,Washing Machine,Flipkart,godrej kg,24870.0
Godrej 6.5kg - Red,19110,Washing Machine,Amazon,godrej kg red,19110.0
Godrej 6.5kg - Red,23714,Washing Machine,Flipkart,godrej kg red,23714.0
Godrej 6.5kg - Green,19197,Washing Machine,Amazon,godrej kg green,19197.0
Godrej 6.5kg - Green,24551,Washing Machine,Flipkart,godrej kg green,24551.0
Godrej 6.5kg - White,19558,Washing Machine,Amazon,godrej kg white,19558.0
Godrej 6.5kg - White,23081,Washing Machine,Flipkart,godrej kg white,23081.0
Bosch 7kg,29176,Washing Machine,Amazon,bosch kg,29176.0
Bosch 7kg,31359,Washing Machine,Flipkart,bosch kg,31359.0
Bosch 7kg - Black,28874,Washing Machine,Amazon,bosch kg black,28874.0
Bosch 7kg - Black,33295,Washing Machine,Flipkart,bosch kg black,33295.0
Bosch 7kg,30776,Washing Machine,Amazon,bosch kg,30776.0
Bosch 7kg,33167,Washing Machine,Flipkart,bosch kg,33167.0
Bosch 7kg,30048,Washing Machine,Amazon,bosch kg,30048.0
Bosch 7kg,31642,Washing Machine,Flipkart,bosch kg,31642.0
Bosch 7kg,29559,Washing Machine,Amazon,bosch kg,29559.0
Bosch 7kg,32237,Washing Machine,Flipkart,bosch kg,32237.0
Bosch 7kg,28128,Washing Machine,Amazon,bosch kg,28128.0
Bosch 7kg,34324,Washing Machine,Flipkart,bosch kg,34324.0
Bosch 7kg - Black,28584,Washing Machine,Amazon,bosch kg black,28584.0
Bosch 7kg - Black,34646,Washing Machine,Flipkart,bosch kg black,34646.0
Bosch 7kg,27922,Washing Machine,Amazon,bosch kg,27922.0
Bosch 7kg,31620,Washing Machine,Flipkart,bosch kg,31620.0
Bosch 7kg - Gold,27561,Washing Machine,Amazon,bosch kg gold,27561.0
Bosch 7kg - Gold,31358,Washing Machine,Flipkart,bosch kg gold,31358.0
IFB 7kg - Red,30624,Washing Machine,Amazon,ifb kg red,30624.0
IFB 7kg - Red,35745,Washing Machine,Flipkart,ifb kg red,35745.0
IFB 7kg - Gold,30538,Washing Machine,Amazon,ifb kg gold,30538.0
IFB 7kg - Gold,34845,Washing Machine,Flipkart,ifb kg gold,34845.0
IFB 7kg - Silver,32819,Washing Machine,Amazon,ifb kg silver,32819.0
IFB 7kg - Silver,36887,Washing Machine,Flipkart,ifb kg silver,36887.0
IFB 7kg - Silver,33722,Washing Machine,Amazon,ifb kg silver,33722.0
IFB 7kg - Silver,37995,Washing Machine,Flipkart,ifb kg silver,37995.0
IFB 7kg - White,32281,Washing Machine,Amazon,ifb kg white,32281.0
IFB 7kg - White,36182,Washing Machine,Flipkart,ifb kg white,36182.0
IFB 7kg,33437,Washing Machine,Amazon,ifb kg,33437.0
IFB 7kg,37601,Washing Machine,Flipkart,ifb kg,37601.0
IFB 7kg - Green,31304,Washing Machine,Amazon,ifb kg green,31304.0
IFB 7kg - Green,37604,Washing Machine,Flipkart,ifb kg green,37604.0
IFB 7kg - Blue,33053,Washing Machine,Amazon,ifb kg blue,33053.0
IFB 7kg - Blue,37823,Washing Machine,Flipkart,ifb kg blue,37823.0
IFB 7kg,30768,Washing Machine,Amazon,ifb kg,30768.0
IFB 7kg,34436,Washing Machine,Flipkart,ifb kg,34436.0
Haier 6kg - Gold,18526,Washing Machine,Amazon,haier kg gold,18526.0
Haier 6kg - Gold,20092,Washing Machine,Flipkart,haier kg gold,20092.0
Haier 6kg,16944,Washing Machine,Amazon,haier kg,16944.0
Haier 6kg,21814,Washing Machine,Flipkart,haier kg,21814.0
Haier 6kg,19193,Washing Machine,Amazon,haier kg,19193.0
Haier 6kg,20951,Washing Machine,Flipkart,haier kg,20951.0
Haier 6kg,18915,Washing Machine,Amazon,haier kg,18915.0
Haier 6kg,21659,Washing Machine,Flipkart,haier kg,21659.0
Haier 6kg,17939,Washing Machine,Amazon,haier kg,17939.0
Haier 6kg,19562,Washing Machine,Flipkart,haier kg,19562.0
Haier 6kg - Blue,17672,Washing Machine,Amazon,haier kg blue,17672.0
Haier 6kg - Blue,22130,Washing Machine,Flipkart,haier kg blue,22130.0
Haier 6kg - Gold,19039,Washing Machine,Amazon,haier kg gold,19039.0
Haier 6kg - Gold,21748,Washing Machine,Flipkart,haier kg gold,21748.0
Haier 6kg - Purple,19796,Washing Machine,Amazon,haier kg purple,19796.0
Haier 6kg - Purple,22909,Washing Machine,Flipkart,haier kg purple,22909.0
Haier 6kg,19634,Washing Machine,Amazon,haier kg,19634.0
Haier 6kg,20009,Washing Machine,Flipkart,haier kg,20009.0
Electrolux 8kg - Green,34375,Washing Machine,Amazon,electrolux kg green,34375.0
Electrolux 8kg - Green,36557,Washing Machine,Flipkart,electrolux kg green,36557.0
Electrolux 8kg - Black,33431,Washing Machine,Amazon,electrolux kg black,33431.0
Electrolux 8kg - Black,37195,Washing Machine,Flipkart,electrolux kg black,37195.0
Electrolux 8kg - Black,32848,Washing Machine,Amazon,electrolux kg black,32848.0
Electrolux 8kg - Black,36870,Washing Machine,Flipkart,electrolux kg black,36870.0
Electrolux 8kg,33123,Washing Machine,Amazon,electrolux kg,33123.0
Electrolux 8kg,37202,Washing Machine,Flipkart,electrolux kg,37202.0
Electrolux 8kg - Black,32585,Washing Machine,Amazon,electrolux kg black,32585.0
Electrolux 8kg - Black,37113,Washing Machine,Flipkart,electrolux kg black,37113.0
Electrolux 8kg - Blue,32799,Washing Machine,Amazon,electrolux kg blue,32799.0
Electrolux 8kg - Blue,36629,Washing Machine,Flipkart,electrolux kg blue,36629.0
Electrolux 8kg - Black,32729,Washing Machine,Amazon,electrolux kg black,32729.0
Electrolux 8kg - Black,36204,Washing Machine,Flipkart,electrolux kg black,36204.0
Electrolux 8kg - White,32897,Washing Machine,Amazon,electrolux kg white,32897.0
Electrolux 8kg - White,38398,Washing Machine,Flipkart,electrolux kg white,38398.0
Electrolux 8kg - Silver,31735,Washing Machine,Amazon,electrolux kg silver,31735.0
Electrolux 8kg - Silver,38188,Washing Machine,Flipkart,electrolux kg silver,38188.0
Electrolux 8kg,32323,Washing Machine,Amazon,electrolux kg,32323.0
Electrolux 8kg,36845,Washing Machine,Flipkart,electrolux kg,36845.0
Midea 7kg - White,21668,Washing Machine,Amazon,midea kg white,21668.0
Midea 7kg - White,21826,Washing Machine,Flipkart,midea kg white,21826.0
Midea 7kg - Silver,20832,Washing Machine,Amazon,midea kg silver,20832.0
Midea 7kg - Silver,23655,Washing Machine,Flipkart,midea kg silver,23655.0
Midea 7kg - Red,18372,Washing Machine,Amazon,midea kg red,18372.0
Midea 7kg - Red,21466,Washing Machine,Flipkart,midea kg red,21466.0
Midea 7kg - Silver,20896,Washing Machine,Amazon,midea kg silver,20896.0
Midea 7kg - Silver,22572,Washing Machine,Flipkart,midea kg silver,22572.0
Midea 7kg - Red,19557,Washing Machine,Amazon,midea kg red,19557.0
Midea 7kg - Red,21178,Washing Machine,Flipkart,midea kg red,21178.0
Midea 7kg,20700,Washing Machine,Amazon,midea kg,20700.0
Midea 7kg,24532,Washing Machine,Flipkart,midea kg,24532.0
Midea 7kg,21149,Washing Machine,Amazon,midea kg,21149.0
Midea 7kg,23915,Washing Machine,Flipkart,midea kg,23915.0
Midea 7kg - Blue,20989,Washing Machine,Amazon,midea kg blue,20989.0
Midea 7kg - Blue,24147,Washing Machine,Flipkart,midea kg blue,24147.0
Midea 7kg - Black,21679,Washing Machine,Amazon,midea kg black,21679.0
Midea 7kg - Black,21537,Washing Machine,Flipkart,midea kg black,21537.0
Midea 7kg,18049,Washing Machine,Amazon,midea kg,18049.0
Midea 7kg,22877,Washing Machine,Flipkart,midea kg,22877.0
Onida 6kg,17489,Washing Machine,Amazon,onida kg,17489.0
Onida 6kg,21614,Washing Machine,Flipkart,onida kg,21614.0
Onida 6kg,17700,Washing Machine,Amazon,onida kg,17700.0
Onida 6kg,19947,Washing Machine,Flipkart,onida kg,19947.0
Onida 6kg,17461,Washing Machine,Amazon,onida kg,17461.0
Onida 6kg,20457,Washing Machine,Flipkart,onida kg,20457.0
Onida 6kg - Gold,17537,Washing Machine,Amazon,onida kg gold,17537.0
Onida 6kg - Gold,20573,Washing Machine,Flipkart,onida kg gold,20573.0
Onida 6kg - Black,15606,Washing Machine,Amazon,onida kg black,15606.0
Onida 6kg - Black,18224,Washing Machine,Flipkart,onida kg black,18224.0
Philips 6.2L - Blue,5231,Air Fryer,Amazon,philips l blue,5231.0
Philips 6.2L - Blue,5866,Air Fryer,Flipkart,philips l blue,5866.0
Philips 6.2L,2858,Air Fryer,Amazon,philips l,2858.0
Philips 6.2L,3699,Air Fryer,Flipkart,philips l,3699.0
Philips 6.2L - Silver,5251,Air Fryer,Amazon,philips l silver,5251.0
Philips 6.2L - Silver,4663,Air Fryer,Flipkart,philips l silver,4663.0
Philips 6.2L,3974,Air Fryer,Amazon,philips l,3974.0
Philips 6.2L,7314,Air Fryer,Flipkart,philips l,7314.0
Philips 6.2L,4008,Air Fryer,Amazon,philips l,4008.0
Philips 6.2L,7175,Air Fryer,Flipkart,philips l,7175.0
Agaro 5.5L,4453,Air Fryer,Amazon,agaro l,4453.0
Agaro 5.5L,3753,Air Fryer,Flipkart,agaro l,3753.0
Agaro 5.5L - Red,1498,Air Fryer,Amazon,agaro l red,1498.0
Agaro 5.5L - Red,4344,Air Fryer,Flipkart,agaro l red,4344.0
Agaro 5.5L - Black,3147,Air Fryer,Amazon,agaro l black,3147.0
Agaro 5.5L - Black,2358,Air Fryer,Flipkart,agaro l black,2358.0
Agaro 5.5L - White,3987,Air Fryer,Amazon,agaro l white,3987.0
Agaro 5.5L - White,4075,Air Fryer,Flipkart,agaro l white,4075.0
Agaro 5.5L - Blue,3819,Air Fryer,Amazon,agaro l blue,3819.0
Agaro 5.5L - Blue,3976,Air Fryer,Flipkart,agaro l blue,3976.0
Agaro 5.5L,4471,Air Fryer,Amazon,agaro l,4471.0
Agaro 5.5L,2795,Air Fryer,Flipkart,agaro l,2795.0
Agaro 5.5L - Purple,3551,Air Fryer,Amazon,agaro l purple,3551.0
Agaro 5.5L - Purple,2948,Air Fryer,Flipkart,agaro l purple,2948.0
Agaro 5.5L,3587,Air Fryer,Amazon,agaro l,3587.0
Agaro 5.5L,3537,Air Fryer,Flipkart,agaro l,3537.0
Wonderchef 5.5L,2452,Air Fryer,Amazon,wonderchef l,2452.0
Wonderchef 5.5L,4901,Air Fryer,Flipkart,wonderchef l,4901.0
Wonderchef 5.5L,1983,Air Fryer,Amazon,wonderchef l,1983.0
Wonderchef 5.5L,2097,Air Fryer,Flipkart,wonderchef l,2097.0
Wonderchef 5.5L - Green,4774,Air Fryer,Amazon,wonderchef l green,4774.0
Wonderchef 5.5L - Green,4519,Air Fryer,Flipkart,wonderchef l green,4519.0
Wonderchef 5.5L - Gold,2931,Air Fryer,Amazon,wonderchef l gold,2931.0
Wonderchef 5.5L - Gold,4294,Air Fryer,Flipkart,wonderchef l gold,4294.0
Wonderchef 5.5L,2323,Air Fryer,Amazon,wonderchef l,2323.0
Wonderchef 5.5L,4825,Air Fryer,Flipkart,wonderchef l,4825.0
Wonderchef 5.5L - Black,2728,Air Fryer,Amazon,wonderchef l black,2728.0
Wonderchef 5.5L - Black,4074,Air Fryer,Flipkart,wonderchef l black,4074.0
Wonderchef 5.5L,2864,Air Fryer,Amazon,wonderchef l,2864.0
Wonderchef 5.5L,3397,Air Fryer,Flipkart,wonderchef l,3397.0
Wonderchef 5.5L - Gold,5431,Air Fryer,Amazon,wonderchef l gold,5431.0
Wonderchef 5.5L - Gold,2118,Air Fryer,Flipkart,wonderchef l gold,2118.0
Wonderchef 5.5L - Purple,2883,Air Fryer,Amazon,wonderchef l purple,2883.0
Wonderchef 5.5L - Purple,5776,Air Fryer,Flipkart,wonderchef l purple,5776.0
Cosori 4L - Red,5971,Air Fryer,Amazon,cosori l red,5971.0
Cosori 4L - Red,5635,Air Fryer,Flipkart,cosori l red,5635.0
Cosori 4L - Black,7333,Air Fryer,Amazon,cosori l black,7333.0
Cosori 4L - Black,6694,Air Fryer,Flipkart,cosori l black,6694.0
Cosori 4L - Black,6313,Air Fryer,Amazon,cosori l black,6313.0
Cosori 4L - Black,7968,Air Fryer,Flipkart,cosori l black,7968.0
Cosori 4L - Red,6806,Air Fryer,Amazon,cosori l red,6806.0
Cosori 4L - Red,6357,Air Fryer,Flipkart,cosori l red,6357.0
Cosori 4L - Red,4610,Air Fryer,Amazon,cosori l red,4610.0
Cosori 4L - Red,6147,Air Fryer,Flipkart,cosori l red,6147.0
Cosori 4L,6187,Air Fryer,Amazon,cosori l,6187.0
Cosori 4L,8449,Air Fryer,Flipkart,cosori l,8449.0
Instant Pot 6L - Blue,3977,Air Fryer,Amazon,instant pot l blue,3977.0
Instant Pot 6L - Blue,7840,Air Fryer,Flipkart,instant pot l blue,7840.0
Instant Pot 6L,6406,Air Fryer,Amazon,instant pot l,6406.0
Instant Pot 6L,4428,Air Fryer,Flipkart,instant pot l,4428.0
Instant Pot 6L,7091,Air Fryer,Amazon,instant pot l,7091.0
Instant Pot 6L,5272,Air Fryer,Flipkart,instant pot l,5272.0
Instant Pot 6L,4384,Air Fryer,Amazon,instant pot l,4384.0
Instant Pot 6L,6449,Air Fryer,Flipkart,instant pot l,6449.0
Instant Pot 6L - White,6714,Air Fryer,Amazon,instant pot l white,6714.0
Instant Pot 6L - White,4452,Air Fryer,Flipkart,instant pot l white,4452.0
Instant Pot 6L,3601,Air Fryer,Amazon,instant pot l,3601.0
Instant Pot 6L,7571,Air Fryer,Flipkart,instant pot l,7571.0
Instant Pot 6L - Blue,4278,Air Fryer,Amazon,instant pot l blue,4278.0
Instant Pot 6L - Blue,5692,Air Fryer,Flipkart,instant pot l blue,5692.0
Instant Pot 6L,6650,Air Fryer,Amazon,instant pot l,6650.0
Instant Pot 6L,7869,Air Fryer,Flipkart,instant pot l,7869.0
Instant Pot 6L,6270,Air Fryer,Amazon,instant pot l,6270.0
Instant Pot 6L,4842,Air Fryer,Flipkart,instant pot l,4842.0
KENT 5L - Black,4222,Air Fryer,Amazon,kent l black,4222.0
KENT 5L - Black,5341,Air Fryer,Flipkart,kent l black,5341.0
KENT 5L - White,1479,Air Fryer,Amazon,kent l white,1479.0
KENT 5L - White,4613,Air Fryer,Flipkart,kent l white,4613.0
KENT 5L,4941,Air Fryer,Amazon,kent l,4941.0
KENT 5L,1987,Air Fryer,Flipkart,kent l,1987.0
KENT 5L - Gold,1391,Air Fryer,Amazon,kent l gold,1391.0
KENT 5L - Gold,4164,Air Fryer,Flipkart,kent l gold,4164.0
KENT 5L,2087,Air Fryer,Amazon,kent l,2087.0
KENT 5L,2972,Air Fryer,Flipkart,kent l,2972.0
KENT 5L,3105,Air Fryer,Amazon,kent l,3105.0
KENT 5L,4547,Air Fryer,Flipkart,kent l,4547.0
KENT 5L,2419,Air Fryer,Amazon,kent l,2419.0
KENT 5L,2267,Air Fryer,Flipkart,kent l,2267.0
KENT 5L - Red,1718,Air Fryer,Amazon,kent l red,1718.0
KENT 5L - Red,2645,Air Fryer,Flipkart,kent l red,2645.0
Havells 3.2L - Silver,3992,Air Fryer,Amazon,havells l silver,3992.0
Havells 3.2L - Silver,2259,Air Fryer,Flipkart,havells l silver,2259.0
Havells 3.2L,3210,Air Fryer,Amazon,havells l,3210.0
Havells 3.2L,4753,Air Fryer,Flipkart,havells l,4753.0
Havells 3.2L,1231,Air Fryer,Amazon,havells l,1231.0
Havells 3.2L,1217,Air Fryer,Flipkart,havells l,1217.0
Havells 3.2L,2270,Air Fryer,Amazon,havells l,2270.0
Havells 3.2L,1319,Air Fryer,Flipkart,havells l,1319.0
Havells 3.2L - Purple,3585,Air Fryer,Amazon,havells l purple,3585.0
Havells 3.2L - Purple,3540,Air Fryer,Flipkart,havells l purple,3540.0
Havells 3.2L,2060,Air Fryer,Amazon,havells l,2060.0
Havells 3.2L,4447,Air Fryer,Flipkart,havells l,4447.0
Havells 3.2L - Purple,1020,Air Fryer,Amazon,havells l purple,1020.0
Havells 3.2L - Purple,5087,Air Fryer,Flipkart,havells l purple,5087.0
Havells 3.2L - Purple,1079,Air Fryer,Amazon,havells l purple,1079.0
Havells 3.2L - Purple,4428,Air Fryer,Flipkart,havells l purple,4428.0
Havells 3.2L - Purple,1970,Air Fryer,Amazon,havells l purple,1970.0
Havells 3.2L - Purple,3902,Air Fryer,Flipkart,havells l purple,3902.0
Havells 3.2L,4579,Air Fryer,Amazon,havells l,4579.0
Havells 3.2L,2015,Air Fryer,Flipkart,havells l,2015.0
Pigeon 3L - Red,1604,Air Fryer,Amazon,pigeon l red,1604.0
Pigeon 3L - Red,1150,Air Fryer,Flipkart,pigeon l red,1150.0
Pigeon 3L,1855,Air Fryer,Amazon,pigeon l,1855.0
Pigeon 3L,2395,Air Fryer,Flipkart,pigeon l,2395.0
Pigeon 3L,1438,Air Fryer,Amazon,pigeon l,1438.0
Pigeon 3L,2359,Air Fryer,Flipkart,pigeon l,2359.0
Pigeon 3L - Silver,3144,Air Fryer,Amazon,pigeon l silver,3144.0
Pigeon 3L - Silver,1826,Air Fryer,Flipkart,pigeon l silver,1826.0
Pigeon 3L - White,1660,Air Fryer,Amazon,pigeon l white,1660.0
Pigeon 3L - White,3747,Air Fryer,Flipkart,pigeon l white,3747.0
Pigeon 3L - Purple,2659,Air Fryer,Amazon,pigeon l purple,2659.0
Pigeon 3L - Purple,689,Air Fryer,Flipkart,pigeon l purple,689.0
Pigeon 3L - Silver,1692,Air Fryer,Amazon,pigeon l silver,1692.0
Pigeon 3L - Silver,1376,Air Fryer,Flipkart,pigeon l silver,1376.0
Instant Pot 7-in-1 - Green,5394,Pressure Cooker,Amazon,instant pot in green,5394.0
Instant Pot 7-in-1 - Green,5851,Pressure Cooker,Flipkart,instant pot in green,5851.0
Instant Pot 7-in-1,6322,Pressure Cooker,Amazon,instant pot in,6322.0
Instant Pot 7-in-1,8223,Pressure Cooker,Flipkart,instant pot in,8223.0
Instant Pot 7-in-1,6713,Pressure Cooker,Amazon,instant pot in,6713.0
Instant Pot 7-in-1,7741,Pressure Cooker,Flipkart,instant pot in,7741.0
Instant Pot 7-in-1,7426,Pressure Cooker,Amazon,instant pot in,7426.0
Instant Pot 7-in-1,6992,Pressure Cooker,Flipkart,instant pot in,6992.0
Instant Pot 7-in-1,5331,Pressure Cooker,Amazon,instant pot in,5331.0
Instant Pot 7-in-1,7272,Pressure Cooker,Flipkart,instant pot in,7272.0
Prestige Induction,4914,Pressure Cooker,Amazon,prestige induction,4914.0
Prestige Induction,3161,Pressure Cooker,Flipkart,prestige induction,3161.0
Prestige Induction - Green,4333,Pressure Cooker,Amazon,prestige induction green,4333.0
Prestige Induction - Green,3941,Pressure Cooker,Flipkart,prestige induction green,3941.0
Prestige Induction,3640,Pressure Cooker,Amazon,prestige induction,3640.0
Prestige Induction,4203,Pressure Cooker,Flipkart,prestige induction,4203.0
Prestige Induction - Black,1568,Pressure Cooker,Amazon,prestige induction black,1568.0
Prestige Induction - Black,5133,Pressure Cooker,Flipkart,prestige induction black,5133.0
Prestige Induction - Green,1610,Pressure Cooker,Amazon,prestige induction green,1610.0
Prestige Induction - Green,3354,Pressure Cooker,Flipkart,prestige induction green,3354.0
Prestige Induction - Red,1800,Pressure Cooker,Amazon,prestige induction red,1800.0
Prestige Induction - Red,2341,Pressure Cooker,Flipkart,prestige induction red,2341.0
Prestige Induction - Green,4252,Pressure Cooker,Amazon,prestige induction green,4252.0
Prestige Induction - Green,5239,Pressure Cooker,Flipkart,prestige induction green,5239.0
Hawkins 3L - Green,2385,Pressure Cooker,Amazon,hawkins l green,2385.0
Hawkins 3L - Green,332,Pressure Cooker,Flipkart,hawkins l green,332.0
Hawkins 3L - Black,254,Pressure Cooker,Amazon,hawkins l black,254.0
Hawkins 3L - Black,1811,Pressure Cooker,Flipkart,hawkins l black,1811.0
Hawkins 3L - White,2292,Pressure Cooker,Amazon,hawkins l white,2292.0
Hawkins 3L - White,3660,Pressure Cooker,Flipkart,hawkins l white,3660.0
Hawkins 3L - Green,962,Pressure Cooker,Amazon,hawkins l green,962.0
Hawkins 3L - Green,2067,Pressure Cooker,Flipkart,hawkins l green,2067.0
Hawkins 3L,1662,Pressure Cooker,Amazon,hawkins l,1662.0
Hawkins 3L,1861,Pressure Cooker,Flipkart,hawkins l,1861.0
Pigeon 3L,1444,Pressure Cooker,Amazon,pigeon l,1444.0
Pigeon 3L,368,Pressure Cooker,Flipkart,pigeon l,368.0
Pigeon 3L - Silver,3285,Pressure Cooker,Amazon,pigeon l silver,3285.0
Pigeon 3L - Silver,1274,Pressure Cooker,Flipkart,pigeon l silver,1274.0
Pigeon 3L,3073,Pressure Cooker,Amazon,pigeon l,3073.0
Pigeon 3L,2543,Pressure Cooker,Flipkart,pigeon l,2543.0
Pigeon 3L,2154,Pressure Cooker,Amazon,pigeon l,2154.0
Pigeon 3L - White,1287,Pressure Cooker,Amazon,pigeon l white,1287.0
Pigeon 3L - White,3792,Pressure Cooker,Flipkart,pigeon l white,3792.0
Pigeon 3L - Green,2800,Pressure Cooker,Amazon,pigeon l green,2800.0
Pigeon 3L - Green,1502,Pressure Cooker,Flipkart,pigeon l green,1502.0
Wonderchef 5L - Green,2236,Pressure Cooker,Amazon,wonderchef l green,2236.0
Wonderchef 5L - Green,3160,Pressure Cooker,Flipkart,wonderchef l green,3160.0
Wonderchef 5L - Purple,1260,Pressure Cooker,Amazon,wonderchef l purple,1260.0
Wonderchef 5L - Purple,2638,Pressure Cooker,Flipkart,wonderchef l purple,2638.0
Wonderchef 5L,3415,Pressure Cooker,Amazon,wonderchef l,3415.0
Wonderchef 5L,2954,Pressure Cooker,Flipkart,wonderchef l,2954.0
Wonderchef 5L - Purple,2002,Pressure Cooker,Amazon,wonderchef l purple,2002.0
Wonderchef 5L - Purple,1036,Pressure Cooker,Flipkart,wonderchef l purple,1036.0
Wonderchef 5L - White,2875,Pressure Cooker,Amazon,wonderchef l white,2875.0
Wonderchef 5L - White,2871,Pressure Cooker,Flipkart,wonderchef l white,2871.0
Wonderchef 5L - Blue,3494,Pressure Cooker,Amazon,wonderchef l blue,3494.0
Wonderchef 5L - Blue,3055,Pressure Cooker,Flipkart,wonderchef l blue,3055.0
Wonderchef 5L - White,819,Pressure Cooker,Amazon,wonderchef l white,819.0
Wonderchef 5L - White,3042,Pressure Cooker,Flipkart,wonderchef l white,3042.0
Wonderchef 5L - White,3082,Pressure Cooker,Amazon,wonderchef l white,3082.0
Wonderchef 5L - White,3936,Pressure Cooker,Flipkart,wonderchef l white,3936.0
Wonderchef 5L,3768,Pressure Cooker,Amazon,wonderchef l,3768.0
Wonderchef 5L,3273,Pressure Cooker,Flipkart,wonderchef l,3273.0
Fissler 6L,9190,Pressure Cooker,Amazon,fissler l,9190.0
Fissler 6L,11187,Pressure Cooker,Flipkart,fissler l,11187.0
Fissler 6L - Red,10710,Pressure Cooker,Amazon,fissler l red,10710.0
Fissler 6L - Red,9920,Pressure Cooker,Flipkart,fissler l red,9920.0
Fissler 6L,10933,Pressure Cooker,Amazon,fissler l,10933.0
Fissler 6L,11268,Pressure Cooker,Flipkart,fissler l,11268.0
Fissler 6L - Blue,9845,Pressure Cooker,Amazon,fissler l blue,9845.0
Fissler 6L - Blue,11779,Pressure Cooker,Flipkart,fissler l blue,11779.0
Fissler 6L - Silver,8065,Pressure Cooker,Amazon,fissler l silver,8065.0
Fissler 6L - Silver,8250,Pressure Cooker,Flipkart,fissler l silver,8250.0
Fissler 6L - Black,9687,Pressure Cooker,Amazon,fissler l black,9687.0
Fissler 6L - Black,9194,Pressure Cooker,Flipkart,fissler l black,9194.0
Fissler 6L - Blue,7336,Pressure Cooker,Amazon,fissler l blue,7336.0
Fissler 6L - Blue,8518,Pressure Cooker,Flipkart,fissler l blue,8518.0
Lagostina 6L - Black,7149,Pressure Cooker,Amazon,lagostina l black,7149.0
Lagostina 6L - Black,8126,Pressure Cooker,Flipkart,lagostina l black,8126.0
Lagostina 6L - Silver,6714,Pressure Cooker,Amazon,lagostina l silver,6714.0
Lagostina 6L - Silver,10726,Pressure Cooker,Flipkart,lagostina l silver,10726.0
Lagostina 6L,9307,Pressure Cooker,Amazon,lagostina l,9307.0
Lagostina 6L,7717,Pressure Cooker,Flipkart,lagostina l,7717.0
Lagostina 6L - Black,6739,Pressure Cooker,Amazon,lagostina l black,6739.0
Lagostina 6L - Black,10273,Pressure Cooker,Flipkart,lagostina l black,10273.0
Lagostina 6L,6344,Pressure Cooker,Amazon,lagostina l,6344.0
Lagostina 6L,10961,Pressure Cooker,Flipkart,lagostina l,10961.0
Lagostina 6L - Green,9429,Pressure Cooker,Amazon,lagostina l green,9429.0
Lagostina 6L - Green,9030,Pressure Cooker,Flipkart,lagostina l green,9030.0
Lagostina 6L - Silver,8705,Pressure Cooker,Amazon,lagostina l silver,8705.0
Lagostina 6L - Silver,8801,Pressure Cooker,Flipkart,lagostina l silver,8801.0
Lagostina 6L,9006,Pressure Cooker,Amazon,lagostina l,9006.0
Lagostina 6L,10447,Pressure Cooker,Flipkart,lagostina l,10447.0
Lagostina 6L,6214,Pressure Cooker,Amazon,lagostina l,6214.0
Lagostina 6L,7685,Pressure Cooker,Flipkart,lagostina l,7685.0
Dyson V15 - Gold,66055,Vacuum Cleaner,Amazon,dyson v gold,66055.0
Dyson V15 - Gold,71883,Vacuum Cleaner,Flipkart,dyson v gold,71883.0
Dyson V15,65889,Vacuum Cleaner,Amazon,dyson v,65889.0
Dyson V15,69596,Vacuum Cleaner,Flipkart,dyson v,69596.0
Dyson V15,66563,Vacuum Cleaner,Amazon,dyson v,66563.0
Dyson V15,69779,Vacuum Cleaner,Flipkart,dyson v,69779.0
Dyson V15,64563,Vacuum Cleaner,Amazon,dyson v,64563.0
Dyson V15,70778,Vacuum Cleaner,Flipkart,dyson v,70778.0
Dyson V15,66914,Vacuum Cleaner,Amazon,dyson v,66914.0
Dyson V15,68167,Vacuum Cleaner,Flipkart,dyson v,68167.0
Dyson V15 - Blue,64448,Vacuum Cleaner,Amazon,dyson v blue,64448.0
Dyson V15 - Blue,71915,Vacuum Cleaner,Flipkart,dyson v blue,71915.0
Dyson V15,64092,Vacuum Cleaner,Amazon,dyson v,64092.0
Dyson V15,71285,Vacuum Cleaner,Flipkart,dyson v,71285.0
Dyson V15 - Gold,64887,Vacuum Cleaner,Amazon,dyson v gold,64887.0
Dyson V15 - Gold,71165,Vacuum Cleaner,Flipkart,dyson v gold,71165.0
Eureka Forbes - Silver,20128,Vacuum Cleaner,Amazon,eureka forbes silver,20128.0
Eureka Forbes - Silver,22381,Vacuum Cleaner,Flipkart,eureka forbes silver,22381.0
Eureka Forbes,18042,Vacuum Cleaner,Amazon,eureka forbes,18042.0
Eureka Forbes,23754,Vacuum Cleaner,Flipkart,eureka forbes,23754.0
Eureka Forbes - Purple,19683,Vacuum Cleaner,Amazon,eureka forbes purple,19683.0
Eureka Forbes - Purple,21399,Vacuum Cleaner,Flipkart,eureka forbes purple,21399.0
Eureka Forbes,20969,Vacuum Cleaner,Amazon,eureka forbes,20969.0
Eureka Forbes,22159,Vacuum Cleaner,Flipkart,eureka forbes,22159.0
Eureka Forbes,20536,Vacuum Cleaner,Amazon,eureka forbes,20536.0
Eureka Forbes,21375,Vacuum Cleaner,Flipkart,eureka forbes,21375.0
Eureka Forbes,21660,Vacuum Cleaner,Amazon,eureka forbes,21660.0
Eureka Forbes,24421,Vacuum Cleaner,Flipkart,eureka forbes,24421.0
Black+Decker,13899,Vacuum Cleaner,Amazon,blackdecker,13899.0
Black+Decker,16922,Vacuum Cleaner,Flipkart,blackdecker,16922.0
Black+Decker - Silver,12538,Vacuum Cleaner,Amazon,blackdecker silver,12538.0
Black+Decker - Silver,15687,Vacuum Cleaner,Flipkart,blackdecker silver,15687.0
Black+Decker,12036,Vacuum Cleaner,Amazon,blackdecker,12036.0
Black+Decker,14205,Vacuum Cleaner,Flipkart,blackdecker,14205.0
Black+Decker - Green,12856,Vacuum Cleaner,Amazon,blackdecker green,12856.0
Black+Decker - Green,16778,Vacuum Cleaner,Flipkart,blackdecker green,16778.0
Black+Decker,14152,Vacuum Cleaner,Amazon,blackdecker,14152.0
Black+Decker,16153,Vacuum Cleaner,Flipkart,blackdecker,16153.0
Bissell,14134,Vacuum Cleaner,Amazon,bissell,14134.0
Bissell,18182,Vacuum Cleaner,Flipkart,bissell,18182.0
Bissell - Blue,13245,Vacuum Cleaner,Amazon,bissell blue,13245.0
Bissell - Blue,16056,Vacuum Cleaner,Flipkart,bissell blue,16056.0
Bissell - Gold,13283,Vacuum Cleaner,Amazon,bissell gold,13283.0
Bissell - Gold,17013,Vacuum Cleaner,Flipkart,bissell gold,17013.0
Bissell,15642,Vacuum Cleaner,Amazon,bissell,15642.0
Bissell,17014,Vacuum Cleaner,Flipkart,bissell,17014.0
Bissell - White,14765,Vacuum Cleaner,Amazon,bissell white,14765.0
Bissell - White,15893,Vacuum Cleaner,Flipkart,bissell white,15893.0
Karcher,23141,Vacuum Cleaner,Amazon,karcher,23141.0
Karcher,26297,Vacuum Cleaner,Flipkart,karcher,26297.0
Karcher,23075,Vacuum Cleaner,Amazon,karcher,23075.0
Karcher,29671,Vacuum Cleaner,Flipkart,karcher,29671.0
Karcher - Blue,26820,Vacuum Cleaner,Amazon,karcher blue,26820.0
Karcher - Blue,26153,Vacuum Cleaner,Flipkart,karcher blue,26153.0
Karcher,24349,Vacuum Cleaner,Amazon,karcher,24349.0
Karcher,29704,Vacuum Cleaner,Flipkart,karcher,29704.0
Karcher - Purple,25897,Vacuum Cleaner,Amazon,karcher purple,25897.0
Karcher - Purple,29848,Vacuum Cleaner,Flipkart,karcher purple,29848.0
KENT - Gold,10197,Vacuum Cleaner,Amazon,kent gold,10197.0
KENT - Gold,12326,Vacuum Cleaner,Flipkart,kent gold,12326.0
KENT - Purple,10907,Vacuum Cleaner,Amazon,kent purple,10907.0
KENT - Purple,11822,Vacuum Cleaner,Flipkart,kent purple,11822.0
KENT - Red,9191,Vacuum Cleaner,Amazon,kent red,9191.0
KENT - Red,12828,Vacuum Cleaner,Flipkart,kent red,12828.0
KENT - White,7225,Vacuum Cleaner,Amazon,kent white,7225.0
KENT - White,11588,Vacuum Cleaner,Flipkart,kent white,11588.0
KENT,10494,Vacuum Cleaner,Amazon,kent,10494.0
KENT,12934,Vacuum Cleaner,Flipkart,kent,12934.0
KENT,9652,Vacuum Cleaner,Amazon,kent,9652.0
KENT,9830,Vacuum Cleaner,Flipkart,kent,9830.0
KENT,8572,Vacuum Cleaner,Amazon,kent,8572.0
KENT,11705,Vacuum Cleaner,Flipkart,kent,11705.0
KENT,9582,Vacuum Cleaner,Amazon,kent,9582.0
KENT,11820,Vacuum Cleaner,Flipkart,kent,11820.0
KENT - Silver,9590,Vacuum Cleaner,Amazon,kent silver,9590.0
KENT - Silver,10792,Vacuum Cleaner,Flipkart,kent silver,10792.0
KENT - Gold,7102,Vacuum Cleaner,Amazon,kent gold,7102.0
KENT - Gold,11947,Vacuum Cleaner,Flipkart,kent gold,11947.0
Agaro - Purple,7246,Vacuum Cleaner,Amazon,agaro purple,7246.0
Agaro - Purple,7213,Vacuum Cleaner,Flipkart,agaro purple,7213.0
Agaro,7416,Vacuum Cleaner,Amazon,agaro,7416.0
Agaro,8324,Vacuum Cleaner,Flipkart,agaro,8324.0
Agaro,5388,Vacuum Cleaner,Amazon,agaro,5388.0
Agaro,5228,Vacuum Cleaner,Flipkart,agaro,5228.0
Agaro - Purple,4483,Vacuum Cleaner,Amazon,agaro purple,4483.0
Agaro - Purple,5866,Vacuum Cleaner,Flipkart,agaro purple,5866.0
Agaro - White,4609,Vacuum Cleaner,Amazon,agaro white,4609.0
Agaro - White,8034,Vacuum Cleaner,Flipkart,agaro white,8034.0
Bosch 12 Place,43001,Dishwasher,Amazon,bosch place,43001.0
Bosch 12 Place,48677,Dishwasher,Flipkart,bosch place,48677.0
Bosch 12 Place - Silver,41186,Dishwasher,Amazon,bosch place silver,41186.0
Bosch 12 Place - Silver,46993,Dishwasher,Flipkart,bosch place silver,46993.0
Bosch 12 Place - White,43590,Dishwasher,Amazon,bosch place white,43590.0
Bosch 12 Place - White,46203,Dishwasher,Flipkart,bosch place white,46203.0
Bosch 12 Place - White,41698,Dishwasher,Amazon,bosch place white,41698.0
Bosch 12 Place - White,49420,Dishwasher,Flipkart,bosch place white,49420.0
Bosch 12 Place - White,43436,Dishwasher,Amazon,bosch place white,43436.0
Bosch 12 Place - White,49272,Dishwasher,Flipkart,bosch place white,49272.0
Bosch 12 Place - Green,42380,Dishwasher,Amazon,bosch place green,42380.0
Bosch 12 Place - Green,49322,Dishwasher,Flipkart,bosch place green,49322.0
LG 13 Place,40358,Dishwasher,Amazon,lg place,40358.0
LG 13 Place,45234,Dishwasher,Flipkart,lg place,45234.0
LG 13 Place - Red,41129,Dishwasher,Amazon,lg place red,41129.0
LG 13 Place - Red,43185,Dishwasher,Flipkart,lg place red,43185.0
LG 13 Place - Silver,39120,Dishwasher,Amazon,lg place silver,39120.0
LG 13 Place - Silver,43577,Dishwasher,Flipkart,lg place silver,43577.0
LG 13 Place,38674,Dishwasher,Amazon,lg place,38674.0
LG 13 Place,44795,Dishwasher,Flipkart,lg place,44795.0
LG 13 Place - Green,38545,Dishwasher,Amazon,lg place green,38545.0
LG 13 Place - Green,43408,Dishwasher,Flipkart,lg place green,43408.0
LG 13 Place,41601,Dishwasher,Amazon,lg place,41601.0
LG 13 Place,44993,Dishwasher,Flipkart,lg place,44993.0
LG 13 Place - Blue,41792,Dishwasher,Amazon,lg place blue,41792.0
LG 13 Place - Blue,43364,Dishwasher,Flipkart,lg place blue,43364.0
LG 13 Place - Silver,41306,Dishwasher,Amazon,lg place silver,41306.0
LG 13 Place - Silver,46244,Dishwasher,Flipkart,lg place silver,46244.0
LG 13 Place - Green,40619,Dishwasher,Amazon,lg place green,40619.0
LG 13 Place - Green,44108,Dishwasher,Flipkart,lg place green,44108.0
LG 13 Place - Silver,38713,Dishwasher,Amazon,lg place silver,38713.0
LG 13 Place - Silver,45499,Dishwasher,Flipkart,lg place silver,45499.0
IFB 14 Place - Red,36567,Dishwasher,Amazon,ifb place red,36567.0
IFB 14 Place - Red,41384,Dishwasher,Flipkart,ifb place red,41384.0
IFB 14 Place,36283,Dishwasher,Amazon,ifb place,36283.0
IFB 14 Place,38964,Dishwasher,Flipkart,ifb place,38964.0
IFB 14 Place - Gold,36534,Dishwasher,Amazon,ifb place gold,36534.0
IFB 14 Place - Gold,39481,Dishwasher,Flipkart,ifb place gold,39481.0
IFB 14 Place,36564,Dishwasher,Amazon,ifb place,36564.0
IFB 14 Place,40699,Dishwasher,Flipkart,ifb place,40699.0
IFB 14 Place,34460,Dishwasher,Amazon,ifb place,34460.0
IFB 14 Place,41261,Dishwasher,Flipkart,ifb place,41261.0
Electrolux 13 Place - Black,35721,Dishwasher,Amazon,electrolux place black,35721.0
Electrolux 13 Place - Black,39653,Dishwasher,Flipkart,electrolux place black,39653.0
Electrolux 13 Place,36490,Dishwasher,Amazon,electrolux place,36490.0
Electrolux 13 Place,40166,Dishwasher,Flipkart,electrolux place,40166.0
Electrolux 13 Place - Purple,37525,Dishwasher,Amazon,electrolux place purple,37525.0
Electrolux 13 Place - Purple,42296,Dishwasher,Flipkart,electrolux place purple,42296.0
Electrolux 13 Place - Silver,38031,Dishwasher,Amazon,electrolux place silver,38031.0
Electrolux 13 Place - Silver,39213,Dishwasher,Flipkart,electrolux place silver,39213.0
Electrolux 13 Place - White,35118,Dishwasher,Amazon,electrolux place white,35118.0
Electrolux 13 Place - White,40985,Dishwasher,Flipkart,electrolux place white,40985.0
Electrolux 13 Place,37426,Dishwasher,Amazon,electrolux place,37426.0
Electrolux 13 Place,41373,Dishwasher,Flipkart,electrolux place,41373.0
Electrolux 13 Place,37771,Dishwasher,Amazon,electrolux place,37771.0
Electrolux 13 Place,42678,Dishwasher,Flipkart,electrolux place,42678.0
Electrolux 13 Place,35931,Dishwasher,Amazon,electrolux place,35931.0
Electrolux 13 Place,39400,Dishwasher,Flipkart,electrolux place,39400.0
Midea 12 Place,24537,Dishwasher,Amazon,midea place,24537.0
Midea 12 Place,30650,Dishwasher,Flipkart,midea place,30650.0
Midea 12 Place - Silver,24983,Dishwasher,Amazon,midea place silver,24983.0
Midea 12 Place - Silver,27221,Dishwasher,Flipkart,midea place silver,27221.0
Midea 12 Place,25495,Dishwasher,Amazon,midea place,25495.0
Midea 12 Place,28862,Dishwasher,Flipkart,midea place,28862.0
Midea 12 Place,24873,Dishwasher,Amazon,midea place,24873.0
Midea 12 Place,29947,Dishwasher,Flipkart,midea place,29947.0
Midea 12 Place,24103,Dishwasher,Amazon,midea place,24103.0
Midea 12 Place,27827,Dishwasher,Flipkart,midea place,27827.0
Midea 12 Place,25328,Dishwasher,Amazon,midea place,25328.0
Midea 12 Place,27243,Dishwasher,Flipkart,midea place,27243.0
Samsung 20L,7877,Microwave,Amazon,samsung l,7877.0
Samsung 20L,8712,Microwave,Flipkart,samsung l,8712.0
Samsung 20L - Silver,9629,Microwave,Amazon,samsung l silver,9629.0
Samsung 20L - Silver,8207,Microwave,Flipkart,samsung l silver,8207.0
Samsung 20L,8263,Microwave,Amazon,samsung l,8263.0
Samsung 20L,10501,Microwave,Flipkart,samsung l,10501.0
Samsung 20L - Gold,8136,Microwave,Amazon,samsung l gold,8136.0
Samsung 20L - Gold,9002,Microwave,Flipkart,samsung l gold,9002.0
Samsung 20L,9427,Microwave,Amazon,samsung l,9427.0
Samsung 20L,8894,Microwave,Flipkart,samsung l,8894.0
Samsung 20L,7014,Microwave,Amazon,samsung l,7014.0
Samsung 20L,8339,Microwave,Flipkart,samsung l,8339.0
Samsung 20L - Black,9797,Microwave,Amazon,samsung l black,9797.0
Samsung 20L - Black,9422,Microwave,Flipkart,samsung l black,9422.0
Samsung 20L - Black,6180,Microwave,Amazon,samsung l black,6180.0
Samsung 20L - Black,7163,Microwave,Flipkart,samsung l black,7163.0
LG 23L - White,9962,Microwave,Amazon,lg l white,9962.0
LG 23L - White,13315,Microwave,Flipkart,lg l white,13315.0
LG 23L - Black,8984,Microwave,Amazon,lg l black,8984.0
LG 23L - Black,10339,Microwave,Flipkart,lg l black,10339.0
LG 23L,11889,Microwave,Amazon,lg l,11889.0
LG 23L,10891,Microwave,Flipkart,lg l,10891.0
LG 23L,10651,Microwave,Amazon,lg l,10651.0
LG 23L,10370,Microwave,Flipkart,lg l,10370.0
LG 23L - Black,10879,Microwave,Amazon,lg l black,10879.0
LG 23L - Black,11880,Microwave,Flipkart,lg l black,11880.0
LG 23L - Green,11160,Microwave,Amazon,lg l green,11160.0
LG 23L - Green,10566,Microwave,Flipkart,lg l green,10566.0
LG 23L - Black,11568,Microwave,Amazon,lg l black,11568.0
LG 23L - Black,11516,Microwave,Flipkart,lg l black,11516.0
LG 23L - Black,9575,Microwave,Amazon,lg l black,9575.0
LG 23L - Black,13658,Microwave,Flipkart,lg l black,13658.0
Godrej 17L - Gold,6858,Microwave,Amazon,godrej l gold,6858.0
Godrej 17L - Gold,8874,Microwave,Flipkart,godrej l gold,8874.0
Godrej 17L,6540,Microwave,Amazon,godrej l,6540.0
Godrej 17L,8606,Microwave,Flipkart,godrej l,8606.0
Godrej 17L - Black,7871,Microwave,Amazon,godrej l black,7871.0
Godrej 17L - Black,8726,Microwave,Flipkart,godrej l black,8726.0
Godrej 17L - Red,5496,Microwave,Amazon,godrej l red,5496.0
Godrej 17L - Red,6905,Microwave,Flipkart,godrej l red,6905.0
Godrej 17L - Gold,6653,Microwave,Amazon,godrej l gold,6653.0
Godrej 17L - Gold,7287,Microwave,Flipkart,godrej l gold,7287.0
Godrej 17L - Purple,5370,Microwave,Amazon,godrej l purple,5370.0
Godrej 17L - Purple,5976,Microwave,Flipkart,godrej l purple,5976.0
Godrej 17L - Gold,7567,Microwave,Amazon,godrej l gold,7567.0
Godrej 17L - Gold,8927,Microwave,Flipkart,godrej l gold,8927.0
Bajaj 20L,7061,Microwave,Amazon,bajaj l,7061.0
Bajaj 20L,8785,Microwave,Flipkart,bajaj l,8785.0
Bajaj 20L,6526,Microwave,Amazon,bajaj l,6526.0
Bajaj 20L,7413,Microwave,Flipkart,bajaj l,7413.0
Bajaj 20L,8396,Microwave,Amazon,bajaj l,8396.0
Bajaj 20L,6501,Microwave,Flipkart,bajaj l,6501.0
Bajaj 20L - Purple,8379,Microwave,Amazon,bajaj l purple,8379.0
Bajaj 20L - Purple,8181,Microwave,Flipkart,bajaj l purple,8181.0
Bajaj 20L - White,8871,Microwave,Amazon,bajaj l white,8871.0
Bajaj 20L - White,8838,Microwave,Flipkart,bajaj l white,8838.0
Bajaj 20L,8619,Microwave,Amazon,bajaj l,8619.0
Bajaj 20L,7874,Microwave,Flipkart,bajaj l,7874.0
Bajaj 20L - White,5731,Microwave,Amazon,bajaj l white,5731.0
Bajaj 20L - White,7180,Microwave,Flipkart,bajaj l white,7180.0
IFB 17L,6957,Microwave,Amazon,ifb l,6957.0
IFB 17L,10354,Microwave,Flipkart,ifb l,10354.0
IFB 17L - Black,7335,Microwave,Amazon,ifb l black,7335.0
IFB 17L - Black,9631,Microwave,Flipkart,ifb l black,9631.0
IFB 17L - Silver,10470,Microwave,Amazon,ifb l silver,10470.0
IFB 17L - Silver,10294,Microwave,Flipkart,ifb l silver,10294.0
IFB 17L - Black,8219,Microwave,Amazon,ifb l black,8219.0
IFB 17L - Black,9317,Microwave,Flipkart,ifb l black,9317.0
IFB 17L - Gold,6756,Microwave,Amazon,ifb l gold,6756.0
IFB 17L - Gold,7589,Microwave,Flipkart,ifb l gold,7589.0
IFB 17L,9139,Microwave,Amazon,ifb l,9139.0
IFB 17L,8874,Microwave,Flipkart,ifb l,8874.0
IFB 17L,9145,Microwave,Amazon,ifb l,9145.0
IFB 17L,10721,Microwave,Flipkart,ifb l,10721.0
Midea 20L - Purple,6170,Microwave,Amazon,midea l purple,6170.0
Midea 20L - Purple,8447,Microwave,Flipkart,midea l purple,8447.0
Midea 20L - Silver,4539,Microwave,Amazon,midea l silver,4539.0
Midea 20L - Silver,8678,Microwave,Flipkart,midea l silver,8678.0
Midea 20L - Black,5982,Microwave,Amazon,midea l black,5982.0
Midea 20L - Black,6522,Microwave,Flipkart,midea l black,6522.0
Midea 20L - Silver,5163,Microwave,Amazon,midea l silver,5163.0
Midea 20L - Silver,6866,Microwave,Flipkart,midea l silver,6866.0
Midea 20L,4745,Microwave,Amazon,midea l,4745.0
Midea 20L,8985,Microwave,Flipkart,midea l,8985.0
Midea 20L,7253,Microwave,Amazon,midea l,7253.0
Midea 20L,5627,Microwave,Flipkart,midea l,5627.0
Midea 20L,5295,Microwave,Amazon,midea l,5295.0
Midea 20L,7352,Microwave,Flipkart,midea l,7352.0
Midea 20L - Black,4754,Microwave,Amazon,midea l black,4754.0
Midea 20L - Black,5839,Microwave,Flipkart,midea l black,5839.0
Midea 20L,4604,Microwave,Amazon,midea l,4604.0
Midea 20L,6526,Microwave,Flipkart,midea l,6526.0
Midea 20L - Green,5234,Microwave,Amazon,midea l green,5234.0
Midea 20L - Green,5496,Microwave,Flipkart,midea l green,5496.0
Eureka Forbes 8L,12799,Water Purifier,Amazon,eureka forbes l,12799.0
Eureka Forbes 8L,11810,Water Purifier,Flipkart,eureka forbes l,11810.0
Eureka Forbes 8L,12995,Water Purifier,Amazon,eureka forbes l,12995.0
Eureka Forbes 8L,12577,Water Purifier,Flipkart,eureka forbes l,12577.0
Eureka Forbes 8L - Silver,12668,Water Purifier,Amazon,eureka forbes l silver,12668.0
Eureka Forbes 8L - Silver,11686,Water Purifier,Flipkart,eureka forbes l silver,11686.0
Eureka Forbes 8L,10386,Water Purifier,Amazon,eureka forbes l,10386.0
Eureka Forbes 8L,13321,Water Purifier,Flipkart,eureka forbes l,13321.0
Eureka Forbes 8L - White,9163,Water Purifier,Amazon,eureka forbes l white,9163.0
Eureka Forbes 8L - White,11070,Water Purifier,Flipkart,eureka forbes l white,11070.0
Eureka Forbes 8L - Purple,10644,Water Purifier,Amazon,eureka forbes l purple,10644.0
Eureka Forbes 8L - Purple,13028,Water Purifier,Flipkart,eureka forbes l purple,13028.0
Eureka Forbes 8L - Gold,10335,Water Purifier,Amazon,eureka forbes l gold,10335.0
Eureka Forbes 8L - Gold,10724,Water Purifier,Flipkart,eureka forbes l gold,10724.0
Eureka Forbes 8L - Blue,9908,Water Purifier,Amazon,eureka forbes l blue,9908.0
Eureka Forbes 8L - Blue,13699,Water Purifier,Flipkart,eureka forbes l blue,13699.0
Aquaguard 6L,12204,Water Purifier,Amazon,aquaguard l,12204.0
Aquaguard 6L,15478,Water Purifier,Flipkart,aquaguard l,15478.0
Aquaguard 6L,13996,Water Purifier,Amazon,aquaguard l,13996.0
Aquaguard 6L,14095,Water Purifier,Flipkart,aquaguard l,14095.0
Aquaguard 6L - Black,12469,Water Purifier,Amazon,aquaguard l black,12469.0
Aquaguard 6L - Black,14477,Water Purifier,Flipkart,aquaguard l black,14477.0
Aquaguard 6L - Green,11627,Water Purifier,Amazon,aquaguard l green,11627.0
Aquaguard 6L - Green,12604,Water Purifier,Flipkart,aquaguard l green,12604.0
Aquaguard 6L,11526,Water Purifier,Amazon,aquaguard l,11526.0
Aquaguard 6L,12048,Water Purifier,Flipkart,aquaguard l,12048.0
Kent 7L,10580,Water Purifier,Amazon,kent l,10580.0
Kent 7L,10796,Water Purifier,Flipkart,kent l,10796.0
Kent 7L - Blue,10036,Water Purifier,Amazon,kent l blue,10036.0
Kent 7L - Blue,10201,Water Purifier,Flipkart,kent l blue,10201.0
Kent 7L - Green,9980,Water Purifier,Amazon,kent l green,9980.0
Kent 7L - Green,12473,Water Purifier,Flipkart,kent l green,12473.0
Kent 7L,9404,Water Purifier,Amazon,kent l,9404.0
Kent 7L,10948,Water Purifier,Flipkart,kent l,10948.0
Kent 7L - Red,8943,Water Purifier,Amazon,kent l red,8943.0
Kent 7L - Red,12052,Water Purifier,Flipkart,kent l red,12052.0
Kent 7L - White,10931,Water Purifier,Amazon,kent l white,10931.0
Kent 7L - White,10918,Water Purifier,Flipkart,kent l white,10918.0
Kent 7L,9615,Water Purifier,Amazon,kent l,9615.0
Kent 7L,12244,Water Purifier,Flipkart,kent l,12244.0
Kent 7L - Silver,8891,Water Purifier,Amazon,kent l silver,8891.0
Kent 7L - Silver,11408,Water Purifier,Flipkart,kent l silver,11408.0
Livpure 7L,7184,Water Purifier,Amazon,livpure l,7184.0
Livpure 7L,9767,Water Purifier,Flipkart,livpure l,9767.0
Livpure 7L,9417,Water Purifier,Amazon,livpure l,9417.0
Livpure 7L,9896,Water Purifier,Flipkart,livpure l,9896.0
Livpure 7L,7897,Water Purifier,Amazon,livpure l,7897.0
Livpure 7L,8418,Water Purifier,Flipkart,livpure l,8418.0
Livpure 7L - Purple,7074,Water Purifier,Amazon,livpure l purple,7074.0
Livpure 7L - Purple,8728,Water Purifier,Flipkart,livpure l purple,8728.0
Livpure 7L,8726,Water Purifier,Amazon,livpure l,8726.0
Livpure 7L,11155,Water Purifier,Flipkart,livpure l,11155.0
Livpure 7L - Black,9713,Water Purifier,Amazon,livpure l black,9713.0
Livpure 7L - Black,10316,Water Purifier,Flipkart,livpure l black,10316.0
Livpure 7L - White,7134,Water Purifier,Amazon,livpure l white,7134.0
Livpure 7L - White,9518,Water Purifier,Flipkart,livpure l white,9518.0
Livpure 7L,7480,Water Purifier,Amazon,livpure l,7480.0
Livpure 7L,9879,Water Purifier,Flipkart,livpure l,9879.0
AO Smith 6L,14571,Water Purifier,Amazon,ao smith l,14571.0
AO Smith 6L,16808,Water Purifier,Flipkart,ao smith l,16808.0
AO Smith 6L - Black,13527,Water Purifier,Amazon,ao smith l black,13527.0
AO Smith 6L - Black,16098,Water Purifier,Flipkart,ao smith l black,16098.0
AO Smith 6L,14381,Water Purifier,Amazon,ao smith l,14381.0
AO Smith 6L,14238,Water Purifier,Flipkart,ao smith l,14238.0
AO Smith 6L,14838,Water Purifier,Amazon,ao smith l,14838.0
AO Smith 6L,14553,Water Purifier,Flipkart,ao smith l,14553.0
AO Smith 6L - Red,13478,Water Purifier,Amazon,ao smith l red,13478.0
AO Smith 6L - Red,15717,Water Purifier,Flipkart,ao smith l red,15717.0
AO Smith 6L - White,13193,Water Purifier,Amazon,ao smith l white,13193.0
AO Smith 6L - White,16168,Water Purifier,Flipkart,ao smith l white,16168.0
AO Smith 6L,15138,Water Purifier,Amazon,ao smith l,15138.0
AO Smith 6L,16571,Water Purifier,Flipkart,ao smith l,16571.0
Havells 7L - Blue,7226,Water Purifier,Amazon,havells l blue,7226.0
Havells 7L - Blue,7820,Water Purifier,Flipkart,havells l blue,7820.0
Havells 7L,7857,Water Purifier,Amazon,havells l,7857.0
Havells 7L,9318,Water Purifier,Flipkart,havells l,9318.0
Havells 7L,6439,Water Purifier,Amazon,havells l,6439.0
Havells 7L,9871,Water Purifier,Flipkart,havells l,9871.0
Havells 7L - Green,6151,Water Purifier,Amazon,havells l green,6151.0
Havells 7L - Green,8026,Water Purifier,Flipkart,havells l green,8026.0
Havells 7L,8729,Water Purifier,Amazon,havells l,8729.0
Havells 7L,7166,Water Purifier,Flipkart,havells l,7166.0
Havells 7L,5904,Water Purifier,Amazon,havells l,5904.0
Havells 7L,9905,Water Purifier,Flipkart,havells l,9905.0
Atomic Habits - James Clear - White,1755,Book,Amazon,atomic habits james clear white,1755.0
Atomic Habits - James Clear - White,2300,Book,Flipkart,atomic habits james clear white,2300.0
Atomic Habits - James Clear,2102,Book,Amazon,atomic habits james clear,2102.0
Atomic Habits - James Clear,363,Book,Flipkart,atomic habits james clear,363.0
Atomic Habits - James Clear - Red,1696,Book,Amazon,atomic habits james clear red,1696.0
Atomic Habits - James Clear - Red,209,Book,Flipkart,atomic habits james clear red,209.0
Atomic Habits - James Clear,1859,Book,Amazon,atomic habits james clear,1859.0
Atomic Habits - James Clear,1242,Book,Flipkart,atomic habits james clear,1242.0
Atomic Habits - James Clear - White,1179,Book,Amazon,atomic habits james clear white,1179.0
Atomic Habits - James Clear - White,1524,Book,Flipkart,atomic habits james clear white,1524.0
Atomic Habits - James Clear,333,Book,Amazon,atomic habits james clear,333.0
Atomic Habits - James Clear,1501,Book,Flipkart,atomic habits james clear,1501.0
Atomic Habits - James Clear - Black,1647,Book,Flipkart,atomic habits james clear black,1647.0
The Midnight Library - Matt Haig,1653,Book,Flipkart,the midnight library matt haig,1653.0
The Midnight Library - Matt Haig,2071,Book,Amazon,the midnight library matt haig,2071.0
The Midnight Library - Matt Haig - Silver,1311,Book,Amazon,the midnight library matt haig silver,1311.0
Educated - Tara Westover,2486,Book,Amazon,educated tara westover,2486.0
Educated - Tara Westover,1570,Book,Flipkart,educated tara westover,1570.0
Educated - Tara Westover - Red,564,Book,Amazon,educated tara westover red,564.0
Educated - Tara Westover - Red,2085,Book,Flipkart,educated tara westover red,2085.0
Educated - Tara Westover - Silver,299,Book,Amazon,educated tara westover silver,299.0
Educated - Tara Westover - Silver,1357,Book,Flipkart,educated tara westover silver,1357.0
Educated - Tara Westover - Green,236,Book,Amazon,educated tara westover green,236.0
Dune - Frank Herbert - Black,1572,Book,Amazon,dune frank herbert black,1572.0
Dune - Frank Herbert,472,Book,Amazon,dune frank herbert,472.0
Dune - Frank Herbert - Purple,1465,Book,Amazon,dune frank herbert purple,1465.0
Dune - Frank Herbert - Green,118,Book,Amazon,dune frank herbert green,118.0
Dune - Frank Herbert - Purple,2163,Book,Flipkart,dune frank herbert purple,2163.0
Dune - Frank Herbert - White,244,Book,Amazon,dune frank herbert white,244.0
Dune - Frank Herbert - White,639,Book,Flipkart,dune frank herbert white,639.0
Dune - Frank Herbert - White,67,Book,Amazon,dune frank herbert white,67.0
Dune - Frank Herbert - White,139,Book,Flipkart,dune frank herbert white,139.0
The Fault in Our Stars,2343,Book,Flipkart,the fault in our stars,2343.0
The Fault in Our Stars,1756,Book,Amazon,the fault in our stars,1756.0
The Fault in Our Stars,4,Book,Flipkart,the fault in our stars,4.0
The Fault in Our Stars - Blue,1481,Book,Flipkart,the fault in our stars blue,1481.0
The Fault in Our Stars,2162,Book,Amazon,the fault in our stars,2162.0
The Fault in Our Stars,283,Book,Amazon,the fault in our stars,283.0
The Fault in Our Stars,443,Book,Flipkart,the fault in our stars,443.0
Sapiens - Yuval Harari,703,Book,Flipkart,sapiens yuval harari,703.0
Sapiens - Yuval Harari,2680,Book,Flipkart,sapiens yuval harari,2680.0
Sapiens - Yuval Harari - Purple,1677,Book,Amazon,sapiens yuval harari purple,1677.0
Sapiens - Yuval Harari - Purple,828,Book,Flipkart,sapiens yuval harari purple,828.0
Wings of Fire Series - Red,224,Book,Amazon,wings of fire series red,224.0
Wings of Fire Series - Red,257,Book,Flipkart,wings of fire series red,257.0
Wings of Fire Series - Black,423,Book,Amazon,wings of fire series black,423.0
Wings of Fire Series,92,Book,Flipkart,wings of fire series,92.0
Wings of Fire Series,67,Book,Amazon,wings of fire series,67.0
Wings of Fire Series,1709,Book,Amazon,wings of fire series,1709.0
Wings of Fire Series,1441,Book,Flipkart,wings of fire series,1441.0
Wings of Fire Series - Purple,1314,Book,Amazon,wings of fire series purple,1314.0
Wings of Fire Series,394,Book,Amazon,wings of fire series,394.0
Wings of Fire Series,592,Book,Flipkart,wings of fire series,592.0
Wings of Fire Series,324,Book,Flipkart,wings of fire series,324.0
Wings of Fire Series,605,Book,Amazon,wings of fire series,605.0
Wings of Fire Series,2225,Book,Flipkart,wings of fire series,2225.0
Harry Potter Hardcover - Red,1814,Book,Amazon,harry potter hardcover red,1814.0
Harry Potter Hardcover - Red,1638,Book,Flipkart,harry potter hardcover red,1638.0
Harry Potter Hardcover - Green,252,Book,Amazon,harry potter hardcover green,252.0
Harry Potter Hardcover - Green,12,Book,Flipkart,harry potter hardcover green,12.0
Harry Potter Hardcover,1207,Book,Amazon,harry potter hardcover,1207.0
Harry Potter Hardcover - Blue,2327,Book,Flipkart,harry potter hardcover blue,2327.0
Harry Potter Hardcover - Green,2035,Book,Amazon,harry potter hardcover green,2035.0
Harry Potter Hardcover - Green,329,Book,Flipkart,harry potter hardcover green,329.0
The Alchemist - Paulo Coelho,172,Book,Amazon,the alchemist paulo coelho,172.0
The Alchemist - Paulo Coelho,707,Book,Flipkart,the alchemist paulo coelho,707.0
The Alchemist - Paulo Coelho,585,Book,Amazon,the alchemist paulo coelho,585.0
The Alchemist - Paulo Coelho - Gold,249,Book,Amazon,the alchemist paulo coelho gold,249.0
The Alchemist - Paulo Coelho - Red,308,Book,Amazon,the alchemist paulo coelho red,308.0
The Alchemist - Paulo Coelho - Red,1622,Book,Flipkart,the alchemist paulo coelho red,1622.0
The Alchemist - Paulo Coelho - Gold,1719,Book,Amazon,the alchemist paulo coelho gold,1719.0
The Alchemist - Paulo Coelho - Gold,2288,Book,Flipkart,the alchemist paulo coelho gold,2288.0
The Alchemist - Paulo Coelho,1291,Book,Amazon,the alchemist paulo coelho,1291.0
The Alchemist - Paulo Coelho,2222,Book,Flipkart,the alchemist paulo coelho,2222.0
The Alchemist - Paulo Coelho,673,Book,Amazon,the alchemist paulo coelho,673.0
The Alchemist - Paulo Coelho,424,Book,Amazon,the alchemist paulo coelho,424.0
The Alchemist - Paulo Coelho,245,Book,Flipkart,the alchemist paulo coelho,245.0
Sherlock Holmes Complete,1117,Book,Amazon,sherlock holmes complete,1117.0
Sherlock Holmes Complete,1923,Book,Flipkart,sherlock holmes complete,1923.0
Sherlock Holmes Complete,1166,Book,Amazon,sherlock holmes complete,1166.0
Sherlock Holmes Complete,760,Book,Flipkart,sherlock holmes complete,760.0
Sherlock Holmes Complete - Silver,1108,Book,Flipkart,sherlock holmes complete silver,1108.0
Sherlock Holmes Complete - Purple,1329,Book,Amazon,sherlock holmes complete purple,1329.0
Sherlock Holmes Complete - Purple,663,Book,Flipkart,sherlock holmes complete purple,663.0
Sherlock Holmes Complete - Purple,2389,Book,Amazon,sherlock holmes complete purple,2389.0
Sherlock Holmes Complete - Purple,1923,Book,Flipkart,sherlock holmes complete purple,1923.0
1984 - George Orwell - Green,481,Book,Amazon,george orwell green,481.0
1984 - George Orwell - Green,1662,Book,Flipkart,george orwell green,1662.0
1984 - George Orwell,488,Book,Flipkart,george orwell,488.0
1984 - George Orwell - White,1872,Book,Flipkart,george orwell white,1872.0
1984 - George Orwell,1722,Book,Flipkart,george orwell,1722.0
1984 - George Orwell,1112,Book,Amazon,george orwell,1112.0
1984 - George Orwell,811,Book,Flipkart,george orwell,811.0
1984 - George Orwell - Green,200,Book,Amazon,george orwell green,200.0
1984 - George Orwell - Green,337,Book,Flipkart,george orwell green,337.0
1984 - George Orwell,2008,Book,Amazon,george orwell,2008.0
Pride and Prejudice - Purple,1690,Book,Amazon,pride and prejudice purple,1690.0
Pride and Prejudice,1719,Book,Amazon,pride and prejudice,1719.0
Pride and Prejudice,1921,Book,Flipkart,pride and prejudice,1921.0
Pride and Prejudice,1887,Book,Amazon,pride and prejudice,1887.0
Pride and Prejudice,2161,Book,Flipkart,pride and prejudice,2161.0
Pride and Prejudice,891,Book,Amazon,pride and prejudice,891.0
Pride and Prejudice,1876,Book,Flipkart,pride and prejudice,1876.0
Pride and Prejudice - Blue,1594,Book,Amazon,pride and prejudice blue,1594.0
Pride and Prejudice - Blue,626,Book,Flipkart,pride and prejudice blue,626.0
Pride and Prejudice,592,Book,Amazon,pride and prejudice,592.0
Pride and Prejudice,1268,Book,Flipkart,pride and prejudice,1268.0
Pride and Prejudice,2030,Book,Amazon,pride and prejudice,2030.0
Pride and Prejudice,2221,Book,Flipkart,pride and prejudice,2221.0
The Great Gatsby - White,307,Book,Flipkart,the great gatsby white,307.0
The Great Gatsby - Blue,244,Book,Flipkart,the great gatsby blue,244.0
The Great Gatsby - Blue,245,Book,Flipkart,the great gatsby blue,245.0
The Great Gatsby - Black,2209,Book,Amazon,the great gatsby black,2209.0
The Great Gatsby - Black,2006,Book,Flipkart,the great gatsby black,2006.0
The Great Gatsby - Gold,1948,Book,Amazon,the great gatsby gold,1948.0
The Great Gatsby - Gold,1625,Book,Flipkart,the great gatsby gold,1625.0
The Great Gatsby - Blue,2025,Book,Flipkart,the great gatsby blue,2025.0
The Great Gatsby - Blue,2084,Book,Amazon,the great gatsby blue,2084.0
The Great Gatsby - Blue,1668,Book,Flipkart,the great gatsby blue,1668.0
The Great Gatsby - Red,1895,Book,Amazon,the great gatsby red,1895.0
To Kill a Mockingbird,1632,Book,Amazon,to kill a mockingbird,1632.0
To Kill a Mockingbird,1591,Book,Amazon,to kill a mockingbird,1591.0
To Kill a Mockingbird,2301,Book,Flipkart,to kill a mockingbird,2301.0
To Kill a Mockingbird - White,1337,Book,Amazon,to kill a mockingbird white,1337.0
To Kill a Mockingbird - White,179,Book,Flipkart,to kill a mockingbird white,179.0
To Kill a Mockingbird,472,Book,Amazon,to kill a mockingbird,472.0
To Kill a Mockingbird,1420,Book,Amazon,to kill a mockingbird,1420.0
To Kill a Mockingbird - Purple,1076,Book,Flipkart,to kill a mockingbird purple,1076.0
To Kill a Mockingbird,90,Book,Flipkart,to kill a mockingbird,90.0
To Kill a Mockingbird,757,Book,Amazon,to kill a mockingbird,757.0
The Hobbit - Silver,2320,Book,Amazon,the hobbit silver,2320.0
The Hobbit - Silver,1543,Book,Flipkart,the hobbit silver,1543.0
The Hobbit - Purple,29,Book,Amazon,the hobbit purple,29.0
The Hobbit - Purple,1645,Book,Flipkart,the hobbit purple,1645.0
The Hobbit,1360,Book,Amazon,the hobbit,1360.0
The Hobbit,1623,Book,Amazon,the hobbit,1623.0
The Hobbit - Gold,10,Book,Flipkart,the hobbit gold,10.0
The Hobbit - Gold,2180,Book,Flipkart,the hobbit gold,2180.0
The Hobbit - Silver,880,Book,Amazon,the hobbit silver,880.0
The Hobbit - Silver,155,Book,Flipkart,the hobbit silver,155.0
The Hobbit - Purple,502,Book,Amazon,the hobbit purple,502.0
The Hobbit - Purple,181,Book,Flipkart,the hobbit purple,181.0
Ikigai,1321,Book,Flipkart,ikigai,1321.0
Ikigai,1456,Book,Flipkart,ikigai,1456.0
Ikigai - Blue,1856,Book,Amazon,ikigai blue,1856.0
Ikigai,62,Book,Amazon,ikigai,62.0
Ikigai,2397,Book,Flipkart,ikigai,2397.0
Rich Dad Poor Dad - White,786,Book,Amazon,rich dad poor dad white,786.0
Rich Dad Poor Dad - White,1251,Book,Flipkart,rich dad poor dad white,1251.0
Rich Dad Poor Dad,2018,Book,Flipkart,rich dad poor dad,2018.0
Rich Dad Poor Dad,1370,Book,Flipkart,rich dad poor dad,1370.0
Rich Dad Poor Dad,845,Book,Amazon,rich dad poor dad,845.0
Rich Dad Poor Dad - Black,2246,Book,Amazon,rich dad poor dad black,2246.0
Rich Dad Poor Dad - Black,1196,Book,Flipkart,rich dad poor dad black,1196.0
Rich Dad Poor Dad,465,Book,Amazon,rich dad poor dad,465.0
Rich Dad Poor Dad,987,Book,Flipkart,rich dad poor dad,987.0
The 7 Habits - Black,2514,Book,Flipkart,the habits black,2514.0
The 7 Habits - Red,2069,Book,Amazon,the habits red,2069.0
The 7 Habits - Red,2535,Book,Flipkart,the habits red,2535.0
The 7 Habits,2196,Book,Amazon,the habits,2196.0
The 7 Habits,2140,Book,Flipkart,the habits,2140.0
The 7 Habits,616,Book,Amazon,the habits,616.0
Harry Potter Box Set 7 books - Purple,2011,Book Set,Amazon,harry potter box set books purple,2011.0
Harry Potter Box Set 7 books - Purple,3627,Book Set,Flipkart,harry potter box set books purple,3627.0
Harry Potter Box Set 7 books,607,Book Set,Amazon,harry potter box set books,607.0
Harry Potter Box Set 7 books,722,Book Set,Flipkart,harry potter box set books,722.0
Harry Potter Box Set 7 books - Green,1064,Book Set,Amazon,harry potter box set books green,1064.0
Harry Potter Box Set 7 books - Green,1168,Book Set,Flipkart,harry potter box set books green,1168.0
Harry Potter Box Set 7 books,3665,Book Set,Amazon,harry potter box set books,3665.0
Harry Potter Box Set 7 books,4296,Book Set,Flipkart,harry potter box set books,4296.0
Harry Potter Box Set 7 books,2903,Book Set,Amazon,harry potter box set books,2903.0
Harry Potter Box Set 7 books,2796,Book Set,Flipkart,harry potter box set books,2796.0
Harry Potter Box Set 7 books - White,3463,Book Set,Amazon,harry potter box set books white,3463.0
Harry Potter Box Set 7 books - White,3447,Book Set,Flipkart,harry potter box set books white,3447.0
Harry Potter Box Set 7 books,833,Book Set,Amazon,harry potter box set books,833.0
Harry Potter Box Set 7 books,4055,Book Set,Flipkart,harry potter box set books,4055.0
Harry Potter Box Set 7 books - Gold,3368,Book Set,Amazon,harry potter box set books gold,3368.0
Harry Potter Box Set 7 books - Gold,1616,Book Set,Flipkart,harry potter box set books gold,1616.0
Harry Potter Box Set 7 books - Silver,3978,Book Set,Amazon,harry potter box set books silver,3978.0
Harry Potter Box Set 7 books - Silver,515,Book Set,Flipkart,harry potter box set books silver,515.0
Harry Potter Box Set 7 books - White,313,Book Set,Amazon,harry potter box set books white,313.0
Harry Potter Box Set 7 books - White,1507,Book Set,Flipkart,harry potter box set books white,1507.0
Twilight Series Set,2289,Book Set,Amazon,twilight series set,2289.0
Twilight Series Set,2586,Book Set,Flipkart,twilight series set,2586.0
Twilight Series Set,3304,Book Set,Amazon,twilight series set,3304.0
Twilight Series Set,3695,Book Set,Flipkart,twilight series set,3695.0
Twilight Series Set,131,Book Set,Flipkart,twilight series set,131.0
Twilight Series Set - Black,1358,Book Set,Amazon,twilight series set black,1358.0
Twilight Series Set - Black,2372,Book Set,Flipkart,twilight series set black,2372.0
Twilight Series Set - Purple,2486,Book Set,Flipkart,twilight series set purple,2486.0
Twilight Series Set - Silver,2495,Book Set,Amazon,twilight series set silver,2495.0
Twilight Series Set - Silver,2806,Book Set,Flipkart,twilight series set silver,2806.0
Twilight Series Set - Red,3082,Book Set,Flipkart,twilight series set red,3082.0
Percy Jackson 5 Book Set,2897,Book Set,Amazon,percy jackson book set,2897.0
Percy Jackson 5 Book Set,1765,Book Set,Flipkart,percy jackson book set,1765.0
Percy Jackson 5 Book Set - Green,282,Book Set,Flipkart,percy jackson book set green,282.0
Percy Jackson 5 Book Set,2490,Book Set,Amazon,percy jackson book set,2490.0
Percy Jackson 5 Book Set,151,Book Set,Flipkart,percy jackson book set,151.0
Percy Jackson 5 Book Set - Silver,1649,Book Set,Amazon,percy jackson book set silver,1649.0
Percy Jackson 5 Book Set - Silver,2381,Book Set,Flipkart,percy jackson book set silver,2381.0
Percy Jackson 5 Book Set,1009,Book Set,Amazon,percy jackson book set,1009.0
Percy Jackson 5 Book Set,2580,Book Set,Flipkart,percy jackson book set,2580.0
Percy Jackson 5 Book Set - Red,2700,Book Set,Amazon,percy jackson book set red,2700.0
Percy Jackson 5 Book Set - Red,2104,Book Set,Flipkart,percy jackson book set red,2104.0
Percy Jackson 5 Book Set,1098,Book Set,Amazon,percy jackson book set,1098.0
Percy Jackson 5 Book Set,117,Book Set,Flipkart,percy jackson book set,117.0
Percy Jackson 5 Book Set - White,98,Book Set,Amazon,percy jackson book set white,98.0
Percy Jackson 5 Book Set - White,1605,Book Set,Flipkart,percy jackson book set white,1605.0
Percy Jackson 5 Book Set,1513,Book Set,Amazon,percy jackson book set,1513.0
Percy Jackson 5 Book Set,62,Book Set,Flipkart,percy jackson book set,62.0
Lord of the Rings Trilogy - Gold,1801,Book Set,Amazon,lord of the rings trilogy gold,1801.0
Lord of the Rings Trilogy - Gold,1398,Book Set,Flipkart,lord of the rings trilogy gold,1398.0
Lord of the Rings Trilogy - White,3511,Book Set,Amazon,lord of the rings trilogy white,3511.0
Lord of the Rings Trilogy - White,2027,Book Set,Flipkart,lord of the rings trilogy white,2027.0
Lord of the Rings Trilogy - Purple,1490,Book Set,Amazon,lord of the rings trilogy purple,1490.0
Lord of the Rings Trilogy - Purple,323,Book Set,Flipkart,lord of the rings trilogy purple,323.0
Lord of the Rings Trilogy - Gold,222,Book Set,Amazon,lord of the rings trilogy gold,222.0
Lord of the Rings Trilogy - Gold,2801,Book Set,Flipkart,lord of the rings trilogy gold,2801.0
Lord of the Rings Trilogy,909,Book Set,Amazon,lord of the rings trilogy,909.0
Lord of the Rings Trilogy,2327,Book Set,Flipkart,lord of the rings trilogy,2327.0
Loreal Revitalift 50ml - Green,901,Skincare,Amazon,loreal revitalift ml green,901.0
Loreal Revitalift 50ml - Blue,1505,Skincare,Amazon,loreal revitalift ml blue,1505.0
Loreal Revitalift 50ml - Blue,1849,Skincare,Flipkart,loreal revitalift ml blue,1849.0
Loreal Revitalift 50ml - Black,1197,Skincare,Amazon,loreal revitalift ml black,1197.0
Loreal Revitalift 50ml,1508,Skincare,Amazon,loreal revitalift ml,1508.0
Loreal Revitalift 50ml,794,Skincare,Flipkart,loreal revitalift ml,794.0
Loreal Revitalift 50ml,408,Skincare,Amazon,loreal revitalift ml,408.0
Neutrogena Hydro Boost,754,Skincare,Amazon,neutrogena hydro boost,754.0
Neutrogena Hydro Boost,1414,Skincare,Flipkart,neutrogena hydro boost,1414.0
Neutrogena Hydro Boost,1657,Skincare,Amazon,neutrogena hydro boost,1657.0
Neutrogena Hydro Boost,1919,Skincare,Amazon,neutrogena hydro boost,1919.0
Neutrogena Hydro Boost,1207,Skincare,Flipkart,neutrogena hydro boost,1207.0
Neutrogena Hydro Boost,66,Skincare,Flipkart,neutrogena hydro boost,66.0
Neutrogena Hydro Boost - Purple,303,Skincare,Amazon,neutrogena hydro boost purple,303.0
Neutrogena Hydro Boost - Purple,333,Skincare,Flipkart,neutrogena hydro boost purple,333.0
Neutrogena Hydro Boost - Green,1679,Skincare,Amazon,neutrogena hydro boost green,1679.0
Neutrogena Hydro Boost - Green,2438,Skincare,Flipkart,neutrogena hydro boost green,2438.0
Olay Regenerist,2117,Skincare,Amazon,olay regenerist,2117.0
Olay Regenerist - Gold,483,Skincare,Flipkart,olay regenerist gold,483.0
Olay Regenerist,1751,Skincare,Amazon,olay regenerist,1751.0
Olay Regenerist,597,Skincare,Flipkart,olay regenerist,597.0
Olay Regenerist,2220,Skincare,Flipkart,olay regenerist,2220.0
Dove Day Cream - Black,631,Skincare,Amazon,dove day cream black,631.0
Dove Day Cream - Black,1746,Skincare,Flipkart,dove day cream black,1746.0
Dove Day Cream - Green,931,Skincare,Flipkart,dove day cream green,931.0
Dove Day Cream - Blue,1318,Skincare,Amazon,dove day cream blue,1318.0
Dove Day Cream - Blue,719,Skincare,Flipkart,dove day cream blue,719.0
Dove Day Cream - Purple,340,Skincare,Flipkart,dove day cream purple,340.0
Dove Day Cream,512,Skincare,Flipkart,dove day cream,512.0
Dove Day Cream,565,Skincare,Amazon,dove day cream,565.0
Dove Day Cream - Red,375,Skincare,Flipkart,dove day cream red,375.0
Pond's Cold Cream,43,Skincare,Flipkart,ponds cold cream,43.0
Pond's Cold Cream,1922,Skincare,Amazon,ponds cold cream,1922.0
Pond's Cold Cream,1054,Skincare,Flipkart,ponds cold cream,1054.0
Pond's Cold Cream - Green,117,Skincare,Amazon,ponds cold cream green,117.0
Pond's Cold Cream,871,Skincare,Amazon,ponds cold cream,871.0
Pond's Cold Cream,1257,Skincare,Flipkart,ponds cold cream,1257.0
Pond's Cold Cream,2175,Skincare,Amazon,ponds cold cream,2175.0
Pond's Cold Cream,1708,Skincare,Flipkart,ponds cold cream,1708.0
Pond's Cold Cream,1028,Skincare,Amazon,ponds cold cream,1028.0
Pond's Cold Cream,1317,Skincare,Flipkart,ponds cold cream,1317.0
Fair & Lovely Fairness Cream,2111,Skincare,Amazon,fair lovely fairness cream,2111.0
Fair & Lovely Fairness Cream,321,Skincare,Flipkart,fair lovely fairness cream,321.0
Fair & Lovely Fairness Cream,1021,Skincare,Amazon,fair lovely fairness cream,1021.0
Fair & Lovely Fairness Cream,1603,Skincare,Flipkart,fair lovely fairness cream,1603.0
Fair & Lovely Fairness Cream,778,Skincare,Amazon,fair lovely fairness cream,778.0
Fair & Lovely Fairness Cream,1970,Skincare,Flipkart,fair lovely fairness cream,1970.0
Fair & Lovely Fairness Cream,724,Skincare,Amazon,fair lovely fairness cream,724.0
Fair & Lovely Fairness Cream,1041,Skincare,Flipkart,fair lovely fairness cream,1041.0
Cetaphil Moisturizer - White,2171,Skincare,Amazon,cetaphil moisturizer white,2171.0
Cetaphil Moisturizer - White,871,Skincare,Flipkart,cetaphil moisturizer white,871.0
Cetaphil Moisturizer - White,1396,Skincare,Amazon,cetaphil moisturizer white,1396.0
Cetaphil Moisturizer - White,2202,Skincare,Flipkart,cetaphil moisturizer white,2202.0
Cetaphil Moisturizer,976,Skincare,Amazon,cetaphil moisturizer,976.0
Cetaphil Moisturizer,2730,Skincare,Flipkart,cetaphil moisturizer,2730.0
Cetaphil Moisturizer,2020,Skincare,Amazon,cetaphil moisturizer,2020.0
Cetaphil Moisturizer,1071,Skincare,Flipkart,cetaphil moisturizer,1071.0
Cetaphil Moisturizer,1549,Skincare,Amazon,cetaphil moisturizer,1549.0
Cetaphil Moisturizer,488,Skincare,Flipkart,cetaphil moisturizer,488.0
Cetaphil Moisturizer,2374,Skincare,Amazon,cetaphil moisturizer,2374.0
Cetaphil Moisturizer,2048,Skincare,Amazon,cetaphil moisturizer,2048.0
Clinique Moisture Surge,2067,Skincare,Amazon,clinique moisture surge,2067.0
Clinique Moisture Surge,900,Skincare,Flipkart,clinique moisture surge,900.0
Clinique Moisture Surge,3090,Skincare,Amazon,clinique moisture surge,3090.0
Clinique Moisture Surge,1898,Skincare,Flipkart,clinique moisture surge,1898.0
Clinique Moisture Surge - Gold,3084,Skincare,Amazon,clinique moisture surge gold,3084.0
Clinique Moisture Surge - Gold,3285,Skincare,Flipkart,clinique moisture surge gold,3285.0
Clinique Moisture Surge - Purple,1755,Skincare,Amazon,clinique moisture surge purple,1755.0
Clinique Moisture Surge - Purple,1892,Skincare,Flipkart,clinique moisture surge purple,1892.0
Clinique Moisture Surge,3253,Skincare,Amazon,clinique moisture surge,3253.0
Clinique Moisture Surge,2993,Skincare,Flipkart,clinique moisture surge,2993.0
Clinique Moisture Surge,595,Skincare,Amazon,clinique moisture surge,595.0
Clinique Moisture Surge,3353,Skincare,Flipkart,clinique moisture surge,3353.0
Clinique Moisture Surge,346,Skincare,Amazon,clinique moisture surge,346.0
Clinique Moisture Surge,1584,Skincare,Flipkart,clinique moisture surge,1584.0
Shiseido Benefiance - Silver,3250,Skincare,Amazon,shiseido benefiance silver,3250.0
Shiseido Benefiance - Silver,5109,Skincare,Flipkart,shiseido benefiance silver,5109.0
Shiseido Benefiance - Blue,5586,Skincare,Amazon,shiseido benefiance blue,5586.0
Shiseido Benefiance - Blue,6420,Skincare,Flipkart,shiseido benefiance blue,6420.0
Shiseido Benefiance - Blue,6627,Skincare,Amazon,shiseido benefiance blue,6627.0
Shiseido Benefiance - Blue,6287,Skincare,Flipkart,shiseido benefiance blue,6287.0
Shiseido Benefiance,6723,Skincare,Amazon,shiseido benefiance,6723.0
Shiseido Benefiance,4908,Skincare,Flipkart,shiseido benefiance,4908.0
Shiseido Benefiance - Green,5160,Skincare,Amazon,shiseido benefiance green,5160.0
Shiseido Benefiance - Green,5999,Skincare,Flipkart,shiseido benefiance green,5999.0
Shiseido Benefiance - Purple,3839,Skincare,Amazon,shiseido benefiance purple,3839.0
Shiseido Benefiance - Purple,7134,Skincare,Flipkart,shiseido benefiance purple,7134.0
Shiseido Benefiance,4655,Skincare,Amazon,shiseido benefiance,4655.0
Shiseido Benefiance,6675,Skincare,Flipkart,shiseido benefiance,6675.0
Shiseido Benefiance,3150,Skincare,Amazon,shiseido benefiance,3150.0
Shiseido Benefiance,5700,Skincare,Flipkart,shiseido benefiance,5700.0
Estée Lauder Revitalizing,7214,Skincare,Amazon,este lauder revitalizing,7214.0
Estée Lauder Revitalizing,6661,Skincare,Flipkart,este lauder revitalizing,6661.0
Estée Lauder Revitalizing,6277,Skincare,Amazon,este lauder revitalizing,6277.0
Estée Lauder Revitalizing,7634,Skincare,Flipkart,este lauder revitalizing,7634.0
Estée Lauder Revitalizing - Blue,5113,Skincare,Amazon,este lauder revitalizing blue,5113.0
Estée Lauder Revitalizing - Blue,9145,Skincare,Flipkart,este lauder revitalizing blue,9145.0
Estée Lauder Revitalizing - White,8169,Skincare,Amazon,este lauder revitalizing white,8169.0
Estée Lauder Revitalizing - White,6743,Skincare,Flipkart,este lauder revitalizing white,6743.0
Estée Lauder Revitalizing - White,6062,Skincare,Amazon,este lauder revitalizing white,6062.0
Estée Lauder Revitalizing - White,8067,Skincare,Flipkart,este lauder revitalizing white,8067.0
Estée Lauder Revitalizing,7665,Skincare,Amazon,este lauder revitalizing,7665.0
Estée Lauder Revitalizing,9354,Skincare,Flipkart,este lauder revitalizing,9354.0
Estée Lauder Revitalizing,8017,Skincare,Amazon,este lauder revitalizing,8017.0
Estée Lauder Revitalizing,5520,Skincare,Flipkart,este lauder revitalizing,5520.0
Estée Lauder Revitalizing - Gold,7315,Skincare,Amazon,este lauder revitalizing gold,7315.0
Estée Lauder Revitalizing - Gold,8426,Skincare,Flipkart,este lauder revitalizing gold,8426.0
Estée Lauder Revitalizing - Silver,6164,Skincare,Amazon,este lauder revitalizing silver,6164.0
Estée Lauder Revitalizing - Silver,8230,Skincare,Flipkart,este lauder revitalizing silver,8230.0
Lakme Sunscreen SPF 50,1569,Skincare,Amazon,lakme sunscreen spf,1569.0
Lakme Sunscreen SPF 50,1437,Skincare,Flipkart,lakme sunscreen spf,1437.0
Lakme Sunscreen SPF 50 - White,1113,Skincare,Amazon,lakme sunscreen spf white,1113.0
Lakme Sunscreen SPF 50,1888,Skincare,Flipkart,lakme sunscreen spf,1888.0
Lakme Sunscreen SPF 50,324,Skincare,Amazon,lakme sunscreen spf,324.0
Lakme Sunscreen SPF 50,1439,Skincare,Flipkart,lakme sunscreen spf,1439.0
Lakme Sunscreen SPF 50,242,Skincare,Amazon,lakme sunscreen spf,242.0
Lakme Sunscreen SPF 50,855,Skincare,Flipkart,lakme sunscreen spf,855.0
Lakme Sunscreen SPF 50,2012,Skincare,Amazon,lakme sunscreen spf,2012.0
Lakme Sunscreen SPF 50,2131,Skincare,Flipkart,lakme sunscreen spf,2131.0
Lakme Sunscreen SPF 50,320,Skincare,Flipkart,lakme sunscreen spf,320.0
Lakme Sunscreen SPF 50 - White,2164,Skincare,Amazon,lakme sunscreen spf white,2164.0
Lakme Sunscreen SPF 50 - White,1134,Skincare,Flipkart,lakme sunscreen spf white,1134.0
Dot & Key Sunscreen,1456,Skincare,Flipkart,dot key sunscreen,1456.0
Dot & Key Sunscreen,2124,Skincare,Amazon,dot key sunscreen,2124.0
Dot & Key Sunscreen,2297,Skincare,Flipkart,dot key sunscreen,2297.0
Dot & Key Sunscreen,389,Skincare,Flipkart,dot key sunscreen,389.0
Dot & Key Sunscreen,1559,Skincare,Amazon,dot key sunscreen,1559.0
Dot & Key Sunscreen,814,Skincare,Flipkart,dot key sunscreen,814.0
Dot & Key Sunscreen,1990,Skincare,Amazon,dot key sunscreen,1990.0
The Derma Co Vitamin C - Red,846,Skincare,Amazon,the derma co vitamin c red,846.0
The Derma Co Vitamin C - Silver,1916,Skincare,Amazon,the derma co vitamin c silver,1916.0
The Derma Co Vitamin C - Silver,1548,Skincare,Flipkart,the derma co vitamin c silver,1548.0
The Derma Co Vitamin C - Purple,1105,Skincare,Amazon,the derma co vitamin c purple,1105.0
The Derma Co Vitamin C - Purple,486,Skincare,Flipkart,the derma co vitamin c purple,486.0
The Derma Co Vitamin C,1480,Skincare,Amazon,the derma co vitamin c,1480.0
The Derma Co Vitamin C,176,Skincare,Amazon,the derma co vitamin c,176.0
The Derma Co Vitamin C,185,Skincare,Flipkart,the derma co vitamin c,185.0
The Derma Co Vitamin C - Purple,714,Skincare,Amazon,the derma co vitamin c purple,714.0
The Derma Co Vitamin C,2145,Skincare,Flipkart,the derma co vitamin c,2145.0
The Derma Co Vitamin C - Blue,1079,Skincare,Amazon,the derma co vitamin c blue,1079.0
The Derma Co Vitamin C - Blue,1860,Skincare,Flipkart,the derma co vitamin c blue,1860.0
Minimalist Retinol,986,Skincare,Amazon,minimalist retinol,986.0
Minimalist Retinol,740,Skincare,Flipkart,minimalist retinol,740.0
Minimalist Retinol,711,Skincare,Amazon,minimalist retinol,711.0
Minimalist Retinol,1552,Skincare,Flipkart,minimalist retinol,1552.0
Minimalist Retinol,1523,Skincare,Flipkart,minimalist retinol,1523.0
Minimalist Retinol - Black,1045,Skincare,Amazon,minimalist retinol black,1045.0
Minimalist Retinol - Black,2283,Skincare,Flipkart,minimalist retinol black,2283.0
Gillette Fusion ProGlide,934,Shaving,Amazon,gillette fusion proglide,934.0
Gillette Fusion ProGlide,1979,Shaving,Amazon,gillette fusion proglide,1979.0
Gillette Fusion ProGlide,2374,Shaving,Flipkart,gillette fusion proglide,2374.0
Gillette Fusion ProGlide - Red,148,Shaving,Amazon,gillette fusion proglide red,148.0
Gillette Fusion ProGlide,117,Shaving,Amazon,gillette fusion proglide,117.0
Gillette Fusion ProGlide,1328,Shaving,Flipkart,gillette fusion proglide,1328.0
Gillette Fusion ProGlide - White,2405,Shaving,Flipkart,gillette fusion proglide white,2405.0
Gillette Mach 3 - Purple,1479,Shaving,Amazon,gillette mach purple,1479.0
Gillette Mach 3 - Purple,944,Shaving,Flipkart,gillette mach purple,944.0
Gillette Mach 3 - Blue,465,Shaving,Amazon,gillette mach blue,465.0
Gillette Mach 3 - Blue,76,Shaving,Flipkart,gillette mach blue,76.0
Gillette Mach 3,302,Shaving,Amazon,gillette mach,302.0
Gillette Mach 3,764,Shaving,Flipkart,gillette mach,764.0
Gillette Mach 3,68,Shaving,Amazon,gillette mach,68.0
Gillette Mach 3,1093,Shaving,Flipkart,gillette mach,1093.0
Gillette Mach 3 - White,668,Shaving,Amazon,gillette mach white,668.0
Gillette Mach 3 - White,2445,Shaving,Flipkart,gillette mach white,2445.0
Gillette Mach 3 - Blue,671,Shaving,Amazon,gillette mach blue,671.0
Gillette Mach 3 - Blue,1167,Shaving,Flipkart,gillette mach blue,1167.0
Wilkinson Sword - Gold,1915,Shaving,Flipkart,wilkinson sword gold,1915.0
Wilkinson Sword - Gold,662,Shaving,Flipkart,wilkinson sword gold,662.0
Wilkinson Sword - Purple,84,Shaving,Amazon,wilkinson sword purple,84.0
Wilkinson Sword - Purple,2386,Shaving,Flipkart,wilkinson sword purple,2386.0
Wilkinson Sword - Blue,1677,Shaving,Amazon,wilkinson sword blue,1677.0
Wilkinson Sword - Blue,352,Shaving,Flipkart,wilkinson sword blue,352.0
Wilkinson Sword - Red,1887,Shaving,Flipkart,wilkinson sword red,1887.0
Wilkinson Sword - Black,745,Shaving,Amazon,wilkinson sword black,745.0
Wilkinson Sword - Black,1892,Shaving,Flipkart,wilkinson sword black,1892.0
Wilkinson Sword,536,Shaving,Amazon,wilkinson sword,536.0
Wilkinson Sword,755,Shaving,Flipkart,wilkinson sword,755.0
Schick Hydro 5,1900,Shaving,Flipkart,schick hydro,1900.0
Schick Hydro 5,2096,Shaving,Flipkart,schick hydro,2096.0
Schick Hydro 5 - Blue,2019,Shaving,Amazon,schick hydro blue,2019.0
Schick Hydro 5 - Blue,1292,Shaving,Flipkart,schick hydro blue,1292.0
Schick Hydro 5 - Black,282,Shaving,Amazon,schick hydro black,282.0
Schick Hydro 5 - Black,2427,Shaving,Flipkart,schick hydro black,2427.0
Schick Hydro 5,1046,Shaving,Amazon,schick hydro,1046.0
Schick Hydro 5,2276,Shaving,Flipkart,schick hydro,2276.0
Schick Hydro 5 - Green,2091,Shaving,Amazon,schick hydro green,2091.0
Schick Hydro 5,1251,Shaving,Amazon,schick hydro,1251.0
Schick Hydro 5,1379,Shaving,Flipkart,schick hydro,1379.0
Schick Hydro 5 - White,1723,Shaving,Flipkart,schick hydro white,1723.0
Schick Hydro 5 - Purple,2054,Shaving,Amazon,schick hydro purple,2054.0
Schick Hydro 5 - Purple,1907,Shaving,Flipkart,schick hydro purple,1907.0
Dorco Pace 6+,1688,Shaving,Amazon,dorco pace,1688.0
Dorco Pace 6+,811,Shaving,Flipkart,dorco pace,811.0
Dorco Pace 6+ - Black,1444,Shaving,Amazon,dorco pace black,1444.0
Dorco Pace 6+ - Black,1674,Shaving,Flipkart,dorco pace black,1674.0
Dorco Pace 6+,2183,Shaving,Flipkart,dorco pace,2183.0
Dorco Pace 6+ - Red,1342,Shaving,Amazon,dorco pace red,1342.0
Dorco Pace 6+ - Gold,1642,Shaving,Amazon,dorco pace gold,1642.0
Dorco Pace 6+ - Gold,861,Shaving,Flipkart,dorco pace gold,861.0
Dorco Pace 6+,321,Shaving,Amazon,dorco pace,321.0
Dorco Pace 6+,2311,Shaving,Flipkart,dorco pace,2311.0
Dorco Pace 6+ - Gold,2003,Shaving,Amazon,dorco pace gold,2003.0
Dorco Pace 6+ - Gold,1232,Shaving,Flipkart,dorco pace gold,1232.0
Dorco Pace 6+,1662,Shaving,Amazon,dorco pace,1662.0
Dorco Pace 6+,964,Shaving,Flipkart,dorco pace,964.0
Harry's Razor - Silver,722,Shaving,Amazon,harrys razor silver,722.0
Harry's Razor,1854,Shaving,Flipkart,harrys razor,1854.0
Harry's Razor,1033,Shaving,Amazon,harrys razor,1033.0
Harry's Razor,2303,Shaving,Flipkart,harrys razor,2303.0
Harry's Razor,1903,Shaving,Amazon,harrys razor,1903.0
Harry's Razor,881,Shaving,Amazon,harrys razor,881.0
Harry's Razor,1315,Shaving,Flipkart,harrys razor,1315.0
Harry's Razor - Black,558,Shaving,Amazon,harrys razor black,558.0
Harry's Razor - Blue,470,Shaving,Amazon,harrys razor blue,470.0
Harry's Razor - Blue,2257,Shaving,Flipkart,harrys razor blue,2257.0
Harry's Razor,821,Shaving,Amazon,harrys razor,821.0
Harry's Razor,710,Shaving,Flipkart,harrys razor,710.0
Harry's Razor - Black,2419,Shaving,Flipkart,harrys razor black,2419.0
Neutrogena SPF 50,579,Sunscreen,Amazon,neutrogena spf,579.0
Neutrogena SPF 50,337,Sunscreen,Flipkart,neutrogena spf,337.0
Neutrogena SPF 50 - Gold,1223,Sunscreen,Amazon,neutrogena spf gold,1223.0
Neutrogena SPF 50 - Gold,234,Sunscreen,Flipkart,neutrogena spf gold,234.0
Neutrogena SPF 50 - Red,364,Sunscreen,Amazon,neutrogena spf red,364.0
Neutrogena SPF 50 - Red,268,Sunscreen,Flipkart,neutrogena spf red,268.0
Neutrogena SPF 50,438,Sunscreen,Flipkart,neutrogena spf,438.0
Neutrogena SPF 50,1864,Sunscreen,Flipkart,neutrogena spf,1864.0
Neutrogena SPF 50 - White,1576,Sunscreen,Amazon,neutrogena spf white,1576.0
Neutrogena SPF 50 - White,956,Sunscreen,Flipkart,neutrogena spf white,956.0
Lakme SPF 50,2240,Sunscreen,Flipkart,lakme spf,2240.0
Lakme SPF 50 - White,1894,Sunscreen,Flipkart,lakme spf white,1894.0
Lakme SPF 50,1963,Sunscreen,Amazon,lakme spf,1963.0
Lakme SPF 50,1535,Sunscreen,Flipkart,lakme spf,1535.0
Lakme SPF 50,763,Sunscreen,Amazon,lakme spf,763.0
Lakme SPF 50,17,Sunscreen,Flipkart,lakme spf,17.0
Dot & Key Sunscreen - Black,1940,Sunscreen,Flipkart,dot key sunscreen black,1940.0
Dot & Key Sunscreen,250,Sunscreen,Amazon,dot key sunscreen,250.0
Dot & Key Sunscreen,1655,Sunscreen,Flipkart,dot key sunscreen,1655.0
Dot & Key Sunscreen - Black,1065,Sunscreen,Flipkart,dot key sunscreen black,1065.0
Dot & Key Sunscreen,806,Sunscreen,Flipkart,dot key sunscreen,806.0
Dot & Key Sunscreen,786,Sunscreen,Amazon,dot key sunscreen,786.0
Dot & Key Sunscreen,1320,Sunscreen,Flipkart,dot key sunscreen,1320.0
Dot & Key Sunscreen,2053,Sunscreen,Amazon,dot key sunscreen,2053.0
Dot & Key Sunscreen,746,Sunscreen,Flipkart,dot key sunscreen,746.0
Dot & Key Sunscreen,123,Sunscreen,Flipkart,dot key sunscreen,123.0
Cetaphil SPF 50 - Red,584,Sunscreen,Amazon,cetaphil spf red,584.0
Cetaphil SPF 50 - Red,1000,Sunscreen,Flipkart,cetaphil spf red,1000.0
Cetaphil SPF 50 - Silver,2424,Sunscreen,Amazon,cetaphil spf silver,2424.0
Cetaphil SPF 50 - Silver,1115,Sunscreen,Flipkart,cetaphil spf silver,1115.0
Cetaphil SPF 50,1270,Sunscreen,Amazon,cetaphil spf,1270.0
Cetaphil SPF 50,303,Sunscreen,Flipkart,cetaphil spf,303.0
Cetaphil SPF 50 - Black,1201,Sunscreen,Amazon,cetaphil spf black,1201.0
Cetaphil SPF 50 - Black,1592,Sunscreen,Flipkart,cetaphil spf black,1592.0
Cetaphil SPF 50 - Black,2154,Sunscreen,Amazon,cetaphil spf black,2154.0
Cetaphil SPF 50 - Black,2319,Sunscreen,Flipkart,cetaphil spf black,2319.0
Cetaphil SPF 50,2898,Sunscreen,Flipkart,cetaphil spf,2898.0
Cetaphil SPF 50 - Purple,197,Sunscreen,Amazon,cetaphil spf purple,197.0
Cetaphil SPF 50 - Red,155,Sunscreen,Amazon,cetaphil spf red,155.0
Cetaphil SPF 50 - Red,2388,Sunscreen,Flipkart,cetaphil spf red,2388.0
Cetaphil SPF 50,145,Sunscreen,Amazon,cetaphil spf,145.0
The Derma Co SPF 50,2217,Sunscreen,Flipkart,the derma co spf,2217.0
The Derma Co SPF 50 - Gold,359,Sunscreen,Flipkart,the derma co spf gold,359.0
The Derma Co SPF 50 - Green,1496,Sunscreen,Amazon,the derma co spf green,1496.0
The Derma Co SPF 50 - Green,2350,Sunscreen,Flipkart,the derma co spf green,2350.0
The Derma Co SPF 50 - Red,1832,Sunscreen,Flipkart,the derma co spf red,1832.0
The Derma Co SPF 50 - Red,1034,Sunscreen,Flipkart,the derma co spf red,1034.0
The Derma Co SPF 50 - Red,1975,Sunscreen,Amazon,the derma co spf red,1975.0
Minimalist SPF 50,1524,Sunscreen,Amazon,minimalist spf,1524.0
Minimalist SPF 50,1974,Sunscreen,Flipkart,minimalist spf,1974.0
Minimalist SPF 50,167,Sunscreen,Amazon,minimalist spf,167.0
Minimalist SPF 50 - Green,2203,Sunscreen,Flipkart,minimalist spf green,2203.0
Dove Body Wash 250ml,1093,Body Wash,Flipkart,dove body wash ml,1093.0
Dove Body Wash 250ml - Gold,790,Body Wash,Amazon,dove body wash ml gold,790.0
Dove Body Wash 250ml,1419,Body Wash,Amazon,dove body wash ml,1419.0
Dove Body Wash 250ml - Purple,1443,Body Wash,Amazon,dove body wash ml purple,1443.0
Dove Body Wash 250ml,1462,Body Wash,Flipkart,dove body wash ml,1462.0
Dove Body Wash 250ml,332,Body Wash,Flipkart,dove body wash ml,332.0
Dove Body Wash 250ml - Silver,291,Body Wash,Flipkart,dove body wash ml silver,291.0
Dove Body Wash 250ml - Purple,401,Body Wash,Flipkart,dove body wash ml purple,401.0
Dove Body Wash 250ml - Black,565,Body Wash,Amazon,dove body wash ml black,565.0
Dettol Body Wash,1734,Body Wash,Flipkart,dettol body wash,1734.0
Dettol Body Wash,1839,Body Wash,Flipkart,dettol body wash,1839.0
Dettol Body Wash,1599,Body Wash,Amazon,dettol body wash,1599.0
Dettol Body Wash,1227,Body Wash,Amazon,dettol body wash,1227.0
Dettol Body Wash,590,Body Wash,Flipkart,dettol body wash,590.0
Himalaya Herbals,1494,Body Wash,Amazon,himalaya herbals,1494.0
Himalaya Herbals,286,Body Wash,Flipkart,himalaya herbals,286.0
Himalaya Herbals,58,Body Wash,Flipkart,himalaya herbals,58.0
Himalaya Herbals,1891,Body Wash,Amazon,himalaya herbals,1891.0
Himalaya Herbals,438,Body Wash,Amazon,himalaya herbals,438.0
Himalaya Herbals,885,Body Wash,Flipkart,himalaya herbals,885.0
Himalaya Herbals,435,Body Wash,Amazon,himalaya herbals,435.0
Himalaya Herbals - Blue,1301,Body Wash,Flipkart,himalaya herbals blue,1301.0
Cinthol Body Wash - Blue,1701,Body Wash,Flipkart,cinthol body wash blue,1701.0
Cinthol Body Wash,1252,Body Wash,Amazon,cinthol body wash,1252.0
Cinthol Body Wash,883,Body Wash,Flipkart,cinthol body wash,883.0
Cinthol Body Wash,1693,Body Wash,Amazon,cinthol body wash,1693.0
Cinthol Body Wash - Purple,92,Body Wash,Amazon,cinthol body wash purple,92.0
Cinthol Body Wash,1442,Body Wash,Flipkart,cinthol body wash,1442.0
Cinthol Body Wash - Gold,1303,Body Wash,Amazon,cinthol body wash gold,1303.0
Cinthol Body Wash - Gold,2057,Body Wash,Flipkart,cinthol body wash gold,2057.0
Cinthol Body Wash,1642,Body Wash,Amazon,cinthol body wash,1642.0
Cinthol Body Wash,486,Body Wash,Flipkart,cinthol body wash,486.0
Cinthol Body Wash,1727,Body Wash,Amazon,cinthol body wash,1727.0
Ponds Body Wash,1616,Body Wash,Amazon,ponds body wash,1616.0
Ponds Body Wash,1007,Body Wash,Amazon,ponds body wash,1007.0
Ponds Body Wash,1331,Body Wash,Flipkart,ponds body wash,1331.0
Ponds Body Wash - Green,2101,Body Wash,Amazon,ponds body wash green,2101.0
Ponds Body Wash,2084,Body Wash,Amazon,ponds body wash,2084.0
Ponds Body Wash,143,Body Wash,Amazon,ponds body wash,143.0
Ponds Body Wash,1863,Body Wash,Amazon,ponds body wash,1863.0
Ponds Body Wash,463,Body Wash,Amazon,ponds body wash,463.0
MAC Lipstick - Silver,534,Lipstick,Amazon,mac lipstick silver,534.0
MAC Lipstick - Silver,2008,Lipstick,Flipkart,mac lipstick silver,2008.0
MAC Lipstick,4025,Lipstick,Amazon,mac lipstick,4025.0
MAC Lipstick,2181,Lipstick,Flipkart,mac lipstick,2181.0
MAC Lipstick,2496,Lipstick,Amazon,mac lipstick,2496.0
MAC Lipstick,2212,Lipstick,Flipkart,mac lipstick,2212.0
MAC Lipstick - Silver,4211,Lipstick,Amazon,mac lipstick silver,4211.0
MAC Lipstick - Silver,4200,Lipstick,Flipkart,mac lipstick silver,4200.0
MAC Lipstick - Purple,2069,Lipstick,Amazon,mac lipstick purple,2069.0
MAC Lipstick - Purple,3849,Lipstick,Flipkart,mac lipstick purple,3849.0
MAC Lipstick,2654,Lipstick,Amazon,mac lipstick,2654.0
MAC Lipstick,4345,Lipstick,Flipkart,mac lipstick,4345.0
MAC Lipstick,3234,Lipstick,Amazon,mac lipstick,3234.0
MAC Lipstick,3304,Lipstick,Flipkart,mac lipstick,3304.0
MAC Lipstick,883,Lipstick,Amazon,mac lipstick,883.0
MAC Lipstick,2324,Lipstick,Flipkart,mac lipstick,2324.0
Maybelline SuperStay - Purple,752,Lipstick,Amazon,maybelline superstay purple,752.0
Maybelline SuperStay - Purple,46,Lipstick,Flipkart,maybelline superstay purple,46.0
Maybelline SuperStay - Blue,958,Lipstick,Amazon,maybelline superstay blue,958.0
Maybelline SuperStay - Blue,19,Lipstick,Amazon,maybelline superstay blue,19.0
Maybelline SuperStay - Blue,1567,Lipstick,Flipkart,maybelline superstay blue,1567.0
Maybelline SuperStay - Green,1971,Lipstick,Amazon,maybelline superstay green,1971.0
Maybelline SuperStay - Green,2016,Lipstick,Flipkart,maybelline superstay green,2016.0
Maybelline SuperStay - Purple,2285,Lipstick,Amazon,maybelline superstay purple,2285.0
Maybelline SuperStay - Purple,1229,Lipstick,Flipkart,maybelline superstay purple,1229.0
Maybelline SuperStay - White,1298,Lipstick,Amazon,maybelline superstay white,1298.0
Revlon ColorStay - Blue,2226,Lipstick,Flipkart,revlon colorstay blue,2226.0
Revlon ColorStay - Gold,1329,Lipstick,Flipkart,revlon colorstay gold,1329.0
Revlon ColorStay,1619,Lipstick,Amazon,revlon colorstay,1619.0
Revlon ColorStay,863,Lipstick,Flipkart,revlon colorstay,863.0
Revlon ColorStay - Red,1593,Lipstick,Amazon,revlon colorstay red,1593.0
NYKAA So Matte - Purple,1065,Lipstick,Flipkart,nykaa so matte purple,1065.0
NYKAA So Matte - Green,1404,Lipstick,Amazon,nykaa so matte green,1404.0
NYKAA So Matte - Green,84,Lipstick,Flipkart,nykaa so matte green,84.0
NYKAA So Matte,1415,Lipstick,Amazon,nykaa so matte,1415.0
NYKAA So Matte,350,Lipstick,Flipkart,nykaa so matte,350.0
NYKAA So Matte,595,Lipstick,Amazon,nykaa so matte,595.0
NYKAA So Matte,1140,Lipstick,Flipkart,nykaa so matte,1140.0
Lakme Absolute - Silver,1759,Lipstick,Amazon,lakme absolute silver,1759.0
Lakme Absolute - Gold,1325,Lipstick,Amazon,lakme absolute gold,1325.0
Lakme Absolute - White,1925,Lipstick,Flipkart,lakme absolute white,1925.0
Lakme Absolute,317,Lipstick,Flipkart,lakme absolute,317.0
Lakme Absolute - Gold,1562,Lipstick,Amazon,lakme absolute gold,1562.0
Lakme Absolute - Gold,44,Lipstick,Flipkart,lakme absolute gold,44.0
Avon True Color - Silver,1912,Lipstick,Amazon,avon true color silver,1912.0
Avon True Color,1,Lipstick,Amazon,avon true color,1.0
Avon True Color,448,Lipstick,Flipkart,avon true color,448.0
Avon True Color,601,Lipstick,Amazon,avon true color,601.0
Avon True Color,916,Lipstick,Flipkart,avon true color,916.0
Avon True Color - White,517,Lipstick,Amazon,avon true color white,517.0
Philips BRE630,3459,Epilator,Amazon,philips bre,3459.0
Philips BRE630,3823,Epilator,Flipkart,philips bre,3823.0
Philips BRE630,3294,Epilator,Amazon,philips bre,3294.0
Philips BRE630,2548,Epilator,Flipkart,philips bre,2548.0
Philips BRE630 - Red,2269,Epilator,Amazon,philips bre red,2269.0
Philips BRE630 - Red,5194,Epilator,Flipkart,philips bre red,5194.0
Philips BRE630,5625,Epilator,Amazon,philips bre,5625.0
Philips BRE630,3394,Epilator,Flipkart,philips bre,3394.0
Philips BRE630 - Silver,2416,Epilator,Amazon,philips bre silver,2416.0
Philips BRE630 - Silver,5417,Epilator,Flipkart,philips bre silver,5417.0
Braun SilkEpil 9 - Green,9456,Epilator,Amazon,braun silkepil green,9456.0
Braun SilkEpil 9 - Green,9327,Epilator,Flipkart,braun silkepil green,9327.0
Braun SilkEpil 9 - Red,8359,Epilator,Amazon,braun silkepil red,8359.0
Braun SilkEpil 9 - Red,8717,Epilator,Flipkart,braun silkepil red,8717.0
Braun SilkEpil 9,8973,Epilator,Amazon,braun silkepil,8973.0
Braun SilkEpil 9,8275,Epilator,Flipkart,braun silkepil,8275.0
Braun SilkEpil 9 - Gold,8837,Epilator,Amazon,braun silkepil gold,8837.0
Braun SilkEpil 9 - Gold,9565,Epilator,Flipkart,braun silkepil gold,9565.0
Braun SilkEpil 9,9885,Epilator,Amazon,braun silkepil,9885.0
Braun SilkEpil 9,8053,Epilator,Flipkart,braun silkepil,8053.0
Panasonic ES-ED90,11967,Epilator,Amazon,panasonic esed,11967.0
Panasonic ES-ED90,15521,Epilator,Flipkart,panasonic esed,15521.0
Panasonic ES-ED90,11324,Epilator,Amazon,panasonic esed,11324.0
Panasonic ES-ED90,12744,Epilator,Flipkart,panasonic esed,12744.0
Panasonic ES-ED90,11826,Epilator,Amazon,panasonic esed,11826.0
Panasonic ES-ED90,13120,Epilator,Flipkart,panasonic esed,13120.0
Panasonic ES-ED90 - Purple,14781,Epilator,Amazon,panasonic esed purple,14781.0
Panasonic ES-ED90 - Purple,15469,Epilator,Flipkart,panasonic esed purple,15469.0
Panasonic ES-ED90,11548,Epilator,Amazon,panasonic esed,11548.0
Panasonic ES-ED90,13638,Epilator,Flipkart,panasonic esed,13638.0
Panasonic ES-ED90 - Blue,13132,Epilator,Amazon,panasonic esed blue,13132.0
Panasonic ES-ED90 - Blue,15742,Epilator,Flipkart,panasonic esed blue,15742.0
Panasonic ES-ED90,14468,Epilator,Amazon,panasonic esed,14468.0
Panasonic ES-ED90,15500,Epilator,Flipkart,panasonic esed,15500.0
Remington EP2 - Gold,720,Epilator,Amazon,remington ep gold,720.0
Remington EP2 - Gold,4712,Epilator,Flipkart,remington ep gold,4712.0
Remington EP2,2989,Epilator,Amazon,remington ep,2989.0
Remington EP2,4573,Epilator,Flipkart,remington ep,4573.0
Remington EP2,2310,Epilator,Amazon,remington ep,2310.0
Remington EP2,3578,Epilator,Flipkart,remington ep,3578.0
Remington EP2,4405,Epilator,Amazon,remington ep,4405.0
Remington EP2,1787,Epilator,Flipkart,remington ep,1787.0
Remington EP2,1013,Epilator,Amazon,remington ep,1013.0
Remington EP2,1374,Epilator,Flipkart,remington ep,1374.0
Remington EP2,3756,Epilator,Amazon,remington ep,3756.0
Remington EP2,4815,Epilator,Flipkart,remington ep,4815.0
Remington EP2,2244,Epilator,Amazon,remington ep,2244.0
Remington EP2,3968,Epilator,Flipkart,remington ep,3968.0
Remington EP2,1308,Epilator,Amazon,remington ep,1308.0
Remington EP2,2002,Epilator,Flipkart,remington ep,2002.0
Remington EP2,1667,Epilator,Amazon,remington ep,1667.0
Remington EP2,3360,Epilator,Flipkart,remington ep,3360.0
Oral-B Pro 1 - Green,126,Toothbrush,Amazon,oralb pro green,126.0
Oral-B Pro 1 - Green,3894,Toothbrush,Flipkart,oralb pro green,3894.0
Oral-B Pro 1,1727,Toothbrush,Amazon,oralb pro,1727.0
Oral-B Pro 1,1806,Toothbrush,Flipkart,oralb pro,1806.0
Oral-B Pro 1 - Purple,2913,Toothbrush,Amazon,oralb pro purple,2913.0
Oral-B Pro 1 - Purple,637,Toothbrush,Flipkart,oralb pro purple,637.0
Oral-B Pro 1 - Blue,1361,Toothbrush,Amazon,oralb pro blue,1361.0
Oral-B Pro 1 - Blue,1749,Toothbrush,Flipkart,oralb pro blue,1749.0
Oral-B Pro 1 - Blue,424,Toothbrush,Amazon,oralb pro blue,424.0
Oral-B Pro 1 - Blue,2263,Toothbrush,Flipkart,oralb pro blue,2263.0
Oral-B Pro 1,1051,Toothbrush,Amazon,oralb pro,1051.0
Oral-B Pro 1,1856,Toothbrush,Flipkart,oralb pro,1856.0
Oral-B Pro 1,1768,Toothbrush,Amazon,oralb pro,1768.0
Oral-B Pro 1,293,Toothbrush,Flipkart,oralb pro,293.0
Oral-B Pro 1,432,Toothbrush,Amazon,oralb pro,432.0
Oral-B Pro 1,3751,Toothbrush,Flipkart,oralb pro,3751.0
Philips Sonicare,5990,Toothbrush,Amazon,philips sonicare,5990.0
Philips Sonicare,6470,Toothbrush,Flipkart,philips sonicare,6470.0
Philips Sonicare,4702,Toothbrush,Amazon,philips sonicare,4702.0
Philips Sonicare,7350,Toothbrush,Flipkart,philips sonicare,7350.0
Philips Sonicare - White,5004,Toothbrush,Amazon,philips sonicare white,5004.0
Philips Sonicare - White,4759,Toothbrush,Flipkart,philips sonicare white,4759.0
Philips Sonicare,3158,Toothbrush,Amazon,philips sonicare,3158.0
Philips Sonicare,7273,Toothbrush,Flipkart,philips sonicare,7273.0
Philips Sonicare,3794,Toothbrush,Amazon,philips sonicare,3794.0
Philips Sonicare,6624,Toothbrush,Flipkart,philips sonicare,6624.0
Philips Sonicare - Purple,6739,Toothbrush,Amazon,philips sonicare purple,6739.0
Philips Sonicare - Purple,6577,Toothbrush,Flipkart,philips sonicare purple,6577.0
Philips Sonicare - Green,5851,Toothbrush,Amazon,philips sonicare green,5851.0
Philips Sonicare - Green,3735,Toothbrush,Flipkart,philips sonicare green,3735.0
Philips Sonicare - Red,4955,Toothbrush,Amazon,philips sonicare red,4955.0
Philips Sonicare - Red,3640,Toothbrush,Flipkart,philips sonicare red,3640.0
Philips Sonicare - Silver,3114,Toothbrush,Amazon,philips sonicare silver,3114.0
Philips Sonicare - Silver,6355,Toothbrush,Flipkart,philips sonicare silver,6355.0
Waterpik Water Flosser,11866,Toothbrush,Amazon,waterpik water flosser,11866.0
Waterpik Water Flosser,12288,Toothbrush,Flipkart,waterpik water flosser,12288.0
Waterpik Water Flosser - Silver,10367,Toothbrush,Amazon,waterpik water flosser silver,10367.0
Waterpik Water Flosser - Silver,13397,Toothbrush,Flipkart,waterpik water flosser silver,13397.0
Waterpik Water Flosser - Green,11156,Toothbrush,Amazon,waterpik water flosser green,11156.0
Waterpik Water Flosser - Green,9877,Toothbrush,Flipkart,waterpik water flosser green,9877.0
Waterpik Water Flosser - Gold,10399,Toothbrush,Amazon,waterpik water flosser gold,10399.0
Waterpik Water Flosser - Gold,13489,Toothbrush,Flipkart,waterpik water flosser gold,13489.0
Waterpik Water Flosser,11397,Toothbrush,Amazon,waterpik water flosser,11397.0
Waterpik Water Flosser,11247,Toothbrush,Flipkart,waterpik water flosser,11247.0
Waterpik Water Flosser - Green,11962,Toothbrush,Amazon,waterpik water flosser green,11962.0
Waterpik Water Flosser - Green,11682,Toothbrush,Flipkart,waterpik water flosser green,11682.0
Waterpik Water Flosser - White,11005,Toothbrush,Amazon,waterpik water flosser white,11005.0
Waterpik Water Flosser - White,11184,Toothbrush,Flipkart,waterpik water flosser white,11184.0
Waterpik Water Flosser - Silver,10344,Toothbrush,Amazon,waterpik water flosser silver,10344.0
Waterpik Water Flosser - Silver,12680,Toothbrush,Flipkart,waterpik water flosser silver,12680.0
Colgate Smart Brush,4308,Toothbrush,Amazon,colgate smart brush,4308.0
Colgate Smart Brush,4063,Toothbrush,Flipkart,colgate smart brush,4063.0
Colgate Smart Brush,1188,Toothbrush,Amazon,colgate smart brush,1188.0
Colgate Smart Brush,4342,Toothbrush,Flipkart,colgate smart brush,4342.0
Colgate Smart Brush,3668,Toothbrush,Amazon,colgate smart brush,3668.0
Colgate Smart Brush,3851,Toothbrush,Flipkart,colgate smart brush,3851.0
Colgate Smart Brush,1680,Toothbrush,Amazon,colgate smart brush,1680.0
Colgate Smart Brush,4001,Toothbrush,Flipkart,colgate smart brush,4001.0
Colgate Smart Brush,1262,Toothbrush,Amazon,colgate smart brush,1262.0
Colgate Smart Brush,3882,Toothbrush,Flipkart,colgate smart brush,3882.0
Colgate Smart Brush,2557,Toothbrush,Amazon,colgate smart brush,2557.0
Colgate Smart Brush,4883,Toothbrush,Flipkart,colgate smart brush,4883.0
Realme Toothbrush,59,Toothbrush,Amazon,realme toothbrush,59.0
Realme Toothbrush,322,Toothbrush,Flipkart,realme toothbrush,322.0
Realme Toothbrush,2408,Toothbrush,Amazon,realme toothbrush,2408.0
Realme Toothbrush,284,Toothbrush,Flipkart,realme toothbrush,284.0
Realme Toothbrush - White,1104,Toothbrush,Amazon,realme toothbrush white,1104.0
Realme Toothbrush - White,2066,Toothbrush,Flipkart,realme toothbrush white,2066.0
Realme Toothbrush,699,Toothbrush,Flipkart,realme toothbrush,699.0
Realme Toothbrush,900,Toothbrush,Flipkart,realme toothbrush,900.0
Realme Toothbrush - Black,1286,Toothbrush,Amazon,realme toothbrush black,1286.0
Realme Toothbrush - Black,2254,Toothbrush,Flipkart,realme toothbrush black,2254.0
Patanjali Neem - Black,760,Soap,Amazon,patanjali neem black,760.0
Patanjali Neem - Black,435,Soap,Flipkart,patanjali neem black,435.0
Patanjali Neem,174,Soap,Amazon,patanjali neem,174.0
Patanjali Neem,1293,Soap,Flipkart,patanjali neem,1293.0
Patanjali Neem,1852,Soap,Amazon,patanjali neem,1852.0
Patanjali Neem,40,Soap,Flipkart,patanjali neem,40.0
Patanjali Neem - Green,1380,Soap,Amazon,patanjali neem green,1380.0
Dettol Anti Bacterial - White,2043,Soap,Amazon,dettol anti bacterial white,2043.0
Dettol Anti Bacterial,1614,Soap,Amazon,dettol anti bacterial,1614.0
Dettol Anti Bacterial,929,Soap,Flipkart,dettol anti bacterial,929.0
Dettol Anti Bacterial,534,Soap,Flipkart,dettol anti bacterial,534.0
Dettol Anti Bacterial - Gold,1944,Soap,Amazon,dettol anti bacterial gold,1944.0
Dettol Anti Bacterial - Gold,933,Soap,Flipkart,dettol anti bacterial gold,933.0
Dettol Anti Bacterial - Purple,581,Soap,Amazon,dettol anti bacterial purple,581.0
Dettol Anti Bacterial - Purple,879,Soap,Flipkart,dettol anti bacterial purple,879.0
Lifebuoy Handwash,1626,Soap,Flipkart,lifebuoy handwash,1626.0
Lifebuoy Handwash,811,Soap,Amazon,lifebuoy handwash,811.0
Lifebuoy Handwash - Red,1062,Soap,Amazon,lifebuoy handwash red,1062.0
Lifebuoy Handwash - Red,558,Soap,Flipkart,lifebuoy handwash red,558.0
Lifebuoy Handwash - White,1850,Soap,Amazon,lifebuoy handwash white,1850.0
Lifebuoy Handwash - White,1905,Soap,Flipkart,lifebuoy handwash white,1905.0
Lifebuoy Handwash - Black,521,Soap,Amazon,lifebuoy handwash black,521.0
Lifebuoy Handwash,1298,Soap,Amazon,lifebuoy handwash,1298.0
Lifebuoy Handwash,1618,Soap,Amazon,lifebuoy handwash,1618.0
Lifebuoy Handwash - Gold,23,Soap,Flipkart,lifebuoy handwash gold,23.0
Lifebuoy Handwash - White,1134,Soap,Flipkart,lifebuoy handwash white,1134.0
Lux Beauty Soap,994,Soap,Flipkart,lux beauty soap,994.0
Lux Beauty Soap,1715,Soap,Amazon,lux beauty soap,1715.0
Lux Beauty Soap,795,Soap,Flipkart,lux beauty soap,795.0
Lux Beauty Soap - White,228,Soap,Amazon,lux beauty soap white,228.0
Lux Beauty Soap - White,644,Soap,Flipkart,lux beauty soap white,644.0
Lux Beauty Soap - White,1610,Soap,Amazon,lux beauty soap white,1610.0
Lux Beauty Soap - Green,1767,Soap,Amazon,lux beauty soap green,1767.0
Lux Beauty Soap - Green,987,Soap,Flipkart,lux beauty soap green,987.0
Lux Beauty Soap,1996,Soap,Amazon,lux beauty soap,1996.0
Lux Beauty Soap,1555,Soap,Flipkart,lux beauty soap,1555.0
Lux Beauty Soap - Gold,1082,Soap,Flipkart,lux beauty soap gold,1082.0
Lux Beauty Soap,385,Soap,Amazon,lux beauty soap,385.0
Dove Moisturizing,412,Soap,Amazon,dove moisturizing,412.0
Dove Moisturizing,1087,Soap,Flipkart,dove moisturizing,1087.0
Dove Moisturizing - Green,242,Soap,Amazon,dove moisturizing green,242.0
Dove Moisturizing - Silver,1335,Soap,Flipkart,dove moisturizing silver,1335.0
Dove Moisturizing,513,Soap,Amazon,dove moisturizing,513.0
Dove Moisturizing,488,Soap,Flipkart,dove moisturizing,488.0
Dove Moisturizing,253,Soap,Amazon,dove moisturizing,253.0
Dove Moisturizing,1560,Soap,Flipkart,dove moisturizing,1560.0
Dove Moisturizing - Purple,1911,Soap,Amazon,dove moisturizing purple,1911.0
Dove Moisturizing,512,Soap,Amazon,dove moisturizing,512.0
Dove Moisturizing,502,Soap,Amazon,dove moisturizing,502.0
Cinthol Deodorant Soap - Gold,1511,Soap,Amazon,cinthol deodorant soap gold,1511.0
Cinthol Deodorant Soap - Gold,942,Soap,Flipkart,cinthol deodorant soap gold,942.0
Cinthol Deodorant Soap,923,Soap,Amazon,cinthol deodorant soap,923.0
Cinthol Deodorant Soap,2007,Soap,Flipkart,cinthol deodorant soap,2007.0
Cinthol Deodorant Soap - Gold,1440,Soap,Flipkart,cinthol deodorant soap gold,1440.0
Cinthol Deodorant Soap - Purple,1820,Soap,Amazon,cinthol deodorant soap purple,1820.0
Cinthol Deodorant Soap - Purple,1593,Soap,Flipkart,cinthol deodorant soap purple,1593.0
Cinthol Deodorant Soap - Silver,1377,Soap,Amazon,cinthol deodorant soap silver,1377.0
Cinthol Deodorant Soap - Silver,749,Soap,Flipkart,cinthol deodorant soap silver,749.0
Cinthol Deodorant Soap,1152,Soap,Flipkart,cinthol deodorant soap,1152.0
OnePlus 12 5G - Black (128GB),46412,Smartphone,Amazon,oneplus g black gb,46412.0
OnePlus 12 5G - Black (128GB),49138,Smartphone,Flipkart,oneplus g black gb,49138.0
OnePlus 12 5G - Blue (S),44395,Smartphone,Amazon,oneplus g blue s,44395.0
OnePlus 12 5G - Blue (S),49469,Smartphone,Flipkart,oneplus g blue s,49469.0
Samsung Galaxy S24 - Blue (256GB),78283,Smartphone,Amazon,samsung galaxy s blue gb,78283.0
Samsung Galaxy S24 - Blue (256GB),83186,Smartphone,Flipkart,samsung galaxy s blue gb,83186.0
Samsung Galaxy S24 - White (128GB),80744,Smartphone,Amazon,samsung galaxy s white gb,80744.0
Samsung Galaxy S24 - White (128GB),84092,Smartphone,Flipkart,samsung galaxy s white gb,84092.0
Samsung Galaxy S24 - Gold (32GB),79104,Smartphone,Amazon,samsung galaxy s gold gb,79104.0
Samsung Galaxy S24 - Gold (32GB),86789,Smartphone,Flipkart,samsung galaxy s gold gb,86789.0
Samsung Galaxy S24 (1TB),79095,Smartphone,Amazon,samsung galaxy s tb,79095.0
Samsung Galaxy S24 (1TB),83270,Smartphone,Flipkart,samsung galaxy s tb,83270.0
Samsung Galaxy S24 (XL),78869,Smartphone,Amazon,samsung galaxy s xl,78869.0
Samsung Galaxy S24 (XL),85683,Smartphone,Flipkart,samsung galaxy s xl,85683.0
iPhone 15 Pro - Green (XS),130206,Smartphone,Amazon,iphone pro green xs,130206.0
iPhone 15 Pro - Green (XS),134075,Smartphone,Flipkart,iphone pro green xs,134075.0
iPhone 15 Pro - Black (64GB),131976,Smartphone,Amazon,iphone pro black gb,131976.0
iPhone 15 Pro - Black (64GB),135265,Smartphone,Flipkart,iphone pro black gb,135265.0
iPhone 15 Pro - Blue (1TB),130791,Smartphone,Amazon,iphone pro blue tb,130791.0
iPhone 15 Pro - Blue (1TB),136623,Smartphone,Flipkart,iphone pro blue tb,136623.0
iPhone 15 Pro - Blue (128GB),131905,Smartphone,Amazon,iphone pro blue gb,131905.0
iPhone 15 Pro - Blue (128GB),135956,Smartphone,Flipkart,iphone pro blue gb,135956.0
Xiaomi 14 - Blue (M),53737,Smartphone,Amazon,xiaomi blue m,53737.0
Xiaomi 14 - Blue (M),53434,Smartphone,Flipkart,xiaomi blue m,53434.0
Xiaomi 14 (M),52493,Smartphone,Amazon,xiaomi m,52493.0
Xiaomi 14 (M),53813,Smartphone,Flipkart,xiaomi m,53813.0
Xiaomi 14 - White (64GB),53595,Smartphone,Amazon,xiaomi white gb,53595.0
Xiaomi 14 - White (64GB),55322,Smartphone,Flipkart,xiaomi white gb,55322.0
Xiaomi 14 - Silver (M),53114,Smartphone,Amazon,xiaomi silver m,53114.0
Xiaomi 14 - Silver (M),55180,Smartphone,Flipkart,xiaomi silver m,55180.0
Xiaomi 14 - Green (M),50675,Smartphone,Amazon,xiaomi green m,50675.0
Xiaomi 14 - Green (M),54084,Smartphone,Flipkart,xiaomi green m,54084.0
Google Pixel 8 (XL),76537,Smartphone,Amazon,google pixel xl,76537.0
Google Pixel 8 (XL),80985,Smartphone,Flipkart,google pixel xl,80985.0
Oppo Find X7 (S),59139,Smartphone,Amazon,oppo find x s,59139.0
Oppo Find X7 (S),63893,Smartphone,Flipkart,oppo find x s,63893.0
Vivo X100 - Black (32GB),54214,Smartphone,Amazon,vivo x black gb,54214.0
Vivo X100 - Black (32GB),58890,Smartphone,Flipkart,vivo x black gb,58890.0
Vivo X100 (M),53204,Smartphone,Amazon,vivo x m,53204.0
Vivo X100 (M),60391,Smartphone,Flipkart,vivo x m,60391.0
Realme 12 Pro - Gold (1TB),29140,Smartphone,Amazon,realme pro gold tb,29140.0
Realme 12 Pro - Gold (1TB),31294,Smartphone,Flipkart,realme pro gold tb,31294.0
Realme 12 Pro (512GB),27976,Smartphone,Amazon,realme pro gb,27976.0
Realme 12 Pro (512GB),31086,Smartphone,Flipkart,realme pro gb,31086.0
Samsung Galaxy A55 - Blue (XL),33793,Smartphone,Amazon,samsung galaxy a blue xl,33793.0
Samsung Galaxy A55 - Blue (XL),38414,Smartphone,Flipkart,samsung galaxy a blue xl,38414.0
Samsung Galaxy A55 - Blue (64GB),34165,Smartphone,Amazon,samsung galaxy a blue gb,34165.0
Samsung Galaxy A55 - Blue (64GB),35031,Smartphone,Flipkart,samsung galaxy a blue gb,35031.0
Motorola Edge 50 (512GB),28938,Smartphone,Amazon,motorola edge gb,28938.0
Motorola Edge 50 (512GB),30403,Smartphone,Flipkart,motorola edge gb,30403.0
Motorola Edge 50 (32GB),28069,Smartphone,Amazon,motorola edge gb,28069.0
Motorola Edge 50 (32GB),31000,Smartphone,Flipkart,motorola edge gb,31000.0
Nothing Phone 2a - Black (256GB),23261,Smartphone,Amazon,nothing phone a black gb,23261.0
Nothing Phone 2a - Black (256GB),26492,Smartphone,Flipkart,nothing phone a black gb,26492.0
Nothing Phone 2a - Red (XS),24792,Smartphone,Amazon,nothing phone a red xs,24792.0
Nothing Phone 2a - Red (XS),26021,Smartphone,Flipkart,nothing phone a red xs,26021.0
Nothing Phone 2a - Gold (128GB),25987,Smartphone,Amazon,nothing phone a gold gb,25987.0
Nothing Phone 2a - Gold (128GB),27541,Smartphone,Flipkart,nothing phone a gold gb,27541.0
Nothing Phone 2a (1TB),25609,Smartphone,Amazon,nothing phone a tb,25609.0
Nothing Phone 2a (1TB),26687,Smartphone,Flipkart,nothing phone a tb,26687.0
Nothing Phone 2a (256GB),25203,Smartphone,Amazon,nothing phone a gb,25203.0
Nothing Phone 2a (256GB),28811,Smartphone,Flipkart,nothing phone a gb,28811.0
Poco X6 Pro (S),27515,Smartphone,Amazon,poco x pro s,27515.0
Poco X6 Pro (S),28926,Smartphone,Flipkart,poco x pro s,28926.0
Poco X6 Pro - Red (XS),24283,Smartphone,Amazon,poco x pro red xs,24283.0
Poco X6 Pro - Red (XS),30959,Smartphone,Flipkart,poco x pro red xs,30959.0
iQOO 12 (XS),50442,Smartphone,Amazon,iqoo xs,50442.0
iQOO 12 (XS),52778,Smartphone,Flipkart,iqoo xs,52778.0
iQOO 12 (256GB),50482,Smartphone,Amazon,iqoo gb,50482.0
iQOO 12 (256GB),53093,Smartphone,Flipkart,iqoo gb,53093.0
iQOO 12 - Red (XL),48285,Smartphone,Amazon,iqoo red xl,48285.0
iQOO 12 - Red (XL),54885,Smartphone,Flipkart,iqoo red xl,54885.0
Samsung Galaxy S24 Ultra (XL),148520,Smartphone,Amazon,samsung galaxy s ultra xl,148520.0
Samsung Galaxy S24 Ultra (XL),153784,Smartphone,Flipkart,samsung galaxy s ultra xl,153784.0
Samsung Galaxy S24 Ultra - Silver (512GB),151690,Smartphone,Amazon,samsung galaxy s ultra silver gb,151690.0
Samsung Galaxy S24 Ultra - Silver (512GB),156930,Smartphone,Flipkart,samsung galaxy s ultra silver gb,156930.0
iPhone 15 (S),80578,Smartphone,Amazon,iphone s,80578.0
iPhone 15 (S),85356,Smartphone,Flipkart,iphone s,85356.0
iPhone 15 (64GB),79635,Smartphone,Amazon,iphone gb,79635.0
iPhone 15 (64GB),83998,Smartphone,Flipkart,iphone gb,83998.0
iPhone 15 (M),81187,Smartphone,Amazon,iphone m,81187.0
iPhone 15 (M),84740,Smartphone,Flipkart,iphone m,84740.0
iPhone 15 - Red (S),81281,Smartphone,Amazon,iphone red s,81281.0
iPhone 15 - Red (S),84902,Smartphone,Flipkart,iphone red s,84902.0
iPhone 15 - Green (M),80508,Smartphone,Amazon,iphone green m,80508.0
iPhone 15 - Green (M),86337,Smartphone,Flipkart,iphone green m,86337.0
iPhone 15 (S),79825,Smartphone,Amazon,iphone s,79825.0
iPhone 15 (S),86673,Smartphone,Flipkart,iphone s,86673.0
Dell XPS 13 - Blue (M),101078,Laptop,Amazon,dell xps blue m,101078.0
Dell XPS 13 - Blue (M),104011,Laptop,Flipkart,dell xps blue m,104011.0
Dell XPS 13 - Green (L),98254,Laptop,Amazon,dell xps green l,98254.0
Dell XPS 13 - Green (L),103846,Laptop,Flipkart,dell xps green l,103846.0
HP Pavilion 15 - Silver (128GB),46738,Laptop,Amazon,hp pavilion silver gb,46738.0
HP Pavilion 15 - Silver (128GB),50780,Laptop,Flipkart,hp pavilion silver gb,50780.0
HP Pavilion 15 (128GB),46310,Laptop,Amazon,hp pavilion gb,46310.0
HP Pavilion 15 (128GB),50714,Laptop,Flipkart,hp pavilion gb,50714.0
HP Pavilion 15 (XS),47602,Laptop,Amazon,hp pavilion xs,47602.0
HP Pavilion 15 (XS),49551,Laptop,Flipkart,hp pavilion xs,49551.0
Lenovo ThinkPad E15 (32GB),61418,Laptop,Amazon,lenovo thinkpad e gb,61418.0
Lenovo ThinkPad E15 (32GB),62334,Laptop,Flipkart,lenovo thinkpad e gb,62334.0
Lenovo ThinkPad E15 (S),59938,Laptop,Amazon,lenovo thinkpad e s,59938.0
Lenovo ThinkPad E15 (S),64741,Laptop,Flipkart,lenovo thinkpad e s,64741.0
Lenovo ThinkPad E15 - Silver (64GB),60864,Laptop,Amazon,lenovo thinkpad e silver gb,60864.0
Lenovo ThinkPad E15 - Silver (64GB),63048,Laptop,Flipkart,lenovo thinkpad e silver gb,63048.0
MacBook Air M3 (XS),118104,Laptop,Amazon,macbook air m xs,118104.0
MacBook Air M3 (XS),126803,Laptop,Flipkart,macbook air m xs,126803.0
MacBook Air M3 (512GB),121401,Laptop,Amazon,macbook air m gb,121401.0
MacBook Air M3 (512GB),125568,Laptop,Flipkart,macbook air m gb,125568.0
MacBook Air M3 - White (L),121481,Laptop,Amazon,macbook air m white l,121481.0
MacBook Air M3 - White (L),125801,Laptop,Flipkart,macbook air m white l,125801.0
MacBook Air M3 - Purple (XS),119482,Laptop,Amazon,macbook air m purple xs,119482.0
MacBook Air M3 - Purple (XS),125602,Laptop,Flipkart,macbook air m purple xs,125602.0
MacBook Air M3 - Blue (M),118720,Laptop,Amazon,macbook air m blue m,118720.0
MacBook Air M3 - Blue (M),126004,Laptop,Flipkart,macbook air m blue m,126004.0
ASUS VivoBook 15 - Blue (256GB),35004,Laptop,Amazon,asus vivobook blue gb,35004.0
ASUS VivoBook 15 - Blue (256GB),41401,Laptop,Flipkart,asus vivobook blue gb,41401.0
Acer Aspire 5 (1TB),42655,Laptop,Amazon,acer aspire tb,42655.0
Acer Aspire 5 (1TB),47832,Laptop,Flipkart,acer aspire tb,47832.0
Acer Aspire 5 - Green (M),42937,Laptop,Amazon,acer aspire green m,42937.0
Acer Aspire 5 - Green (M),47266,Laptop,Flipkart,acer aspire green m,47266.0
Acer Aspire 5 - White (512GB),44112,Laptop,Amazon,acer aspire white gb,44112.0
Acer Aspire 5 - White (512GB),47147,Laptop,Flipkart,acer aspire white gb,47147.0
Acer Aspire 5 (M),43186,Laptop,Amazon,acer aspire m,43186.0
Acer Aspire 5 (M),45517,Laptop,Flipkart,acer aspire m,45517.0
HP Envy 13 (S),75855,Laptop,Amazon,hp envy s,75855.0
HP Envy 13 (S),81865,Laptop,Flipkart,hp envy s,81865.0
HP Envy 13 (512GB),74959,Laptop,Amazon,hp envy gb,74959.0
HP Envy 13 (512GB),79803,Laptop,Flipkart,hp envy gb,79803.0
HP Envy 13 (XS),76853,Laptop,Amazon,hp envy xs,76853.0
HP Envy 13 (XS),81528,Laptop,Flipkart,hp envy xs,81528.0
HP Envy 13 - White (64GB),76321,Laptop,Amazon,hp envy white gb,76321.0
HP Envy 13 - White (64GB),80304,Laptop,Flipkart,hp envy white gb,80304.0
Lenovo IdeaPad Slim 5 - Purple (512GB),51923,Laptop,Amazon,lenovo ideapad slim purple gb,51923.0
Lenovo IdeaPad Slim 5 - Purple (512GB),58176,Laptop,Flipkart,lenovo ideapad slim purple gb,58176.0
Lenovo IdeaPad Slim 5 - White (256GB),51245,Laptop,Amazon,lenovo ideapad slim white gb,51245.0
Lenovo IdeaPad Slim 5 - White (256GB),57496,Laptop,Flipkart,lenovo ideapad slim white gb,57496.0
Lenovo IdeaPad Slim 5 (64GB),52179,Laptop,Amazon,lenovo ideapad slim gb,52179.0
Lenovo IdeaPad Slim 5 (64GB),57894,Laptop,Flipkart,lenovo ideapad slim gb,57894.0
Lenovo IdeaPad Slim 5 - Blue (64GB),53229,Laptop,Amazon,lenovo ideapad slim blue gb,53229.0
Lenovo IdeaPad Slim 5 - Blue (64GB),55919,Laptop,Flipkart,lenovo ideapad slim blue gb,55919.0
Dell Inspiron 15 (L),37678,Laptop,Amazon,dell inspiron l,37678.0
Dell Inspiron 15 (L),44245,Laptop,Flipkart,dell inspiron l,44245.0
ASUS TUF Gaming F15 - Black (XL),91938,Laptop,Amazon,asus tuf gaming f black xl,91938.0
ASUS TUF Gaming F15 - Black (XL),95760,Laptop,Flipkart,asus tuf gaming f black xl,95760.0
ASUS TUF Gaming F15 - Silver (XS),90667,Laptop,Amazon,asus tuf gaming f silver xs,90667.0
ASUS TUF Gaming F15 - Silver (XS),94810,Laptop,Flipkart,asus tuf gaming f silver xs,94810.0
ASUS TUF Gaming F15 (128GB),89424,Laptop,Amazon,asus tuf gaming f gb,89424.0
ASUS TUF Gaming F15 (128GB),94671,Laptop,Flipkart,asus tuf gaming f gb,94671.0
ASUS TUF Gaming F15 - Blue (XS),89349,Laptop,Amazon,asus tuf gaming f blue xs,89349.0
ASUS TUF Gaming F15 - Blue (XS),94685,Laptop,Flipkart,asus tuf gaming f blue xs,94685.0
MSI Bravo 15 - Black (M),78473,Laptop,Amazon,msi bravo black m,78473.0
MSI Bravo 15 - Black (M),86972,Laptop,Flipkart,msi bravo black m,86972.0
MSI Bravo 15 - Gold (512GB),81985,Laptop,Amazon,msi bravo gold gb,81985.0
MSI Bravo 15 - Gold (512GB),85579,Laptop,Flipkart,msi bravo gold gb,85579.0
MSI Bravo 15 (XL),81445,Laptop,Amazon,msi bravo xl,81445.0
MSI Bravo 15 (XL),86738,Laptop,Flipkart,msi bravo xl,86738.0
Razer Blade 15 - Silver (512GB),189570,Laptop,Amazon,razer blade silver gb,189570.0
Razer Blade 15 - Silver (512GB),198779,Laptop,Flipkart,razer blade silver gb,198779.0
Razer Blade 15 - Red (M),191163,Laptop,Amazon,razer blade red m,191163.0
Razer Blade 15 - Red (M),201234,Laptop,Flipkart,razer blade red m,201234.0
Razer Blade 15 (L),189093,Laptop,Amazon,razer blade l,189093.0
Razer Blade 15 (L),201359,Laptop,Flipkart,razer blade l,201359.0
MacBook Pro 14 (XS),189982,Laptop,Amazon,macbook pro xs,189982.0
MacBook Pro 14 (XS),194412,Laptop,Flipkart,macbook pro xs,194412.0
MacBook Pro 14 - Gold (XS),190855,Laptop,Amazon,macbook pro gold xs,190855.0
MacBook Pro 14 - Gold (XS),193977,Laptop,Flipkart,macbook pro gold xs,193977.0
MacBook Pro 14 - Red (S),188150,Laptop,Amazon,macbook pro red s,188150.0
MacBook Pro 14 - Red (S),193516,Laptop,Flipkart,macbook pro red s,193516.0
MacBook Pro 14 - Black (XS),188407,Laptop,Amazon,macbook pro black xs,188407.0
MacBook Pro 14 - Black (XS),195153,Laptop,Flipkart,macbook pro black xs,195153.0
MacBook Pro 14 (XL),191968,Laptop,Amazon,macbook pro xl,191968.0
MacBook Pro 14 (XL),194084,Laptop,Flipkart,macbook pro xl,194084.0
Dell G15 - Green (XL),86487,Laptop,Amazon,dell g green xl,86487.0
Dell G15 - Green (XL),89344,Laptop,Flipkart,dell g green xl,89344.0
Dell G15 - Black (256GB),85942,Laptop,Amazon,dell g black gb,85942.0
Dell G15 - Black (256GB),91633,Laptop,Flipkart,dell g black gb,91633.0
Dell G15 - Gold (XS),85584,Laptop,Amazon,dell g gold xs,85584.0
Dell G15 - Gold (XS),90802,Laptop,Flipkart,dell g gold xs,90802.0
HP Victus 15 (S),88387,Laptop,Amazon,hp victus s,88387.0
HP Victus 15 (S),91585,Laptop,Flipkart,hp victus s,91585.0
HP Victus 15 (512GB),87044,Laptop,Amazon,hp victus gb,87044.0
HP Victus 15 (512GB),93730,Laptop,Flipkart,hp victus gb,93730.0
Sony WH-1000XM5 (L),28237,Headphones,Amazon,sony whxm l,28237.0
Sony WH-1000XM5 (L),28646,Headphones,Flipkart,sony whxm l,28646.0
Sony WH-1000XM5 (XS),28863,Headphones,Amazon,sony whxm xs,28863.0
Sony WH-1000XM5 (XS),29208,Headphones,Flipkart,sony whxm xs,29208.0
Sony WH-1000XM5 - Black (S),27123,Headphones,Amazon,sony whxm black s,27123.0
Sony WH-1000XM5 - Black (S),28032,Headphones,Flipkart,sony whxm black s,28032.0
Sony WH-1000XM5 - Gold (1TB),29410,Headphones,Amazon,sony whxm gold tb,29410.0
Sony WH-1000XM5 - Gold (1TB),31702,Headphones,Flipkart,sony whxm gold tb,31702.0
Sony WH-1000XM5 - Silver (XL),29093,Headphones,Amazon,sony whxm silver xl,29093.0
Sony WH-1000XM5 - Silver (XL),30951,Headphones,Flipkart,sony whxm silver xl,30951.0
Bose QuietComfort 45 (1TB),34493,Headphones,Amazon,bose quietcomfort tb,34493.0
Bose QuietComfort 45 (1TB),37998,Headphones,Flipkart,bose quietcomfort tb,37998.0
Bose QuietComfort 45 - Blue (512GB),35208,Headphones,Amazon,bose quietcomfort blue gb,35208.0
Bose QuietComfort 45 - Blue (512GB),38588,Headphones,Flipkart,bose quietcomfort blue gb,38588.0
Bose QuietComfort 45 - Blue (1TB),36742,Headphones,Amazon,bose quietcomfort blue tb,36742.0
Bose QuietComfort 45 - Blue (1TB),38376,Headphones,Flipkart,bose quietcomfort blue tb,38376.0
Bose QuietComfort 45 (XL),36088,Headphones,Amazon,bose quietcomfort xl,36088.0
Bose QuietComfort 45 (XL),38957,Headphones,Flipkart,bose quietcomfort xl,38957.0
Apple AirPods Pro 2 - Red (256GB),23101,Headphones,Amazon,apple airpods pro red gb,23101.0
Apple AirPods Pro 2 - Red (256GB),27536,Headphones,Flipkart,apple airpods pro red gb,27536.0
Apple AirPods Pro 2 - Purple (512GB),25651,Headphones,Amazon,apple airpods pro purple gb,25651.0
Apple AirPods Pro 2 - Purple (512GB),25257,Headphones,Flipkart,apple airpods pro purple gb,25257.0
Apple AirPods Pro 2 - White (L),25975,Headphones,Amazon,apple airpods pro white l,25975.0
Apple AirPods Pro 2 - White (L),25631,Headphones,Flipkart,apple airpods pro white l,25631.0
Apple AirPods Pro 2 - Black (256GB),24670,Headphones,Amazon,apple airpods pro black gb,24670.0
Apple AirPods Pro 2 - Black (256GB),28845,Headphones,Flipkart,apple airpods pro black gb,28845.0
JBL Flip 6 (128GB),10687,Headphones,Amazon,jbl flip gb,10687.0
JBL Flip 6 (128GB),10440,Headphones,Flipkart,jbl flip gb,10440.0
Boat Rockerz 450 (XL),3871,Headphones,Amazon,boat rockerz xl,3871.0
Boat Rockerz 450 (XL),3018,Headphones,Flipkart,boat rockerz xl,3018.0
Boat Rockerz 450 (32GB),2134,Headphones,Amazon,boat rockerz gb,2134.0
Boat Rockerz 450 (32GB),1734,Headphones,Flipkart,boat rockerz gb,1734.0
Boat Rockerz 450 (S),1960,Headphones,Amazon,boat rockerz s,1960.0
Boat Rockerz 450 (S),3969,Headphones,Flipkart,boat rockerz s,3969.0
Sennheiser Momentum 4 - White (XL),39761,Headphones,Amazon,sennheiser momentum white xl,39761.0
Sennheiser Momentum 4 - White (XL),41405,Headphones,Flipkart,sennheiser momentum white xl,41405.0
Sennheiser Momentum 4 (XS),41636,Headphones,Amazon,sennheiser momentum xs,41636.0
Sennheiser Momentum 4 (XS),41934,Headphones,Flipkart,sennheiser momentum xs,41934.0
Sennheiser Momentum 4 (64GB),41779,Headphones,Amazon,sennheiser momentum gb,41779.0
Sennheiser Momentum 4 (64GB),42941,Headphones,Flipkart,sennheiser momentum gb,42941.0
Beats Studio Pro - Red (XS),35401,Headphones,Amazon,beats studio pro red xs,35401.0
Beats Studio Pro - Red (XS),39917,Headphones,Flipkart,beats studio pro red xs,39917.0
Beats Studio Pro - Green (32GB),34447,Headphones,Amazon,beats studio pro green gb,34447.0
Beats Studio Pro - Green (32GB),39577,Headphones,Flipkart,beats studio pro green gb,39577.0
Beats Studio Pro - Black (XL),34756,Headphones,Amazon,beats studio pro black xl,34756.0
Beats Studio Pro - Black (XL),39460,Headphones,Flipkart,beats studio pro black xl,39460.0
Philips Fidelio X3 (512GB),22094,Headphones,Amazon,philips fidelio x gb,22094.0
Philips Fidelio X3 (512GB),23117,Headphones,Flipkart,philips fidelio x gb,23117.0
Philips Fidelio X3 (256GB),23592,Headphones,Amazon,philips fidelio x gb,23592.0
Philips Fidelio X3 (256GB),26979,Headphones,Flipkart,philips fidelio x gb,26979.0
Philips Fidelio X3 (L),22275,Headphones,Amazon,philips fidelio x l,22275.0
Philips Fidelio X3 (L),25954,Headphones,Flipkart,philips fidelio x l,25954.0
JBL Tune 770NC - Green (XS),11530,Headphones,Amazon,jbl tune nc green xs,11530.0
JBL Tune 770NC - Green (XS),11281,Headphones,Flipkart,jbl tune nc green xs,11281.0
JBL Tune 770NC (128GB),9184,Headphones,Amazon,jbl tune nc gb,9184.0
JBL Tune 770NC (128GB),10470,Headphones,Flipkart,jbl tune nc gb,10470.0
Boat Airdopes 131 (XL),547,Headphones,Flipkart,boat airdopes xl,547.0
Boat Airdopes 131 - Red (XL),1308,Headphones,Amazon,boat airdopes red xl,1308.0
Boat Airdopes 131 - Red (XL),2611,Headphones,Flipkart,boat airdopes red xl,2611.0
OnePlus Buds Pro 2 - White (64GB),5232,Headphones,Amazon,oneplus buds pro white gb,5232.0
OnePlus Buds Pro 2 - White (64GB),8009,Headphones,Flipkart,oneplus buds pro white gb,8009.0
OnePlus Buds Pro 2 - Red (M),8316,Headphones,Amazon,oneplus buds pro red m,8316.0
OnePlus Buds Pro 2 - Red (M),8840,Headphones,Flipkart,oneplus buds pro red m,8840.0
OnePlus Buds Pro 2 (M),8681,Headphones,Amazon,oneplus buds pro m,8681.0
OnePlus Buds Pro 2 (M),9928,Headphones,Flipkart,oneplus buds pro m,9928.0
OnePlus Buds Pro 2 (S),7645,Headphones,Amazon,oneplus buds pro s,7645.0
OnePlus Buds Pro 2 (S),7205,Headphones,Flipkart,oneplus buds pro s,7205.0
Skullcandy Crusher ANC - Black (XL),6585,Headphones,Amazon,skullcandy crusher anc black xl,6585.0
Skullcandy Crusher ANC - Black (XL),7673,Headphones,Flipkart,skullcandy crusher anc black xl,7673.0
Skullcandy Crusher ANC (L),6582,Headphones,Amazon,skullcandy crusher anc l,6582.0
Skullcandy Crusher ANC (L),7162,Headphones,Flipkart,skullcandy crusher anc l,7162.0
Skullcandy Crusher ANC (XL),5578,Headphones,Amazon,skullcandy crusher anc xl,5578.0
Skullcandy Crusher ANC (XL),9753,Headphones,Flipkart,skullcandy crusher anc xl,9753.0
Skullcandy Crusher ANC - Silver (XL),6541,Headphones,Amazon,skullcandy crusher anc silver xl,6541.0
Skullcandy Crusher ANC - Silver (XL),8634,Headphones,Flipkart,skullcandy crusher anc silver xl,8634.0
Amazfit PowerBuds Pro - Red (S),7264,Headphones,Amazon,amazfit powerbuds pro red s,7264.0
Amazfit PowerBuds Pro - Red (S),8237,Headphones,Flipkart,amazfit powerbuds pro red s,8237.0
Amazfit PowerBuds Pro (M),9457,Headphones,Amazon,amazfit powerbuds pro m,9457.0
Amazfit PowerBuds Pro (M),10727,Headphones,Flipkart,amazfit powerbuds pro m,10727.0
Amazfit PowerBuds Pro (128GB),6153,Headphones,Amazon,amazfit powerbuds pro gb,6153.0
Amazfit PowerBuds Pro (128GB),10210,Headphones,Flipkart,amazfit powerbuds pro gb,10210.0
Amazfit PowerBuds Pro - Silver (32GB),8836,Headphones,Amazon,amazfit powerbuds pro silver gb,8836.0
Amazfit PowerBuds Pro - Silver (32GB),10657,Headphones,Flipkart,amazfit powerbuds pro silver gb,10657.0
Amazfit PowerBuds Pro - Gold (L),7681,Headphones,Amazon,amazfit powerbuds pro gold l,7681.0
Amazfit PowerBuds Pro - Gold (L),8991,Headphones,Flipkart,amazfit powerbuds pro gold l,8991.0
"Samsung 55"" 4K TV - Purple (256GB)",47266,Television,Amazon,samsung k tv purple gb,47266.0
"Samsung 55"" 4K TV - Purple (256GB)",53954,Television,Flipkart,samsung k tv purple gb,53954.0
"Samsung 55"" 4K TV - Silver (32GB)",49956,Television,Amazon,samsung k tv silver gb,49956.0
"Samsung 55"" 4K TV - Silver (32GB)",50662,Television,Flipkart,samsung k tv silver gb,50662.0
"Samsung 55"" 4K TV - White (M)",48625,Television,Amazon,samsung k tv white m,48625.0
"Samsung 55"" 4K TV - White (M)",51967,Television,Flipkart,samsung k tv white m,51967.0
"Samsung 55"" 4K TV (512GB)",49485,Television,Amazon,samsung k tv gb,49485.0
"Samsung 55"" 4K TV (512GB)",50509,Television,Flipkart,samsung k tv gb,50509.0
"LG 55"" OLED TV (1TB)",90055,Television,Amazon,lg oled tv tb,90055.0
"LG 55"" OLED TV (1TB)",94530,Television,Flipkart,lg oled tv tb,94530.0
"LG 55"" OLED TV - Purple (128GB)",88155,Television,Amazon,lg oled tv purple gb,88155.0
"LG 55"" OLED TV - Purple (128GB)",94174,Television,Flipkart,lg oled tv purple gb,94174.0
"LG 55"" OLED TV (64GB)",91107,Television,Amazon,lg oled tv gb,91107.0
"LG 55"" OLED TV (64GB)",95888,Television,Flipkart,lg oled tv gb,95888.0
"Mi 65"" 4K Smart TV (64GB)",36720,Television,Amazon,mi k smart tv gb,36720.0
"Mi 65"" 4K Smart TV (64GB)",40736,Television,Flipkart,mi k smart tv gb,40736.0
"OnePlus 55"" TV (XL)",29442,Television,Amazon,oneplus tv xl,29442.0
"OnePlus 55"" TV (XL)",33235,Television,Flipkart,oneplus tv xl,33235.0
"OnePlus 55"" TV (S)",29269,Television,Amazon,oneplus tv s,29269.0
"OnePlus 55"" TV (S)",33110,Television,Flipkart,oneplus tv s,33110.0
"OnePlus 55"" TV (512GB)",31530,Television,Amazon,oneplus tv gb,31530.0
"OnePlus 55"" TV (512GB)",34197,Television,Flipkart,oneplus tv gb,34197.0
"OnePlus 55"" TV (S)",28508,Television,Amazon,oneplus tv s,28508.0
"OnePlus 55"" TV (S)",34273,Television,Flipkart,oneplus tv s,34273.0
"OnePlus 55"" TV (S)",31663,Television,Amazon,oneplus tv s,31663.0
"OnePlus 55"" TV (S)",34916,Television,Flipkart,oneplus tv s,34916.0
"Samsung 43"" Full HD TV - Blue (XS)",20036,Television,Amazon,samsung full hd tv blue xs,20036.0
"Samsung 43"" Full HD TV - Blue (XS)",22503,Television,Flipkart,samsung full hd tv blue xs,22503.0
"Samsung 43"" Full HD TV (512GB)",19314,Television,Amazon,samsung full hd tv gb,19314.0
"Samsung 43"" Full HD TV (512GB)",21419,Television,Flipkart,samsung full hd tv gb,21419.0
"Samsung 43"" Full HD TV - Silver (1TB)",19825,Television,Amazon,samsung full hd tv silver tb,19825.0
"Samsung 43"" Full HD TV - Silver (1TB)",23467,Television,Flipkart,samsung full hd tv silver tb,23467.0
"Samsung 43"" Full HD TV - Red (XS)",19830,Television,Amazon,samsung full hd tv red xs,19830.0
"Samsung 43"" Full HD TV - Red (XS)",21172,Television,Flipkart,samsung full hd tv red xs,21172.0
"Samsung 43"" Full HD TV (XL)",20610,Television,Amazon,samsung full hd tv xl,20610.0
"Samsung 43"" Full HD TV (XL)",22662,Television,Flipkart,samsung full hd tv xl,22662.0
"Samsung 43"" Full HD TV (XL)",18654,Television,Amazon,samsung full hd tv xl,18654.0
"Samsung 43"" Full HD TV (XL)",24901,Television,Flipkart,samsung full hd tv xl,24901.0
"LG 43"" FHD TV - Black (S)",18140,Television,Amazon,lg fhd tv black s,18140.0
"LG 43"" FHD TV - Black (S)",21021,Television,Flipkart,lg fhd tv black s,21021.0
"LG 43"" FHD TV (512GB)",18065,Television,Amazon,lg fhd tv gb,18065.0
"LG 43"" FHD TV (512GB)",22882,Television,Flipkart,lg fhd tv gb,22882.0
"LG 43"" FHD TV (S)",20492,Television,Amazon,lg fhd tv s,20492.0
"LG 43"" FHD TV (S)",20302,Television,Flipkart,lg fhd tv s,20302.0
"LG 43"" FHD TV - Red (64GB)",17358,Television,Amazon,lg fhd tv red gb,17358.0
"LG 43"" FHD TV - Red (64GB)",23318,Television,Flipkart,lg fhd tv red gb,23318.0
"Panasonic 50"" 4K TV - Silver (XL)",40219,Television,Amazon,panasonic k tv silver xl,40219.0
"Panasonic 50"" 4K TV - Silver (XL)",42188,Television,Flipkart,panasonic k tv silver xl,42188.0
"Panasonic 50"" 4K TV (32GB)",38822,Television,Amazon,panasonic k tv gb,38822.0
"Panasonic 50"" 4K TV (32GB)",44243,Television,Flipkart,panasonic k tv gb,44243.0
"Panasonic 50"" 4K TV - Purple (M)",39477,Television,Amazon,panasonic k tv purple m,39477.0
"Panasonic 50"" 4K TV - Purple (M)",43268,Television,Flipkart,panasonic k tv purple m,43268.0
"Panasonic 50"" 4K TV - Silver (XL)",39676,Television,Amazon,panasonic k tv silver xl,39676.0
"Panasonic 50"" 4K TV - Silver (XL)",44371,Television,Flipkart,panasonic k tv silver xl,44371.0
"Panasonic 50"" 4K TV - Silver (128GB)",38524,Television,Amazon,panasonic k tv silver gb,38524.0
"Panasonic 50"" 4K TV - Silver (128GB)",44595,Television,Flipkart,panasonic k tv silver gb,44595.0
"TCL 43"" FHD TV (256GB)",16244,Television,Amazon,tcl fhd tv gb,16244.0
"TCL 43"" FHD TV (256GB)",18673,Television,Flipkart,tcl fhd tv gb,18673.0
"TCL 43"" FHD TV - Blue (512GB)",16416,Television,Amazon,tcl fhd tv blue gb,16416.0
"TCL 43"" FHD TV - Blue (512GB)",21879,Television,Flipkart,tcl fhd tv blue gb,21879.0
"TCL 43"" FHD TV (L)",17377,Television,Amazon,tcl fhd tv l,17377.0
"TCL 43"" FHD TV (L)",18630,Television,Flipkart,tcl fhd tv l,18630.0
"TCL 43"" FHD TV - Black (32GB)",16381,Television,Amazon,tcl fhd tv black gb,16381.0
"TCL 43"" FHD TV - Black (32GB)",21450,Television,Flipkart,tcl fhd tv black gb,21450.0
"TCL 43"" FHD TV - Blue (L)",15331,Television,Amazon,tcl fhd tv blue l,15331.0
"TCL 43"" FHD TV - Blue (L)",18185,Television,Flipkart,tcl fhd tv blue l,18185.0
"VU 55"" 4K TV (M)",33530,Television,Amazon,vu k tv m,33530.0
"VU 55"" 4K TV (M)",36616,Television,Flipkart,vu k tv m,36616.0
"VU 55"" 4K TV (1TB)",34527,Television,Amazon,vu k tv tb,34527.0
"VU 55"" 4K TV (1TB)",36941,Television,Flipkart,vu k tv tb,36941.0
"Samsung 32"" HD TV (S)",13365,Television,Amazon,samsung hd tv s,13365.0
"Samsung 32"" HD TV (S)",15952,Television,Flipkart,samsung hd tv s,15952.0
"Samsung 32"" HD TV - Purple (256GB)",11093,Television,Amazon,samsung hd tv purple gb,11093.0
"Samsung 32"" HD TV - Purple (256GB)",13367,Television,Flipkart,samsung hd tv purple gb,13367.0
"LG 32"" HD TV (M)",12395,Television,Amazon,lg hd tv m,12395.0
"LG 32"" HD TV (M)",15612,Television,Flipkart,lg hd tv m,15612.0
"LG 32"" HD TV - Gold (XS)",15844,Television,Amazon,lg hd tv gold xs,15844.0
"LG 32"" HD TV - Gold (XS)",15496,Television,Flipkart,lg hd tv gold xs,15496.0
"Realme TV 43"" FHD - Silver (M)",17292,Television,Amazon,realme tv fhd silver m,17292.0
"Realme TV 43"" FHD - Silver (M)",17939,Television,Flipkart,realme tv fhd silver m,17939.0
"Realme TV 43"" FHD - Gold (L)",15086,Television,Amazon,realme tv fhd gold l,15086.0
"Realme TV 43"" FHD - Gold (L)",19960,Television,Flipkart,realme tv fhd gold l,19960.0
iPad Air (64GB),60787,Tablet,Amazon,ipad air gb,60787.0
iPad Air (64GB),63991,Tablet,Flipkart,ipad air gb,63991.0
iPad Air (32GB),60503,Tablet,Amazon,ipad air gb,60503.0
iPad Air (32GB),66769,Tablet,Flipkart,ipad air gb,66769.0
iPad Air - Red (S),60889,Tablet,Amazon,ipad air red s,60889.0
iPad Air - Red (S),63564,Tablet,Flipkart,ipad air red s,63564.0
"iPad Pro 11"" - Blue (256GB)",90787,Tablet,Amazon,ipad pro blue gb,90787.0
"iPad Pro 11"" - Blue (256GB)",95633,Tablet,Flipkart,ipad pro blue gb,95633.0
"iPad Pro 11"" - Blue (S)",91855,Tablet,Amazon,ipad pro blue s,91855.0
"iPad Pro 11"" - Blue (S)",96984,Tablet,Flipkart,ipad pro blue s,96984.0
"iPad Pro 11"" (512GB)",89297,Tablet,Amazon,ipad pro gb,89297.0
"iPad Pro 11"" (512GB)",94964,Tablet,Flipkart,ipad pro gb,94964.0
"iPad Pro 11"" - Green (XS)",89177,Tablet,Amazon,ipad pro green xs,89177.0
"iPad Pro 11"" - Green (XS)",93498,Tablet,Flipkart,ipad pro green xs,93498.0
"iPad Pro 11"" - Red (XL)",89177,Tablet,Amazon,ipad pro red xl,89177.0
"iPad Pro 11"" - Red (XL)",96911,Tablet,Flipkart,ipad pro red xl,96911.0
Samsung Galaxy Tab S9 (128GB),54351,Tablet,Amazon,samsung galaxy tab s gb,54351.0
Samsung Galaxy Tab S9 (128GB),60937,Tablet,Flipkart,samsung galaxy tab s gb,60937.0
Samsung Galaxy Tab S9 - Purple (512GB),56828,Tablet,Amazon,samsung galaxy tab s purple gb,56828.0
Samsung Galaxy Tab S9 - Purple (512GB),61606,Tablet,Flipkart,samsung galaxy tab s purple gb,61606.0
Samsung Galaxy Tab S9 - White (256GB),54314,Tablet,Amazon,samsung galaxy tab s white gb,54314.0
Samsung Galaxy Tab S9 - White (256GB),59168,Tablet,Flipkart,samsung galaxy tab s white gb,59168.0
Samsung Galaxy Tab S9 - Black (128GB),55190,Tablet,Amazon,samsung galaxy tab s black gb,55190.0
Samsung Galaxy Tab S9 - Black (128GB),61024,Tablet,Flipkart,samsung galaxy tab s black gb,61024.0
Samsung Galaxy Tab S9 - Black (XS),54710,Tablet,Amazon,samsung galaxy tab s black xs,54710.0
Samsung Galaxy Tab S9 - Black (XS),61612,Tablet,Flipkart,samsung galaxy tab s black xs,61612.0
Samsung Galaxy Tab S9 (512GB),56226,Tablet,Amazon,samsung galaxy tab s gb,56226.0
Samsung Galaxy Tab S9 (512GB),60028,Tablet,Flipkart,samsung galaxy tab s gb,60028.0
Apple iPad 10th Gen (M),36801,Tablet,Amazon,apple ipad th gen m,36801.0
Apple iPad 10th Gen (M),37371,Tablet,Flipkart,apple ipad th gen m,37371.0
Apple iPad 10th Gen - Silver (S),35146,Tablet,Amazon,apple ipad th gen silver s,35146.0
Apple iPad 10th Gen - Silver (S),38022,Tablet,Flipkart,apple ipad th gen silver s,38022.0
Lenovo Tab M10 (256GB),15959,Tablet,Amazon,lenovo tab m gb,15959.0
Lenovo Tab M10 (256GB),17345,Tablet,Flipkart,lenovo tab m gb,17345.0
Lenovo Tab M10 - Blue (XL),14659,Tablet,Amazon,lenovo tab m blue xl,14659.0
Lenovo Tab M10 - Blue (XL),17809,Tablet,Flipkart,lenovo tab m blue xl,17809.0
Lenovo Tab M10 (256GB),16751,Tablet,Amazon,lenovo tab m gb,16751.0
Lenovo Tab M10 (256GB),18851,Tablet,Flipkart,lenovo tab m gb,18851.0
OnePlus Pad - Gold (XL),40101,Tablet,Amazon,oneplus pad gold xl,40101.0
OnePlus Pad - Gold (XL),42200,Tablet,Flipkart,oneplus pad gold xl,42200.0
OnePlus Pad (64GB),39162,Tablet,Amazon,oneplus pad gb,39162.0
OnePlus Pad (64GB),42881,Tablet,Flipkart,oneplus pad gb,42881.0
Samsung Galaxy Tab A8 (M),11298,Tablet,Amazon,samsung galaxy tab a m,11298.0
Samsung Galaxy Tab A8 (M),13184,Tablet,Flipkart,samsung galaxy tab a m,13184.0
Samsung Galaxy Tab A8 (XS),14649,Tablet,Amazon,samsung galaxy tab a xs,14649.0
Samsung Galaxy Tab A8 (XS),14565,Tablet,Flipkart,samsung galaxy tab a xs,14565.0
Samsung Galaxy Tab A8 - Silver (1TB),12537,Tablet,Amazon,samsung galaxy tab a silver tb,12537.0
Samsung Galaxy Tab A8 - Silver (1TB),13327,Tablet,Flipkart,samsung galaxy tab a silver tb,13327.0
Apple Watch Series 9 (XS),42879,Smartwatch,Amazon,apple watch series xs,42879.0
Apple Watch Series 9 (XS),46571,Smartwatch,Flipkart,apple watch series xs,46571.0
Samsung Galaxy Watch 6 - Silver (XS),23248,Smartwatch,Amazon,samsung galaxy watch silver xs,23248.0
Samsung Galaxy Watch 6 - Silver (XS),28279,Smartwatch,Flipkart,samsung galaxy watch silver xs,28279.0
Samsung Galaxy Watch 6 - Gold (512GB),23752,Smartwatch,Amazon,samsung galaxy watch gold gb,23752.0
Samsung Galaxy Watch 6 - Gold (512GB),29089,Smartwatch,Flipkart,samsung galaxy watch gold gb,29089.0
Garmin Epix (32GB),66560,Smartwatch,Amazon,garmin epix gb,66560.0
Garmin Epix (32GB),71714,Smartwatch,Flipkart,garmin epix gb,71714.0
Garmin Epix (S),63866,Smartwatch,Amazon,garmin epix s,63866.0
Garmin Epix (S),71837,Smartwatch,Flipkart,garmin epix s,71837.0
Fitbit Sense 2 (S),21614,Smartwatch,Amazon,fitbit sense s,21614.0
Fitbit Sense 2 (S),22035,Smartwatch,Flipkart,fitbit sense s,22035.0
Fitbit Sense 2 (128GB),19280,Smartwatch,Amazon,fitbit sense gb,19280.0
Fitbit Sense 2 (128GB),21694,Smartwatch,Flipkart,fitbit sense gb,21694.0
Amazfit GTR 4 (S),9350,Smartwatch,Amazon,amazfit gtr s,9350.0
Amazfit GTR 4 (S),10941,Smartwatch,Flipkart,amazfit gtr s,10941.0
Amazfit GTR 4 (XL),10237,Smartwatch,Amazon,amazfit gtr xl,10237.0
Amazfit GTR 4 (XL),11999,Smartwatch,Flipkart,amazfit gtr xl,11999.0
Amazfit GTR 4 - White (XL),11919,Smartwatch,Amazon,amazfit gtr white xl,11919.0
Amazfit GTR 4 - White (XL),10239,Smartwatch,Flipkart,amazfit gtr white xl,10239.0
OnePlus Watch 2 (256GB),17129,Smartwatch,Amazon,oneplus watch gb,17129.0
OnePlus Watch 2 (256GB),16025,Smartwatch,Flipkart,oneplus watch gb,16025.0
OnePlus Watch 2 (L),15866,Smartwatch,Amazon,oneplus watch l,15866.0
OnePlus Watch 2 (L),17527,Smartwatch,Flipkart,oneplus watch l,17527.0
Realme Watch 4 Pro (XL),4193,Smartwatch,Amazon,realme watch pro xl,4193.0
Realme Watch 4 Pro (XL),4173,Smartwatch,Flipkart,realme watch pro xl,4173.0
Realme Watch 4 Pro - Blue (64GB),4155,Smartwatch,Amazon,realme watch pro blue gb,4155.0
Realme Watch 4 Pro - Blue (64GB),4032,Smartwatch,Flipkart,realme watch pro blue gb,4032.0
Realme Watch 4 Pro (64GB),4854,Smartwatch,Amazon,realme watch pro gb,4854.0
Realme Watch 4 Pro (64GB),3924,Smartwatch,Flipkart,realme watch pro gb,3924.0
GoPro Hero 12 (128GB),39543,Camera,Amazon,gopro hero gb,39543.0
GoPro Hero 12 (128GB),43262,Camera,Flipkart,gopro hero gb,43262.0
GoPro Hero 12 (L),38173,Camera,Amazon,gopro hero l,38173.0
GoPro Hero 12 (L),41940,Camera,Flipkart,gopro hero l,41940.0
GoPro Hero 12 - Green (512GB),38589,Camera,Amazon,gopro hero green gb,38589.0
GoPro Hero 12 - Green (512GB),44080,Camera,Flipkart,gopro hero green gb,44080.0
DJI Osmo Action 4 - Green (M),30308,Camera,Amazon,dji osmo action green m,30308.0
DJI Osmo Action 4 - Green (M),31983,Camera,Flipkart,dji osmo action green m,31983.0
DJI Osmo Action 4 - Silver (64GB),29357,Camera,Amazon,dji osmo action silver gb,29357.0
DJI Osmo Action 4 - Silver (64GB),32571,Camera,Flipkart,dji osmo action silver gb,32571.0
DJI Osmo Action 4 (L),28949,Camera,Amazon,dji osmo action l,28949.0
DJI Osmo Action 4 (L),34434,Camera,Flipkart,dji osmo action l,34434.0
DJI Osmo Action 4 (32GB),31910,Camera,Amazon,dji osmo action gb,31910.0
DJI Osmo Action 4 (32GB),33438,Camera,Flipkart,dji osmo action gb,33438.0
Canon EOS R6 (512GB),250398,Camera,Amazon,canon eos r gb,250398.0
Canon EOS R6 (512GB),260705,Camera,Flipkart,canon eos r gb,260705.0
Canon EOS R6 - Silver (1TB),249555,Camera,Amazon,canon eos r silver tb,249555.0
Canon EOS R6 - Silver (1TB),260914,Camera,Flipkart,canon eos r silver tb,260914.0
Canon EOS R6 (S),249476,Camera,Amazon,canon eos r s,249476.0
Canon EOS R6 (S),258435,Camera,Flipkart,canon eos r s,258435.0
Nikon Z9 - Red (XS),349246,Camera,Amazon,nikon z red xs,349246.0
Nikon Z9 - Red (XS),358026,Camera,Flipkart,nikon z red xs,358026.0
Nikon Z9 - Blue (XL),351949,Camera,Amazon,nikon z blue xl,351949.0
Nikon Z9 - Blue (XL),359630,Camera,Flipkart,nikon z blue xl,359630.0
Fujifilm X-T5 - Silver (M),120308,Camera,Amazon,fujifilm xt silver m,120308.0
Fujifilm X-T5 - Silver (M),123817,Camera,Flipkart,fujifilm xt silver m,123817.0
Fujifilm X-T5 - Green (128GB),119192,Camera,Amazon,fujifilm xt green gb,119192.0
Fujifilm X-T5 - Green (128GB),126403,Camera,Flipkart,fujifilm xt green gb,126403.0
Fujifilm X-T5 (XS),120593,Camera,Amazon,fujifilm xt xs,120593.0
Fujifilm X-T5 (XS),124239,Camera,Flipkart,fujifilm xt xs,124239.0
Fujifilm X-T5 (S),121231,Camera,Amazon,fujifilm xt s,121231.0
Fujifilm X-T5 (S),124543,Camera,Flipkart,fujifilm xt s,124543.0
Panasonic S5II - Silver (32GB),134015,Camera,Amazon,panasonic sii silver gb,134015.0
Panasonic S5II - Silver (32GB),140692,Camera,Flipkart,panasonic sii silver gb,140692.0
Panasonic S5II - Green (1TB),135305,Camera,Amazon,panasonic sii green tb,135305.0
Panasonic S5II - Green (1TB),140641,Camera,Flipkart,panasonic sii green tb,140641.0
DJI Air 3S (256GB),89404,Drone,Amazon,dji air s gb,89404.0
DJI Air 3S (256GB),95653,Drone,Flipkart,dji air s gb,95653.0
DJI Mini 3 Pro - White (M),50881,Drone,Amazon,dji mini pro white m,50881.0
DJI Mini 3 Pro - White (M),54311,Drone,Flipkart,dji mini pro white m,54311.0
DJI Avata 2 - Blue (L),65527,Drone,Amazon,dji avata blue l,65527.0
DJI Avata 2 - Blue (L),68705,Drone,Flipkart,dji avata blue l,68705.0
DJI Avata 2 (M),64249,Drone,Amazon,dji avata m,64249.0
DJI Avata 2 (M),68478,Drone,Flipkart,dji avata m,68478.0
DJI Avata 2 (M),63038,Drone,Amazon,dji avata m,63038.0
DJI Avata 2 (M),69983,Drone,Flipkart,dji avata m,69983.0
Skydio 2 - Silver (L),99124,Drone,Amazon,skydio silver l,99124.0
Skydio 2 - Silver (L),103919,Drone,Flipkart,skydio silver l,103919.0
Skydio 2 (64GB),98131,Drone,Amazon,skydio gb,98131.0
Skydio 2 (64GB),104841,Drone,Flipkart,skydio gb,104841.0
Nike Air Force 1 (512GB),7705,Shoes,Amazon,nike air force gb,7705.0
Nike Air Force 1 (512GB),7188,Shoes,Flipkart,nike air force gb,7188.0
Adidas Ultraboost 23 (XS),12318,Shoes,Amazon,adidas ultraboost xs,12318.0
Adidas Ultraboost 23 (XS),15892,Shoes,Flipkart,adidas ultraboost xs,15892.0
Adidas Ultraboost 23 - Blue (XS),13003,Shoes,Amazon,adidas ultraboost blue xs,13003.0
Adidas Ultraboost 23 - Blue (XS),13081,Shoes,Flipkart,adidas ultraboost blue xs,13081.0
Adidas Ultraboost 23 - White (S),12998,Shoes,Amazon,adidas ultraboost white s,12998.0
Adidas Ultraboost 23 - White (S),13839,Shoes,Flipkart,adidas ultraboost white s,13839.0
Adidas Ultraboost 23 - White (XS),13599,Shoes,Amazon,adidas ultraboost white xs,13599.0
Adidas Ultraboost 23 - White (XS),15219,Shoes,Flipkart,adidas ultraboost white xs,15219.0
Adidas Ultraboost 23 - Red (32GB),11533,Shoes,Amazon,adidas ultraboost red gb,11533.0
Adidas Ultraboost 23 - Red (32GB),14817,Shoes,Flipkart,adidas ultraboost red gb,14817.0
Puma RS-X (256GB),6806,Shoes,Amazon,puma rsx gb,6806.0
Puma RS-X (256GB),7868,Shoes,Flipkart,puma rsx gb,7868.0
Puma RS-X (128GB),7819,Shoes,Amazon,puma rsx gb,7819.0
Puma RS-X (128GB),9723,Shoes,Flipkart,puma rsx gb,9723.0
Puma RS-X - White (512GB),8580,Shoes,Amazon,puma rsx white gb,8580.0
Puma RS-X - White (512GB),9819,Shoes,Flipkart,puma rsx white gb,9819.0
Converse Chuck Taylor (32GB),3042,Shoes,Amazon,converse chuck taylor gb,3042.0
Converse Chuck Taylor (32GB),5930,Shoes,Flipkart,converse chuck taylor gb,5930.0
New Balance 990v6 - Green (S),13871,Shoes,Amazon,new balance v green s,13871.0
New Balance 990v6 - Green (S),17071,Shoes,Flipkart,new balance v green s,17071.0
Nike Air Max 90 - Blue (32GB),8015,Shoes,Amazon,nike air max blue gb,8015.0
Nike Air Max 90 - Blue (32GB),10265,Shoes,Flipkart,nike air max blue gb,10265.0
Adidas Stan Smith (64GB),4706,Shoes,Amazon,adidas stan smith gb,4706.0
Adidas Stan Smith (64GB),8123,Shoes,Flipkart,adidas stan smith gb,8123.0
Adidas Stan Smith (M),4162,Shoes,Amazon,adidas stan smith m,4162.0
Adidas Stan Smith (M),8777,Shoes,Flipkart,adidas stan smith m,8777.0
Adidas Stan Smith - Gold (128GB),5268,Shoes,Amazon,adidas stan smith gold gb,5268.0
Adidas Stan Smith - Gold (128GB),5322,Shoes,Flipkart,adidas stan smith gold gb,5322.0
Adidas Stan Smith (XL),6196,Shoes,Amazon,adidas stan smith xl,6196.0
Adidas Stan Smith (XL),6337,Shoes,Flipkart,adidas stan smith xl,6337.0
Saucony Ride 15 (32GB),12786,Shoes,Amazon,saucony ride gb,12786.0
Saucony Ride 15 (32GB),12278,Shoes,Flipkart,saucony ride gb,12278.0
Saucony Ride 15 - Blue (64GB),9518,Shoes,Amazon,saucony ride blue gb,9518.0
Saucony Ride 15 - Blue (64GB),13570,Shoes,Flipkart,saucony ride blue gb,13570.0
Saucony Ride 15 (512GB),12158,Shoes,Amazon,saucony ride gb,12158.0
Saucony Ride 15 (512GB),14184,Shoes,Flipkart,saucony ride gb,14184.0
Saucony Ride 15 (XL),11144,Shoes,Amazon,saucony ride xl,11144.0
Saucony Ride 15 (XL),10760,Shoes,Flipkart,saucony ride xl,10760.0
Asics Gel-Kayano (256GB),14083,Shoes,Amazon,asics gelkayano gb,14083.0
Asics Gel-Kayano (256GB),13509,Shoes,Flipkart,asics gelkayano gb,13509.0
Asics Gel-Kayano (128GB),12187,Shoes,Amazon,asics gelkayano gb,12187.0
Asics Gel-Kayano (128GB),15431,Shoes,Flipkart,asics gelkayano gb,15431.0
Asics Gel-Kayano (32GB),15693,Shoes,Amazon,asics gelkayano gb,15693.0
Asics Gel-Kayano (32GB),13714,Shoes,Flipkart,asics gelkayano gb,13714.0
Puma Future Z - Gold (M),13979,Shoes,Amazon,puma future z gold m,13979.0
Puma Future Z - Gold (M),13519,Shoes,Flipkart,puma future z gold m,13519.0
Nike React (128GB),7169,Shoes,Amazon,nike react gb,7169.0
Nike React (128GB),6974,Shoes,Flipkart,nike react gb,6974.0
Nike React (M),7913,Shoes,Amazon,nike react m,7913.0
Nike React (M),7145,Shoes,Flipkart,nike react m,7145.0
Nike React - Purple (64GB),6690,Shoes,Amazon,nike react purple gb,6690.0
Nike React - Purple (64GB),8869,Shoes,Flipkart,nike react purple gb,8869.0
Nike React (256GB),7324,Shoes,Amazon,nike react gb,7324.0
Nike React (256GB),6254,Shoes,Flipkart,nike react gb,6254.0
Nike React - Green (1TB),6193,Shoes,Amazon,nike react green tb,6193.0
Nike React - Green (1TB),7068,Shoes,Flipkart,nike react green tb,7068.0
Adidas NMD R1 (1TB),10507,Shoes,Amazon,adidas nmd r tb,10507.0
Adidas NMD R1 (1TB),9841,Shoes,Flipkart,adidas nmd r tb,9841.0
Vans Old Skool - Black (256GB),4059,Shoes,Amazon,vans old skool black gb,4059.0
Vans Old Skool - Black (256GB),7756,Shoes,Flipkart,vans old skool black gb,7756.0
Vans Old Skool (XS),6858,Shoes,Amazon,vans old skool xs,6858.0
Vans Old Skool (XS),5887,Shoes,Flipkart,vans old skool xs,5887.0
Vans Old Skool (32GB),3765,Shoes,Amazon,vans old skool gb,3765.0
Vans Old Skool (32GB),5125,Shoes,Flipkart,vans old skool gb,5125.0
Dr. Martens 1460 (M),16567,Shoes,Amazon,dr martens m,16567.0
Dr. Martens 1460 (M),17561,Shoes,Flipkart,dr martens m,17561.0
Dr. Martens 1460 - Black (1TB),16019,Shoes,Amazon,dr martens black tb,16019.0
Dr. Martens 1460 - Black (1TB),19582,Shoes,Flipkart,dr martens black tb,19582.0
Dr. Martens 1460 - Red (M),16963,Shoes,Amazon,dr martens red m,16963.0
Dr. Martens 1460 - Red (M),19229,Shoes,Flipkart,dr martens red m,19229.0
Dr. Martens 1460 (512GB),17444,Shoes,Amazon,dr martens gb,17444.0
Dr. Martens 1460 (512GB),17896,Shoes,Flipkart,dr martens gb,17896.0
Dr. Martens 1460 - Red (256GB),15238,Shoes,Amazon,dr martens red gb,15238.0
Dr. Martens 1460 - Red (256GB),20311,Shoes,Flipkart,dr martens red gb,20311.0
Dr. Martens 1460 (512GB),18988,Shoes,Amazon,dr martens gb,18988.0
Dr. Martens 1460 (512GB),17652,Shoes,Flipkart,dr martens gb,17652.0
Clarks Desert Boot - Black (256GB),8342,Shoes,Amazon,clarks desert boot black gb,8342.0
Clarks Desert Boot - Black (256GB),9739,Shoes,Flipkart,clarks desert boot black gb,9739.0
Clarks Desert Boot - Red (32GB),6301,Shoes,Amazon,clarks desert boot red gb,6301.0
Clarks Desert Boot - Red (32GB),9801,Shoes,Flipkart,clarks desert boot red gb,9801.0
Levi's 501 - Silver (M),1604,Jeans,Amazon,levis silver m,1604.0
Levi's 501 - Silver (M),3901,Jeans,Flipkart,levis silver m,3901.0
Levi's 501 - Red (XL),4524,Jeans,Amazon,levis red xl,4524.0
Levi's 501 - Red (XL),2993,Jeans,Flipkart,levis red xl,2993.0
Levi's 501 (XL),1557,Jeans,Amazon,levis xl,1557.0
Levi's 501 (XL),5496,Jeans,Flipkart,levis xl,5496.0
Levi's 501 - Silver (M),4933,Jeans,Amazon,levis silver m,4933.0
Levi's 501 - Silver (M),3494,Jeans,Flipkart,levis silver m,3494.0
Levi's 711 (L),4319,Jeans,Amazon,levis l,4319.0
Levi's 711 (L),3205,Jeans,Flipkart,levis l,3205.0
Levi's 711 - Gold (64GB),2802,Jeans,Amazon,levis gold gb,2802.0
Levi's 711 - Gold (64GB),5771,Jeans,Flipkart,levis gold gb,5771.0
Levi's 711 (256GB),5335,Jeans,Amazon,levis gb,5335.0
Levi's 711 (256GB),4031,Jeans,Flipkart,levis gb,4031.0
Levi's 711 (64GB),2919,Jeans,Amazon,levis gb,2919.0
Levi's 711 (64GB),3307,Jeans,Flipkart,levis gb,3307.0
Tommy Hilfiger Jeans (XL),2414,Jeans,Amazon,tommy hilfiger jeans xl,2414.0
Tommy Hilfiger Jeans (XL),5893,Jeans,Flipkart,tommy hilfiger jeans xl,5893.0
Lee Cooper Jeans - Green (128GB),3657,Jeans,Amazon,lee cooper jeans green gb,3657.0
Lee Cooper Jeans - Green (128GB),2476,Jeans,Flipkart,lee cooper jeans green gb,2476.0
Lee Cooper Jeans - Green (M),1355,Jeans,Amazon,lee cooper jeans green m,1355.0
Lee Cooper Jeans - Green (M),1340,Jeans,Flipkart,lee cooper jeans green m,1340.0
Wrangler Jeans (XL),1599,Jeans,Amazon,wrangler jeans xl,1599.0
Wrangler Jeans (XL),3310,Jeans,Flipkart,wrangler jeans xl,3310.0
Wrangler Jeans - Green (L),895,Jeans,Amazon,wrangler jeans green l,895.0
Wrangler Jeans - Green (L),1350,Jeans,Flipkart,wrangler jeans green l,1350.0
Gap Dark Blue Jeans - Gold (128GB),1007,Jeans,Amazon,gap dark blue jeans gold gb,1007.0
Gap Dark Blue Jeans - Gold (128GB),4686,Jeans,Flipkart,gap dark blue jeans gold gb,4686.0
Gap Dark Blue Jeans (256GB),473,Jeans,Amazon,gap dark blue jeans gb,473.0
Gap Dark Blue Jeans (256GB),2533,Jeans,Flipkart,gap dark blue jeans gb,2533.0
Gap Dark Blue Jeans (L),4055,Jeans,Amazon,gap dark blue jeans l,4055.0
Gap Dark Blue Jeans (L),4376,Jeans,Flipkart,gap dark blue jeans l,4376.0
Gap Dark Blue Jeans - White (L),906,Jeans,Amazon,gap dark blue jeans white l,906.0
Gap Dark Blue Jeans - White (L),3119,Jeans,Flipkart,gap dark blue jeans white l,3119.0
Forever 21 Skinny Jeans - Red (512GB),2217,Jeans,Amazon,forever skinny jeans red gb,2217.0
Forever 21 Skinny Jeans - Red (512GB),670,Jeans,Flipkart,forever skinny jeans red gb,670.0
Forever 21 Skinny Jeans (32GB),567,Jeans,Amazon,forever skinny jeans gb,567.0
Forever 21 Skinny Jeans (32GB),2181,Jeans,Flipkart,forever skinny jeans gb,2181.0
Forever 21 Skinny Jeans (XL),627,Jeans,Flipkart,forever skinny jeans xl,627.0
Forever 21 Skinny Jeans (1TB),1840,Jeans,Amazon,forever skinny jeans tb,1840.0
Forever 21 Skinny Jeans (1TB),1144,Jeans,Flipkart,forever skinny jeans tb,1144.0
Mango Straight Fit (512GB),4273,Jeans,Amazon,mango straight fit gb,4273.0
Mango Straight Fit (512GB),2624,Jeans,Flipkart,mango straight fit gb,2624.0
Mango Straight Fit - White (256GB),1872,Jeans,Amazon,mango straight fit white gb,1872.0
Mango Straight Fit - White (256GB),2247,Jeans,Flipkart,mango straight fit white gb,2247.0
Mango Straight Fit - Purple (1TB),1149,Jeans,Amazon,mango straight fit purple tb,1149.0
Mango Straight Fit - Purple (1TB),2329,Jeans,Flipkart,mango straight fit purple tb,2329.0
Mango Straight Fit (256GB),1702,Jeans,Amazon,mango straight fit gb,1702.0
Mango Straight Fit (256GB),4084,Jeans,Flipkart,mango straight fit gb,4084.0
Mango Straight Fit - Green (M),2408,Jeans,Amazon,mango straight fit green m,2408.0
Mango Straight Fit - Green (M),1964,Jeans,Flipkart,mango straight fit green m,1964.0
Mango Straight Fit (M),3505,Jeans,Amazon,mango straight fit m,3505.0
Mango Straight Fit (M),3174,Jeans,Flipkart,mango straight fit m,3174.0
Zara Premium Jeans (32GB),1617,Jeans,Amazon,zara premium jeans gb,1617.0
Zara Premium Jeans (32GB),2710,Jeans,Flipkart,zara premium jeans gb,2710.0
Zara Premium Jeans (256GB),2520,Jeans,Amazon,zara premium jeans gb,2520.0
Zara Premium Jeans (256GB),2134,Jeans,Flipkart,zara premium jeans gb,2134.0
Zara Premium Jeans - Green (64GB),2621,Jeans,Amazon,zara premium jeans green gb,2621.0
Zara Premium Jeans - Green (64GB),3507,Jeans,Flipkart,zara premium jeans green gb,3507.0
Zara Premium Jeans (64GB),2931,Jeans,Amazon,zara premium jeans gb,2931.0
Zara Premium Jeans (64GB),3409,Jeans,Flipkart,zara premium jeans gb,3409.0
Zara Premium Jeans - Gold (XL),3842,Jeans,Amazon,zara premium jeans gold xl,3842.0
Zara Premium Jeans - Gold (XL),5193,Jeans,Flipkart,zara premium jeans gold xl,5193.0
Zara Premium Jeans - Black (XL),2345,Jeans,Amazon,zara premium jeans black xl,2345.0
Zara Premium Jeans - Black (XL),3101,Jeans,Flipkart,zara premium jeans black xl,3101.0
H&M Slim Jeans (512GB),2979,Jeans,Amazon,hm slim jeans gb,2979.0
H&M Slim Jeans (512GB),133,Jeans,Flipkart,hm slim jeans gb,133.0
Tommy Hilfiger Polo (S),2431,Shirt,Amazon,tommy hilfiger polo s,2431.0
Tommy Hilfiger Polo (S),2993,Shirt,Flipkart,tommy hilfiger polo s,2993.0
Tommy Hilfiger Polo - Red (512GB),260,Shirt,Amazon,tommy hilfiger polo red gb,260.0
Tommy Hilfiger Polo - Red (512GB),1876,Shirt,Flipkart,tommy hilfiger polo red gb,1876.0
Lacoste Classic Polo (L),6713,Shirt,Amazon,lacoste classic polo l,6713.0
Lacoste Classic Polo (L),5213,Shirt,Flipkart,lacoste classic polo l,5213.0
Lacoste Classic Polo - Red (256GB),5899,Shirt,Amazon,lacoste classic polo red gb,5899.0
Lacoste Classic Polo - Red (256GB),5842,Shirt,Flipkart,lacoste classic polo red gb,5842.0
Lacoste Classic Polo - Purple (XL),5810,Shirt,Amazon,lacoste classic polo purple xl,5810.0
Lacoste Classic Polo - Purple (XL),5688,Shirt,Flipkart,lacoste classic polo purple xl,5688.0
Lacoste Classic Polo (128GB),3523,Shirt,Amazon,lacoste classic polo gb,3523.0
Lacoste Classic Polo (128GB),6533,Shirt,Flipkart,lacoste classic polo gb,6533.0
Ralph Lauren Polo (1TB),8047,Shirt,Amazon,ralph lauren polo tb,8047.0
Ralph Lauren Polo (1TB),9068,Shirt,Flipkart,ralph lauren polo tb,9068.0
Ralph Lauren Polo - Purple (S),6521,Shirt,Amazon,ralph lauren polo purple s,6521.0
Ralph Lauren Polo - Purple (S),6566,Shirt,Flipkart,ralph lauren polo purple s,6566.0
Ralph Lauren Polo (M),5795,Shirt,Amazon,ralph lauren polo m,5795.0
Ralph Lauren Polo (M),7548,Shirt,Flipkart,ralph lauren polo m,7548.0
Ralph Lauren Polo (128GB),6221,Shirt,Amazon,ralph lauren polo gb,6221.0
Ralph Lauren Polo (128GB),7191,Shirt,Flipkart,ralph lauren polo gb,7191.0
Wrangler Shirt - Silver (S),85,Shirt,Amazon,wrangler shirt silver s,85.0
Wrangler Shirt - Silver (S),1194,Shirt,Flipkart,wrangler shirt silver s,1194.0
Wrangler Shirt - Red (32GB),861,Shirt,Amazon,wrangler shirt red gb,861.0
Wrangler Shirt - Red (32GB),2483,Shirt,Flipkart,wrangler shirt red gb,2483.0
Wrangler Shirt (L),1350,Shirt,Amazon,wrangler shirt l,1350.0
Wrangler Shirt (L),1019,Shirt,Flipkart,wrangler shirt l,1019.0
Wrangler Shirt (64GB),2630,Shirt,Amazon,wrangler shirt gb,2630.0
Wrangler Shirt (64GB),547,Shirt,Flipkart,wrangler shirt gb,547.0
Wrangler Shirt - Black (M),1685,Shirt,Amazon,wrangler shirt black m,1685.0
Wrangler Shirt - Black (M),715,Shirt,Flipkart,wrangler shirt black m,715.0
Levi's Casual Shirt (128GB),2445,Shirt,Amazon,levis casual shirt gb,2445.0
Levi's Casual Shirt (128GB),2182,Shirt,Flipkart,levis casual shirt gb,2182.0
Levi's Casual Shirt (128GB),1702,Shirt,Amazon,levis casual shirt gb,1702.0
Levi's Casual Shirt (128GB),4491,Shirt,Flipkart,levis casual shirt gb,4491.0
Levi's Casual Shirt - Gold (L),1217,Shirt,Amazon,levis casual shirt gold l,1217.0
Levi's Casual Shirt - Gold (L),3777,Shirt,Flipkart,levis casual shirt gold l,3777.0
Van Heusen Formal (32GB),591,Shirt,Amazon,van heusen formal gb,591.0
Van Heusen Formal (32GB),903,Shirt,Flipkart,van heusen formal gb,903.0
Van Heusen Formal (32GB),95,Shirt,Amazon,van heusen formal gb,95.0
Van Heusen Formal (32GB),3110,Shirt,Flipkart,van heusen formal gb,3110.0
Van Heusen Formal (512GB),3113,Shirt,Amazon,van heusen formal gb,3113.0
Van Heusen Formal (512GB),834,Shirt,Flipkart,van heusen formal gb,834.0
Peter England Shirt (64GB),653,Shirt,Amazon,peter england shirt gb,653.0
Peter England Shirt (64GB),659,Shirt,Flipkart,peter england shirt gb,659.0
Peter England Shirt - Silver (M),2720,Shirt,Amazon,peter england shirt silver m,2720.0
Peter England Shirt - Silver (M),2050,Shirt,Flipkart,peter england shirt silver m,2050.0
Peter England Shirt - Blue (S),2662,Shirt,Flipkart,peter england shirt blue s,2662.0
Peter England Shirt (64GB),2582,Shirt,Amazon,peter england shirt gb,2582.0
Peter England Shirt (64GB),2471,Shirt,Flipkart,peter england shirt gb,2471.0
Peter England Shirt - Black (XL),2785,Shirt,Amazon,peter england shirt black xl,2785.0
Peter England Shirt - Black (XL),2804,Shirt,Flipkart,peter england shirt black xl,2804.0
Arrow Formal Shirt - Purple (XL),1468,Shirt,Amazon,arrow formal shirt purple xl,1468.0
Arrow Formal Shirt - Purple (XL),1112,Shirt,Flipkart,arrow formal shirt purple xl,1112.0
Arrow Formal Shirt - Red (XL),1393,Shirt,Amazon,arrow formal shirt red xl,1393.0
Arrow Formal Shirt - Red (XL),741,Shirt,Flipkart,arrow formal shirt red xl,741.0
U.S. Polo Assn. (M),3181,Shirt,Amazon,us polo assn m,3181.0
U.S. Polo Assn. (M),2286,Shirt,Flipkart,us polo assn m,2286.0
U.S. Polo Assn. - Gold (XL),3642,Shirt,Amazon,us polo assn gold xl,3642.0
U.S. Polo Assn. - Gold (XL),4044,Shirt,Flipkart,us polo assn gold xl,4044.0
U.S. Polo Assn. (XL),3475,Shirt,Amazon,us polo assn xl,3475.0
U.S. Polo Assn. (XL),2017,Shirt,Flipkart,us polo assn xl,2017.0
U.S. Polo Assn. - Purple (128GB),4326,Shirt,Amazon,us polo assn purple gb,4326.0
U.S. Polo Assn. - Purple (128GB),1641,Shirt,Flipkart,us polo assn purple gb,1641.0
Uniqlo T-Shirt (XS),1075,T-Shirt,Flipkart,uniqlo tshirt xs,1075.0
Uniqlo T-Shirt - Black (L),487,T-Shirt,Amazon,uniqlo tshirt black l,487.0
Uniqlo T-Shirt - Gold (S),2744,T-Shirt,Amazon,uniqlo tshirt gold s,2744.0
Uniqlo T-Shirt - Gold (S),1534,T-Shirt,Flipkart,uniqlo tshirt gold s,1534.0
H&M Graphic Tee (L),2057,T-Shirt,Amazon,hm graphic tee l,2057.0
H&M Graphic Tee (L),660,T-Shirt,Flipkart,hm graphic tee l,660.0
H&M Graphic Tee (S),130,T-Shirt,Amazon,hm graphic tee s,130.0
H&M Graphic Tee (S),1674,T-Shirt,Flipkart,hm graphic tee s,1674.0
Forever 21 Tee - White (S),96,T-Shirt,Amazon,forever tee white s,96.0
Forever 21 Tee - Silver (32GB),272,T-Shirt,Amazon,forever tee silver gb,272.0
Forever 21 Tee - Silver (32GB),1296,T-Shirt,Flipkart,forever tee silver gb,1296.0
Forever 21 Tee (L),571,T-Shirt,Amazon,forever tee l,571.0
Forever 21 Tee (L),1614,T-Shirt,Flipkart,forever tee l,1614.0
Forever 21 Tee - Silver (128GB),377,T-Shirt,Amazon,forever tee silver gb,377.0
Forever 21 Tee - Silver (128GB),2385,T-Shirt,Flipkart,forever tee silver gb,2385.0
Zara Basic Tee - Blue (M),589,T-Shirt,Amazon,zara basic tee blue m,589.0
Zara Basic Tee - Blue (M),1666,T-Shirt,Flipkart,zara basic tee blue m,1666.0
ONLY Women's Tee - Blue (XS),1807,T-Shirt,Amazon,only womens tee blue xs,1807.0
ONLY Women's Tee - Blue (XS),808,T-Shirt,Flipkart,only womens tee blue xs,808.0
ONLY Women's Tee - Gold (32GB),1927,T-Shirt,Flipkart,only womens tee gold gb,1927.0
ONLY Women's Tee (XL),368,T-Shirt,Amazon,only womens tee xl,368.0
ONLY Women's Tee (XL),2433,T-Shirt,Flipkart,only womens tee xl,2433.0
ONLY Women's Tee - Blue (32GB),2111,T-Shirt,Amazon,only womens tee blue gb,2111.0
ONLY Women's Tee - Blue (32GB),2362,T-Shirt,Flipkart,only womens tee blue gb,2362.0
ONLY Women's Tee (XL),2693,T-Shirt,Amazon,only womens tee xl,2693.0
ONLY Women's Tee (XL),661,T-Shirt,Flipkart,only womens tee xl,661.0
ONLY Women's Tee - Black (256GB),179,T-Shirt,Amazon,only womens tee black gb,179.0
ONLY Women's Tee - Black (256GB),3055,T-Shirt,Flipkart,only womens tee black gb,3055.0
Mango Casual Tee - Purple (XL),2257,T-Shirt,Amazon,mango casual tee purple xl,2257.0
Mango Casual Tee - Purple (XL),2097,T-Shirt,Flipkart,mango casual tee purple xl,2097.0
Mango Casual Tee - Gold (256GB),1585,T-Shirt,Amazon,mango casual tee gold gb,1585.0
Mango Casual Tee - Gold (256GB),1805,T-Shirt,Flipkart,mango casual tee gold gb,1805.0
Mango Casual Tee (128GB),737,T-Shirt,Flipkart,mango casual tee gb,737.0
Mango Casual Tee (L),2538,T-Shirt,Amazon,mango casual tee l,2538.0
Mango Casual Tee (1TB),1044,T-Shirt,Amazon,mango casual tee tb,1044.0
Mango Casual Tee (1TB),1152,T-Shirt,Flipkart,mango casual tee tb,1152.0
Gap Logo Tee (L),166,T-Shirt,Amazon,gap logo tee l,166.0
Gap Logo Tee (L),774,T-Shirt,Flipkart,gap logo tee l,774.0
Gap Logo Tee (XS),2876,T-Shirt,Flipkart,gap logo tee xs,2876.0
Adidas Essentials Tee (M),2882,T-Shirt,Amazon,adidas essentials tee m,2882.0
Adidas Essentials Tee - Gold (256GB),1183,T-Shirt,Amazon,adidas essentials tee gold gb,1183.0
Adidas Essentials Tee - Green (64GB),1201,T-Shirt,Amazon,adidas essentials tee green gb,1201.0
Adidas Essentials Tee - Green (64GB),2693,T-Shirt,Flipkart,adidas essentials tee green gb,2693.0
Nike Swoosh Tee (512GB),330,T-Shirt,Amazon,nike swoosh tee gb,330.0
Nike Swoosh Tee (512GB),1784,T-Shirt,Flipkart,nike swoosh tee gb,1784.0
Nike Swoosh Tee - White (L),2126,T-Shirt,Flipkart,nike swoosh tee white l,2126.0
Nike Swoosh Tee - Red (64GB),2369,T-Shirt,Flipkart,nike swoosh tee red gb,2369.0
Calvin Klein Tee - Red (32GB),3632,T-Shirt,Amazon,calvin klein tee red gb,3632.0
Calvin Klein Tee - Red (32GB),4043,T-Shirt,Flipkart,calvin klein tee red gb,4043.0
Calvin Klein Tee (1TB),347,T-Shirt,Amazon,calvin klein tee tb,347.0
Calvin Klein Tee (1TB),1547,T-Shirt,Flipkart,calvin klein tee tb,1547.0
Diesel Jacket - Black (M),10747,Jacket,Amazon,diesel jacket black m,10747.0
Diesel Jacket - Black (M),12774,Jacket,Flipkart,diesel jacket black m,12774.0
Diesel Jacket - Blue (512GB),9888,Jacket,Amazon,diesel jacket blue gb,9888.0
Diesel Jacket - Blue (512GB),12139,Jacket,Flipkart,diesel jacket blue gb,12139.0
Diesel Jacket - Purple (1TB),8401,Jacket,Amazon,diesel jacket purple tb,8401.0
Diesel Jacket - Purple (1TB),10307,Jacket,Flipkart,diesel jacket purple tb,10307.0
Tommy Hilfiger Jacket - Red (S),5471,Jacket,Amazon,tommy hilfiger jacket red s,5471.0
Tommy Hilfiger Jacket - Red (S),5549,Jacket,Flipkart,tommy hilfiger jacket red s,5549.0
Tommy Hilfiger Jacket - Blue (128GB),4718,Jacket,Amazon,tommy hilfiger jacket blue gb,4718.0
Tommy Hilfiger Jacket - Blue (128GB),7643,Jacket,Flipkart,tommy hilfiger jacket blue gb,7643.0
Zara Blazer - White (32GB),2803,Jacket,Amazon,zara blazer white gb,2803.0
Zara Blazer - White (32GB),3577,Jacket,Flipkart,zara blazer white gb,3577.0
Zara Blazer - Green (256GB),5478,Jacket,Amazon,zara blazer green gb,5478.0
Zara Blazer - Green (256GB),4576,Jacket,Flipkart,zara blazer green gb,4576.0
Zara Blazer - Purple (128GB),5711,Jacket,Amazon,zara blazer purple gb,5711.0
Zara Blazer - Purple (128GB),2649,Jacket,Flipkart,zara blazer purple gb,2649.0
Zara Blazer (512GB),3497,Jacket,Amazon,zara blazer gb,3497.0
Zara Blazer (512GB),4106,Jacket,Flipkart,zara blazer gb,4106.0
Zara Blazer - Silver (128GB),4055,Jacket,Amazon,zara blazer silver gb,4055.0
Zara Blazer - Silver (128GB),2542,Jacket,Flipkart,zara blazer silver gb,2542.0
Zara Blazer (XL),3826,Jacket,Amazon,zara blazer xl,3826.0
Zara Blazer (XL),3151,Jacket,Flipkart,zara blazer xl,3151.0
Zara Blazer (1TB),5571,Jacket,Amazon,zara blazer tb,5571.0
Zara Blazer (1TB),6462,Jacket,Flipkart,zara blazer tb,6462.0
H&M Bomber Jacket - Black (1TB),4758,Jacket,Amazon,hm bomber jacket black tb,4758.0
H&M Bomber Jacket - Black (1TB),3361,Jacket,Flipkart,hm bomber jacket black tb,3361.0
H&M Bomber Jacket - Blue (512GB),1421,Jacket,Amazon,hm bomber jacket blue gb,1421.0
H&M Bomber Jacket - Blue (512GB),4381,Jacket,Flipkart,hm bomber jacket blue gb,4381.0
H&M Bomber Jacket - Green (1TB),3369,Jacket,Amazon,hm bomber jacket green tb,3369.0
H&M Bomber Jacket - Green (1TB),3728,Jacket,Flipkart,hm bomber jacket green tb,3728.0
Mango Leather Jacket - White (XS),6643,Jacket,Amazon,mango leather jacket white xs,6643.0
Mango Leather Jacket - White (XS),8482,Jacket,Flipkart,mango leather jacket white xs,8482.0
Mango Leather Jacket - Purple (S),9321,Jacket,Amazon,mango leather jacket purple s,9321.0
Mango Leather Jacket - Purple (S),8351,Jacket,Flipkart,mango leather jacket purple s,8351.0
Mango Leather Jacket (32GB),6862,Jacket,Amazon,mango leather jacket gb,6862.0
Mango Leather Jacket (32GB),9418,Jacket,Flipkart,mango leather jacket gb,9418.0
Mango Leather Jacket (L),7056,Jacket,Amazon,mango leather jacket l,7056.0
Mango Leather Jacket (L),10777,Jacket,Flipkart,mango leather jacket l,10777.0
Mango Leather Jacket - Blue (256GB),9969,Jacket,Amazon,mango leather jacket blue gb,9969.0
Mango Leather Jacket - Blue (256GB),9307,Jacket,Flipkart,mango leather jacket blue gb,9307.0
Forever 21 Denim Jacket - Green (L),3519,Jacket,Amazon,forever denim jacket green l,3519.0
Forever 21 Denim Jacket - Green (L),4223,Jacket,Flipkart,forever denim jacket green l,4223.0
Forever 21 Denim Jacket (32GB),393,Jacket,Amazon,forever denim jacket gb,393.0
Forever 21 Denim Jacket (32GB),1225,Jacket,Flipkart,forever denim jacket gb,1225.0
Levi's Denim Jacket - Black (XL),3532,Jacket,Amazon,levis denim jacket black xl,3532.0
Levi's Denim Jacket - Black (XL),7193,Jacket,Flipkart,levis denim jacket black xl,7193.0
Levi's Denim Jacket - Red (M),5658,Jacket,Amazon,levis denim jacket red m,5658.0
Levi's Denim Jacket - Red (M),5266,Jacket,Flipkart,levis denim jacket red m,5266.0
Levi's Denim Jacket - Purple (XS),4756,Jacket,Amazon,levis denim jacket purple xs,4756.0
Levi's Denim Jacket - Purple (XS),4438,Jacket,Flipkart,levis denim jacket purple xs,4438.0
Levi's Denim Jacket (XS),4535,Jacket,Amazon,levis denim jacket xs,4535.0
Levi's Denim Jacket (XS),6180,Jacket,Flipkart,levis denim jacket xs,6180.0
Levi's Denim Jacket (512GB),4482,Jacket,Amazon,levis denim jacket gb,4482.0
Levi's Denim Jacket (512GB),3935,Jacket,Flipkart,levis denim jacket gb,3935.0
Levi's Denim Jacket - Red (XL),4069,Jacket,Amazon,levis denim jacket red xl,4069.0
Levi's Denim Jacket - Red (XL),7000,Jacket,Flipkart,levis denim jacket red xl,7000.0
Columbia Windbreaker (S),5591,Jacket,Amazon,columbia windbreaker s,5591.0
Columbia Windbreaker (S),4033,Jacket,Flipkart,columbia windbreaker s,4033.0
Columbia Windbreaker (128GB),3755,Jacket,Amazon,columbia windbreaker gb,3755.0
Columbia Windbreaker (128GB),5565,Jacket,Flipkart,columbia windbreaker gb,5565.0
The North Face - Blue (L),8640,Jacket,Amazon,the north face blue l,8640.0
The North Face - Blue (L),11013,Jacket,Flipkart,the north face blue l,11013.0
The North Face - Silver (S),7234,Jacket,Amazon,the north face silver s,7234.0
The North Face - Silver (S),12372,Jacket,Flipkart,the north face silver s,12372.0
The North Face - Gold (XL),10210,Jacket,Amazon,the north face gold xl,10210.0
The North Face - Gold (XL),10954,Jacket,Flipkart,the north face gold xl,10954.0
The North Face - Black (64GB),8617,Jacket,Amazon,the north face black gb,8617.0
The North Face - Black (64GB),10159,Jacket,Flipkart,the north face black gb,10159.0
Allen Solly Kurta (S),2839,Kurta,Amazon,allen solly kurta s,2839.0
Allen Solly Kurta (S),931,Kurta,Flipkart,allen solly kurta s,931.0
Allen Solly Kurta - Blue (L),3087,Kurta,Flipkart,allen solly kurta blue l,3087.0
W Ethnic Kurta - Purple (1TB),2142,Kurta,Amazon,w ethnic kurta purple tb,2142.0
W Ethnic Kurta - Purple (1TB),1412,Kurta,Flipkart,w ethnic kurta purple tb,1412.0
W Ethnic Kurta - Gold (256GB),1166,Kurta,Flipkart,w ethnic kurta gold gb,1166.0
Fabindia Traditional Kurta (512GB),2250,Kurta,Amazon,fabindia traditional kurta gb,2250.0
Fabindia Traditional Kurta (512GB),1984,Kurta,Flipkart,fabindia traditional kurta gb,1984.0
Fabindia Traditional Kurta (128GB),1129,Kurta,Amazon,fabindia traditional kurta gb,1129.0
Fabindia Traditional Kurta (128GB),4118,Kurta,Flipkart,fabindia traditional kurta gb,4118.0
Global Desi Kurta - Red (S),3822,Kurta,Amazon,global desi kurta red s,3822.0
Global Desi Kurta - Red (S),372,Kurta,Flipkart,global desi kurta red s,372.0
Global Desi Kurta (S),2261,Kurta,Amazon,global desi kurta s,2261.0
Global Desi Kurta (S),724,Kurta,Flipkart,global desi kurta s,724.0
Global Desi Kurta - Purple (M),3423,Kurta,Amazon,global desi kurta purple m,3423.0
Global Desi Kurta - Purple (M),3010,Kurta,Flipkart,global desi kurta purple m,3010.0
Global Desi Kurta - Black (XS),1783,Kurta,Amazon,global desi kurta black xs,1783.0
Global Desi Kurta - Black (XS),1491,Kurta,Flipkart,global desi kurta black xs,1491.0
Global Desi Kurta (512GB),2278,Kurta,Amazon,global desi kurta gb,2278.0
Global Desi Kurta (512GB),611,Kurta,Flipkart,global desi kurta gb,611.0
Sarojini Silk Kurta - Red (512GB),3715,Kurta,Amazon,sarojini silk kurta red gb,3715.0
Sarojini Silk Kurta - Red (512GB),5369,Kurta,Flipkart,sarojini silk kurta red gb,5369.0
Sarojini Silk Kurta - Gold (512GB),3845,Kurta,Amazon,sarojini silk kurta gold gb,3845.0
Sarojini Silk Kurta - Gold (512GB),3235,Kurta,Flipkart,sarojini silk kurta gold gb,3235.0
Sarojini Silk Kurta - Purple (128GB),5275,Kurta,Amazon,sarojini silk kurta purple gb,5275.0
Sarojini Silk Kurta - Purple (128GB),6427,Kurta,Flipkart,sarojini silk kurta purple gb,6427.0
Sarojini Silk Kurta (XL),3725,Kurta,Amazon,sarojini silk kurta xl,3725.0
Sarojini Silk Kurta (XL),4545,Kurta,Flipkart,sarojini silk kurta xl,4545.0
Kalki Fashion Kurta (L),2685,Kurta,Amazon,kalki fashion kurta l,2685.0
Kalki Fashion Kurta (L),1795,Kurta,Flipkart,kalki fashion kurta l,1795.0
Kalki Fashion Kurta - Silver (512GB),1813,Kurta,Amazon,kalki fashion kurta silver gb,1813.0
Kalki Fashion Kurta - Silver (512GB),3661,Kurta,Flipkart,kalki fashion kurta silver gb,3661.0
Kalki Fashion Kurta - Purple (S),2453,Kurta,Amazon,kalki fashion kurta purple s,2453.0
Kalki Fashion Kurta - Purple (S),2630,Kurta,Flipkart,kalki fashion kurta purple s,2630.0
Kalki Fashion Kurta (L),4307,Kurta,Amazon,kalki fashion kurta l,4307.0
Kalki Fashion Kurta (L),5102,Kurta,Flipkart,kalki fashion kurta l,5102.0
LG 450L (1TB),36478,Refrigerator,Amazon,lg l tb,36478.0
LG 450L (1TB),40639,Refrigerator,Flipkart,lg l tb,40639.0
LG 450L (XL),34752,Refrigerator,Amazon,lg l xl,34752.0
LG 450L (XL),41497,Refrigerator,Flipkart,lg l xl,41497.0
LG 450L (S),35625,Refrigerator,Amazon,lg l s,35625.0
LG 450L (S),38420,Refrigerator,Flipkart,lg l s,38420.0
LG 450L (64GB),37132,Refrigerator,Amazon,lg l gb,37132.0
LG 450L (64GB),38339,Refrigerator,Flipkart,lg l gb,38339.0
Samsung 453L - Purple (XL),40883,Refrigerator,Amazon,samsung l purple xl,40883.0
Samsung 453L - Purple (XL),43856,Refrigerator,Flipkart,samsung l purple xl,43856.0
Samsung 453L (M),40592,Refrigerator,Amazon,samsung l m,40592.0
Samsung 453L (M),43309,Refrigerator,Flipkart,samsung l m,43309.0
Whirlpool 440L - Gold (M),34136,Refrigerator,Amazon,whirlpool l gold m,34136.0
Whirlpool 440L - Gold (M),36762,Refrigerator,Flipkart,whirlpool l gold m,36762.0
Whirlpool 440L (XS),32615,Refrigerator,Amazon,whirlpool l xs,32615.0
Whirlpool 440L (XS),36022,Refrigerator,Flipkart,whirlpool l xs,36022.0
Godrej 411L (S),28864,Refrigerator,Amazon,godrej l s,28864.0
Godrej 411L (S),33529,Refrigerator,Flipkart,godrej l s,33529.0
Godrej 411L (128GB),30240,Refrigerator,Amazon,godrej l gb,30240.0
Godrej 411L (128GB),31128,Refrigerator,Flipkart,godrej l gb,31128.0
Haier 410L - Blue (32GB),25742,Refrigerator,Amazon,haier l blue gb,25742.0
Haier 410L - Blue (32GB),29786,Refrigerator,Flipkart,haier l blue gb,29786.0
Haier 410L (256GB),28992,Refrigerator,Amazon,haier l gb,28992.0
Haier 410L (256GB),30813,Refrigerator,Flipkart,haier l gb,30813.0
Bosch 345L - Silver (32GB),31936,Refrigerator,Amazon,bosch l silver gb,31936.0
Bosch 345L - Silver (32GB),33277,Refrigerator,Flipkart,bosch l silver gb,33277.0
Bosch 345L (XL),30614,Refrigerator,Amazon,bosch l xl,30614.0
Bosch 345L (XL),33222,Refrigerator,Flipkart,bosch l xl,33222.0
Bosch 345L (1TB),28891,Refrigerator,Amazon,bosch l tb,28891.0
Bosch 345L (1TB),35985,Refrigerator,Flipkart,bosch l tb,35985.0
Bosch 345L - Purple (128GB),28994,Refrigerator,Amazon,bosch l purple gb,28994.0
Bosch 345L - Purple (128GB),32035,Refrigerator,Flipkart,bosch l purple gb,32035.0
Bosch 345L - Red (S),28952,Refrigerator,Amazon,bosch l red s,28952.0
Bosch 345L - Red (S),33296,Refrigerator,Flipkart,bosch l red s,33296.0
IFB 465L - Red (512GB),38789,Refrigerator,Amazon,ifb l red gb,38789.0
IFB 465L - Red (512GB),42086,Refrigerator,Flipkart,ifb l red gb,42086.0
IFB 465L (XS),39502,Refrigerator,Amazon,ifb l xs,39502.0
IFB 465L (XS),43858,Refrigerator,Flipkart,ifb l xs,43858.0
IFB 465L - Red (256GB),41004,Refrigerator,Amazon,ifb l red gb,41004.0
IFB 465L - Red (256GB),42758,Refrigerator,Flipkart,ifb l red gb,42758.0
IFB 465L (XS),39312,Refrigerator,Amazon,ifb l xs,39312.0
IFB 465L (XS),44952,Refrigerator,Flipkart,ifb l xs,44952.0
IFB 465L - Silver (1TB),38776,Refrigerator,Amazon,ifb l silver tb,38776.0
IFB 465L - Silver (1TB),44145,Refrigerator,Flipkart,ifb l silver tb,44145.0
Electrolux 420L - Green (M),33129,Refrigerator,Amazon,electrolux l green m,33129.0
Electrolux 420L - Green (M),39337,Refrigerator,Flipkart,electrolux l green m,39337.0
Electrolux 420L (256GB),35480,Refrigerator,Amazon,electrolux l gb,35480.0
Electrolux 420L (256GB),39939,Refrigerator,Flipkart,electrolux l gb,39939.0
Electrolux 420L (XS),35616,Refrigerator,Amazon,electrolux l xs,35616.0
Electrolux 420L (XS),37247,Refrigerator,Flipkart,electrolux l xs,37247.0
Midea 450L (M),26252,Refrigerator,Amazon,midea l m,26252.0
Midea 450L (M),29900,Refrigerator,Flipkart,midea l m,29900.0
Midea 450L - Red (XL),25285,Refrigerator,Amazon,midea l red xl,25285.0
Midea 450L - Red (XL),28699,Refrigerator,Flipkart,midea l red xl,28699.0
Midea 450L (M),24748,Refrigerator,Amazon,midea l m,24748.0
Midea 450L (M),30615,Refrigerator,Flipkart,midea l m,30615.0
Realme 650L - Purple (1TB),23066,Refrigerator,Amazon,realme l purple tb,23066.0
Realme 650L - Purple (1TB),26381,Refrigerator,Flipkart,realme l purple tb,26381.0
Realme 650L - Green (XS),23252,Refrigerator,Amazon,realme l green xs,23252.0
Realme 650L - Green (XS),26328,Refrigerator,Flipkart,realme l green xs,26328.0
Realme 650L (256GB),24645,Refrigerator,Amazon,realme l gb,24645.0
Realme 650L (256GB),26235,Refrigerator,Flipkart,realme l gb,26235.0
Samsung 7kg - Blue (M),25087,Washing Machine,Amazon,samsung kg blue m,25087.0
Samsung 7kg - Blue (M),31159,Washing Machine,Flipkart,samsung kg blue m,31159.0
Samsung 7kg - Gold (1TB),26229,Washing Machine,Amazon,samsung kg gold tb,26229.0
Samsung 7kg - Gold (1TB),28375,Washing Machine,Flipkart,samsung kg gold tb,28375.0
Samsung 7kg (L),28246,Washing Machine,Amazon,samsung kg l,28246.0
Samsung 7kg (L),29975,Washing Machine,Flipkart,samsung kg l,29975.0
Samsung 7kg (32GB),28355,Washing Machine,Amazon,samsung kg gb,28355.0
Samsung 7kg (32GB),31716,Washing Machine,Flipkart,samsung kg gb,31716.0
LG 7kg (1TB),27309,Washing Machine,Amazon,lg kg tb,27309.0
LG 7kg (1TB),29359,Washing Machine,Flipkart,lg kg tb,29359.0
LG 7kg - Green (64GB),25424,Washing Machine,Amazon,lg kg green gb,25424.0
LG 7kg - Green (64GB),30602,Washing Machine,Flipkart,lg kg green gb,30602.0
LG 7kg (L),27561,Washing Machine,Amazon,lg kg l,27561.0
LG 7kg (L),30154,Washing Machine,Flipkart,lg kg l,30154.0
Whirlpool 7kg (64GB),24180,Washing Machine,Amazon,whirlpool kg gb,24180.0
Whirlpool 7kg (64GB),25760,Washing Machine,Flipkart,whirlpool kg gb,25760.0
Whirlpool 7kg (512GB),21779,Washing Machine,Amazon,whirlpool kg gb,21779.0
Whirlpool 7kg (512GB),25312,Washing Machine,Flipkart,whirlpool kg gb,25312.0
Whirlpool 7kg - Purple (S),21692,Washing Machine,Amazon,whirlpool kg purple s,21692.0
Whirlpool 7kg - Purple (S),25431,Washing Machine,Flipkart,whirlpool kg purple s,25431.0
Whirlpool 7kg - Gold (128GB),21182,Washing Machine,Amazon,whirlpool kg gold gb,21182.0
Whirlpool 7kg - Gold (128GB),27784,Washing Machine,Flipkart,whirlpool kg gold gb,27784.0
Whirlpool 7kg - White (256GB),24102,Washing Machine,Amazon,whirlpool kg white gb,24102.0
Whirlpool 7kg - White (256GB),26982,Washing Machine,Flipkart,whirlpool kg white gb,26982.0
Godrej 6.5kg - Red (32GB),19110,Washing Machine,Amazon,godrej kg red gb,19110.0
Godrej 6.5kg - Red (32GB),23714,Washing Machine,Flipkart,godrej kg red gb,23714.0
Godrej 6.5kg - White (S),19558,Washing Machine,Amazon,godrej kg white s,19558.0
Godrej 6.5kg - White (S),23081,Washing Machine,Flipkart,godrej kg white s,23081.0
Bosch 7kg (1TB),30048,Washing Machine,Amazon,bosch kg tb,30048.0
Bosch 7kg (1TB),31642,Washing Machine,Flipkart,bosch kg tb,31642.0
Bosch 7kg (M),29559,Washing Machine,Amazon,bosch kg m,29559.0
Bosch 7kg (M),32237,Washing Machine,Flipkart,bosch kg m,32237.0
Bosch 7kg - Black (512GB),28584,Washing Machine,Amazon,bosch kg black gb,28584.0
Bosch 7kg - Black (512GB),34646,Washing Machine,Flipkart,bosch kg black gb,34646.0
IFB 7kg - Gold (512GB),30538,Washing Machine,Amazon,ifb kg gold gb,30538.0
IFB 7kg - Gold (512GB),34845,Washing Machine,Flipkart,ifb kg gold gb,34845.0
Haier 6kg (S),19193,Washing Machine,Amazon,haier kg s,19193.0
Haier 6kg (S),20951,Washing Machine,Flipkart,haier kg s,20951.0
Haier 6kg (S),18915,Washing Machine,Amazon,haier kg s,18915.0
Haier 6kg (S),21659,Washing Machine,Flipkart,haier kg s,21659.0
Haier 6kg - Blue (256GB),17672,Washing Machine,Amazon,haier kg blue gb,17672.0
Haier 6kg - Blue (256GB),22130,Washing Machine,Flipkart,haier kg blue gb,22130.0
Haier 6kg - Purple (S),19796,Washing Machine,Amazon,haier kg purple s,19796.0
Haier 6kg - Purple (S),22909,Washing Machine,Flipkart,haier kg purple s,22909.0
Haier 6kg (L),19634,Washing Machine,Amazon,haier kg l,19634.0
Haier 6kg (L),20009,Washing Machine,Flipkart,haier kg l,20009.0
Electrolux 8kg - Green (L),34375,Washing Machine,Amazon,electrolux kg green l,34375.0
Electrolux 8kg - Green (L),36557,Washing Machine,Flipkart,electrolux kg green l,36557.0
Electrolux 8kg - Black (256GB),32848,Washing Machine,Amazon,electrolux kg black gb,32848.0
Electrolux 8kg - Black (256GB),36870,Washing Machine,Flipkart,electrolux kg black gb,36870.0
Electrolux 8kg (M),33123,Washing Machine,Amazon,electrolux kg m,33123.0
Electrolux 8kg (M),37202,Washing Machine,Flipkart,electrolux kg m,37202.0
Electrolux 8kg - Black (128GB),32729,Washing Machine,Amazon,electrolux kg black gb,32729.0
Electrolux 8kg - Black (128GB),36204,Washing Machine,Flipkart,electrolux kg black gb,36204.0
Electrolux 8kg - White (64GB),32897,Washing Machine,Amazon,electrolux kg white gb,32897.0
Electrolux 8kg - White (64GB),38398,Washing Machine,Flipkart,electrolux kg white gb,38398.0
Midea 7kg - Silver (64GB),20832,Washing Machine,Amazon,midea kg silver gb,20832.0
Midea 7kg - Silver (64GB),23655,Washing Machine,Flipkart,midea kg silver gb,23655.0
Midea 7kg (128GB),20700,Washing Machine,Amazon,midea kg gb,20700.0
Midea 7kg (128GB),24532,Washing Machine,Flipkart,midea kg gb,24532.0
Midea 7kg - Blue (64GB),20989,Washing Machine,Amazon,midea kg blue gb,20989.0
Midea 7kg - Blue (64GB),24147,Washing Machine,Flipkart,midea kg blue gb,24147.0
Midea 7kg - Black (512GB),21679,Washing Machine,Amazon,midea kg black gb,21679.0
Midea 7kg - Black (512GB),21537,Washing Machine,Flipkart,midea kg black gb,21537.0
Onida 6kg (512GB),17461,Washing Machine,Amazon,onida kg gb,17461.0
Onida 6kg (512GB),20457,Washing Machine,Flipkart,onida kg gb,20457.0
Philips 6.2L (128GB),2858,Air Fryer,Amazon,philips l gb,2858.0
Philips 6.2L (128GB),3699,Air Fryer,Flipkart,philips l gb,3699.0
Philips 6.2L - Silver (L),5251,Air Fryer,Amazon,philips l silver l,5251.0
Philips 6.2L - Silver (L),4663,Air Fryer,Flipkart,philips l silver l,4663.0
Philips 6.2L (1TB),3974,Air Fryer,Amazon,philips l tb,3974.0
Philips 6.2L (1TB),7314,Air Fryer,Flipkart,philips l tb,7314.0
Wonderchef 5.5L (256GB),1983,Air Fryer,Amazon,wonderchef l gb,1983.0
Wonderchef 5.5L (256GB),2097,Air Fryer,Flipkart,wonderchef l gb,2097.0
Wonderchef 5.5L (512GB),2323,Air Fryer,Amazon,wonderchef l gb,2323.0
Wonderchef 5.5L (512GB),4825,Air Fryer,Flipkart,wonderchef l gb,4825.0
Wonderchef 5.5L - Purple (XL),2883,Air Fryer,Amazon,wonderchef l purple xl,2883.0
Wonderchef 5.5L - Purple (XL),5776,Air Fryer,Flipkart,wonderchef l purple xl,5776.0
Cosori 4L - Black (512GB),7333,Air Fryer,Amazon,cosori l black gb,7333.0
Cosori 4L - Black (512GB),6694,Air Fryer,Flipkart,cosori l black gb,6694.0
Cosori 4L - Red (XL),4610,Air Fryer,Amazon,cosori l red xl,4610.0
Cosori 4L - Red (XL),6147,Air Fryer,Flipkart,cosori l red xl,6147.0
Cosori 4L (128GB),6187,Air Fryer,Amazon,cosori l gb,6187.0
Cosori 4L (128GB),8449,Air Fryer,Flipkart,cosori l gb,8449.0
Instant Pot 6L - Blue (1TB),3977,Air Fryer,Amazon,instant pot l blue tb,3977.0
Instant Pot 6L - Blue (1TB),7840,Air Fryer,Flipkart,instant pot l blue tb,7840.0
Instant Pot 6L (512GB),7091,Air Fryer,Amazon,instant pot l gb,7091.0
Instant Pot 6L (512GB),5272,Air Fryer,Flipkart,instant pot l gb,5272.0
Instant Pot 6L - Blue (128GB),4278,Air Fryer,Amazon,instant pot l blue gb,4278.0
Instant Pot 6L - Blue (128GB),5692,Air Fryer,Flipkart,instant pot l blue gb,5692.0
Instant Pot 6L (M),6650,Air Fryer,Amazon,instant pot l m,6650.0
Instant Pot 6L (M),7869,Air Fryer,Flipkart,instant pot l m,7869.0
KENT 5L (512GB),4941,Air Fryer,Amazon,kent l gb,4941.0
KENT 5L (512GB),1987,Air Fryer,Flipkart,kent l gb,1987.0
KENT 5L (M),2419,Air Fryer,Amazon,kent l m,2419.0
KENT 5L (M),2267,Air Fryer,Flipkart,kent l m,2267.0
Havells 3.2L (64GB),1231,Air Fryer,Amazon,havells l gb,1231.0
Havells 3.2L (64GB),1217,Air Fryer,Flipkart,havells l gb,1217.0
Havells 3.2L - Purple (512GB),3585,Air Fryer,Amazon,havells l purple gb,3585.0
Havells 3.2L - Purple (512GB),3540,Air Fryer,Flipkart,havells l purple gb,3540.0
Havells 3.2L (M),2060,Air Fryer,Amazon,havells l m,2060.0
Havells 3.2L (M),4447,Air Fryer,Flipkart,havells l m,4447.0
Havells 3.2L (512GB),4579,Air Fryer,Amazon,havells l gb,4579.0
Havells 3.2L (512GB),2015,Air Fryer,Flipkart,havells l gb,2015.0
Pigeon 3L - Red (1TB),1604,Air Fryer,Amazon,pigeon l red tb,1604.0
Pigeon 3L - Red (1TB),1150,Air Fryer,Flipkart,pigeon l red tb,1150.0
Pigeon 3L - Silver (XS),1692,Air Fryer,Amazon,pigeon l silver xs,1692.0
Pigeon 3L - Silver (XS),1376,Air Fryer,Flipkart,pigeon l silver xs,1376.0
Instant Pot 7-in-1 - Green (XS),5394,Pressure Cooker,Amazon,instant pot in green xs,5394.0
Instant Pot 7-in-1 - Green (XS),5851,Pressure Cooker,Flipkart,instant pot in green xs,5851.0
Instant Pot 7-in-1 (128GB),6322,Pressure Cooker,Amazon,instant pot in gb,6322.0
Instant Pot 7-in-1 (128GB),8223,Pressure Cooker,Flipkart,instant pot in gb,8223.0
Instant Pot 7-in-1 (L),6713,Pressure Cooker,Amazon,instant pot in l,6713.0
Instant Pot 7-in-1 (L),7741,Pressure Cooker,Flipkart,instant pot in l,7741.0
Prestige Induction - Black (XL),1568,Pressure Cooker,Amazon,prestige induction black xl,1568.0
Prestige Induction - Black (XL),5133,Pressure Cooker,Flipkart,prestige induction black xl,5133.0
Prestige Induction - Green (S),1610,Pressure Cooker,Amazon,prestige induction green s,1610.0
Prestige Induction - Green (S),3354,Pressure Cooker,Flipkart,prestige induction green s,3354.0
Prestige Induction - Green (1TB),4252,Pressure Cooker,Amazon,prestige induction green tb,4252.0
Prestige Induction - Green (1TB),5239,Pressure Cooker,Flipkart,prestige induction green tb,5239.0
Hawkins 3L - Green (512GB),2385,Pressure Cooker,Amazon,hawkins l green gb,2385.0
Hawkins 3L - Green (512GB),332,Pressure Cooker,Flipkart,hawkins l green gb,332.0
Hawkins 3L - White (32GB),2292,Pressure Cooker,Amazon,hawkins l white gb,2292.0
Hawkins 3L - White (32GB),3660,Pressure Cooker,Flipkart,hawkins l white gb,3660.0
Hawkins 3L - Green (XS),962,Pressure Cooker,Amazon,hawkins l green xs,962.0
Hawkins 3L - Green (XS),2067,Pressure Cooker,Flipkart,hawkins l green xs,2067.0
Pigeon 3L (XL),2154,Pressure Cooker,Amazon,pigeon l xl,2154.0
Pigeon 3L - Green (S),2800,Pressure Cooker,Amazon,pigeon l green s,2800.0
Pigeon 3L - Green (S),1502,Pressure Cooker,Flipkart,pigeon l green s,1502.0
Wonderchef 5L - Purple (256GB),1260,Pressure Cooker,Amazon,wonderchef l purple gb,1260.0
Wonderchef 5L - Purple (256GB),2638,Pressure Cooker,Flipkart,wonderchef l purple gb,2638.0
Wonderchef 5L (L),3415,Pressure Cooker,Amazon,wonderchef l l,3415.0
Wonderchef 5L (L),2954,Pressure Cooker,Flipkart,wonderchef l l,2954.0
Wonderchef 5L - Purple (64GB),2002,Pressure Cooker,Amazon,wonderchef l purple gb,2002.0
Wonderchef 5L - Purple (64GB),1036,Pressure Cooker,Flipkart,wonderchef l purple gb,1036.0
Wonderchef 5L - White (M),3082,Pressure Cooker,Amazon,wonderchef l white m,3082.0
Wonderchef 5L - White (M),3936,Pressure Cooker,Flipkart,wonderchef l white m,3936.0
Fissler 6L - Blue (L),9845,Pressure Cooker,Amazon,fissler l blue l,9845.0
Fissler 6L - Blue (L),11779,Pressure Cooker,Flipkart,fissler l blue l,11779.0
Lagostina 6L - Black (L),7149,Pressure Cooker,Amazon,lagostina l black l,7149.0
Lagostina 6L - Black (L),8126,Pressure Cooker,Flipkart,lagostina l black l,8126.0
Lagostina 6L - Silver (1TB),6714,Pressure Cooker,Amazon,lagostina l silver tb,6714.0
Lagostina 6L - Silver (1TB),10726,Pressure Cooker,Flipkart,lagostina l silver tb,10726.0
Lagostina 6L (S),9307,Pressure Cooker,Amazon,lagostina l s,9307.0
Lagostina 6L (S),7717,Pressure Cooker,Flipkart,lagostina l s,7717.0
Lagostina 6L (128GB),6344,Pressure Cooker,Amazon,lagostina l gb,6344.0
Lagostina 6L (128GB),10961,Pressure Cooker,Flipkart,lagostina l gb,10961.0
Lagostina 6L - Green (256GB),9429,Pressure Cooker,Amazon,lagostina l green gb,9429.0
Lagostina 6L - Green (256GB),9030,Pressure Cooker,Flipkart,lagostina l green gb,9030.0
Lagostina 6L (64GB),9006,Pressure Cooker,Amazon,lagostina l gb,9006.0
Lagostina 6L (64GB),10447,Pressure Cooker,Flipkart,lagostina l gb,10447.0
Dyson V15 (S),66563,Vacuum Cleaner,Amazon,dyson v s,66563.0
Dyson V15 (S),69779,Vacuum Cleaner,Flipkart,dyson v s,69779.0
Dyson V15 (XS),64092,Vacuum Cleaner,Amazon,dyson v xs,64092.0
Dyson V15 (XS),71285,Vacuum Cleaner,Flipkart,dyson v xs,71285.0
Dyson V15 - Gold (L),64887,Vacuum Cleaner,Amazon,dyson v gold l,64887.0
Dyson V15 - Gold (L),71165,Vacuum Cleaner,Flipkart,dyson v gold l,71165.0
Black+Decker (128GB),13899,Vacuum Cleaner,Amazon,blackdecker gb,13899.0
Black+Decker (128GB),16922,Vacuum Cleaner,Flipkart,blackdecker gb,16922.0
Black+Decker - Silver (128GB),12538,Vacuum Cleaner,Amazon,blackdecker silver gb,12538.0
Black+Decker - Silver (128GB),15687,Vacuum Cleaner,Flipkart,blackdecker silver gb,15687.0
Black+Decker (XL),12036,Vacuum Cleaner,Amazon,blackdecker xl,12036.0
Black+Decker (XL),14205,Vacuum Cleaner,Flipkart,blackdecker xl,14205.0
Black+Decker - Green (XL),12856,Vacuum Cleaner,Amazon,blackdecker green xl,12856.0
Black+Decker - Green (XL),16778,Vacuum Cleaner,Flipkart,blackdecker green xl,16778.0
Bissell - Gold (128GB),13283,Vacuum Cleaner,Amazon,bissell gold gb,13283.0
Bissell - Gold (128GB),17013,Vacuum Cleaner,Flipkart,bissell gold gb,17013.0
Bissell - White (512GB),14765,Vacuum Cleaner,Amazon,bissell white gb,14765.0
Bissell - White (512GB),15893,Vacuum Cleaner,Flipkart,bissell white gb,15893.0
Karcher (S),23141,Vacuum Cleaner,Amazon,karcher s,23141.0
Karcher (S),26297,Vacuum Cleaner,Flipkart,karcher s,26297.0
Karcher (32GB),23075,Vacuum Cleaner,Amazon,karcher gb,23075.0
Karcher (32GB),29671,Vacuum Cleaner,Flipkart,karcher gb,29671.0
KENT - Red (XS),9191,Vacuum Cleaner,Amazon,kent red xs,9191.0
KENT - Red (XS),12828,Vacuum Cleaner,Flipkart,kent red xs,12828.0
KENT (512GB),10494,Vacuum Cleaner,Amazon,kent gb,10494.0
KENT (512GB),12934,Vacuum Cleaner,Flipkart,kent gb,12934.0
KENT (64GB),8572,Vacuum Cleaner,Amazon,kent gb,8572.0
KENT (64GB),11705,Vacuum Cleaner,Flipkart,kent gb,11705.0
Agaro (32GB),7416,Vacuum Cleaner,Amazon,agaro gb,7416.0
Agaro (32GB),8324,Vacuum Cleaner,Flipkart,agaro gb,8324.0
Agaro (XS),5388,Vacuum Cleaner,Amazon,agaro xs,5388.0
Agaro (XS),5228,Vacuum Cleaner,Flipkart,agaro xs,5228.0
Agaro - Purple (M),4483,Vacuum Cleaner,Amazon,agaro purple m,4483.0
Agaro - Purple (M),5866,Vacuum Cleaner,Flipkart,agaro purple m,5866.0
Bosch 12 Place (L),43001,Dishwasher,Amazon,bosch place l,43001.0
Bosch 12 Place (L),48677,Dishwasher,Flipkart,bosch place l,48677.0
Bosch 12 Place - White (XS),43436,Dishwasher,Amazon,bosch place white xs,43436.0
Bosch 12 Place - White (XS),49272,Dishwasher,Flipkart,bosch place white xs,49272.0
LG 13 Place (256GB),40358,Dishwasher,Amazon,lg place gb,40358.0
LG 13 Place (256GB),45234,Dishwasher,Flipkart,lg place gb,45234.0
LG 13 Place - Silver (M),39120,Dishwasher,Amazon,lg place silver m,39120.0
LG 13 Place - Silver (M),43577,Dishwasher,Flipkart,lg place silver m,43577.0
LG 13 Place - Green (32GB),38545,Dishwasher,Amazon,lg place green gb,38545.0
LG 13 Place - Green (32GB),43408,Dishwasher,Flipkart,lg place green gb,43408.0
LG 13 Place - Silver (L),38713,Dishwasher,Amazon,lg place silver l,38713.0
LG 13 Place - Silver (L),45499,Dishwasher,Flipkart,lg place silver l,45499.0
IFB 14 Place (64GB),36283,Dishwasher,Amazon,ifb place gb,36283.0
IFB 14 Place (64GB),38964,Dishwasher,Flipkart,ifb place gb,38964.0
IFB 14 Place (S),34460,Dishwasher,Amazon,ifb place s,34460.0
IFB 14 Place (S),41261,Dishwasher,Flipkart,ifb place s,41261.0
Electrolux 13 Place - White (S),35118,Dishwasher,Amazon,electrolux place white s,35118.0
Electrolux 13 Place - White (S),40985,Dishwasher,Flipkart,electrolux place white s,40985.0
Electrolux 13 Place (1TB),37771,Dishwasher,Amazon,electrolux place tb,37771.0
Electrolux 13 Place (1TB),42678,Dishwasher,Flipkart,electrolux place tb,42678.0
Samsung 20L (256GB),9427,Microwave,Amazon,samsung l gb,9427.0
Samsung 20L (256GB),8894,Microwave,Flipkart,samsung l gb,8894.0
LG 23L - Black (XS),8984,Microwave,Amazon,lg l black xs,8984.0
LG 23L - Black (XS),10339,Microwave,Flipkart,lg l black xs,10339.0
LG 23L (128GB),10651,Microwave,Amazon,lg l gb,10651.0
LG 23L (128GB),10370,Microwave,Flipkart,lg l gb,10370.0
LG 23L - Black (S),10879,Microwave,Amazon,lg l black s,10879.0
LG 23L - Black (S),11880,Microwave,Flipkart,lg l black s,11880.0
LG 23L - Black (64GB),11568,Microwave,Amazon,lg l black gb,11568.0
LG 23L - Black (64GB),11516,Microwave,Flipkart,lg l black gb,11516.0
Godrej 17L - Gold (64GB),6858,Microwave,Amazon,godrej l gold gb,6858.0
Godrej 17L - Gold (64GB),8874,Microwave,Flipkart,godrej l gold gb,8874.0
Godrej 17L (M),6540,Microwave,Amazon,godrej l m,6540.0
Godrej 17L (M),8606,Microwave,Flipkart,godrej l m,8606.0
Godrej 17L - Purple (L),5370,Microwave,Amazon,godrej l purple l,5370.0
Godrej 17L - Purple (L),5976,Microwave,Flipkart,godrej l purple l,5976.0
Bajaj 20L - Purple (XL),8379,Microwave,Amazon,bajaj l purple xl,8379.0
Bajaj 20L - Purple (XL),8181,Microwave,Flipkart,bajaj l purple xl,8181.0
IFB 17L - Gold (M),6756,Microwave,Amazon,ifb l gold m,6756.0
IFB 17L - Gold (M),7589,Microwave,Flipkart,ifb l gold m,7589.0
Midea 20L - Silver (256GB),4539,Microwave,Amazon,midea l silver gb,4539.0
Midea 20L - Silver (256GB),8678,Microwave,Flipkart,midea l silver gb,8678.0
Midea 20L - Silver (512GB),5163,Microwave,Amazon,midea l silver gb,5163.0
Midea 20L - Silver (512GB),6866,Microwave,Flipkart,midea l silver gb,6866.0
Midea 20L (XL),4745,Microwave,Amazon,midea l xl,4745.0
Midea 20L (XL),8985,Microwave,Flipkart,midea l xl,8985.0
Midea 20L - Black (1TB),4754,Microwave,Amazon,midea l black tb,4754.0
Midea 20L - Black (1TB),5839,Microwave,Flipkart,midea l black tb,5839.0
Midea 20L (M),4604,Microwave,Amazon,midea l m,4604.0
Midea 20L (M),6526,Microwave,Flipkart,midea l m,6526.0
Midea 20L - Green (128GB),5234,Microwave,Amazon,midea l green gb,5234.0
Midea 20L - Green (128GB),5496,Microwave,Flipkart,midea l green gb,5496.0
Eureka Forbes 8L (M),12799,Water Purifier,Amazon,eureka forbes l m,12799.0
Eureka Forbes 8L (M),11810,Water Purifier,Flipkart,eureka forbes l m,11810.0
Eureka Forbes 8L (S),12995,Water Purifier,Amazon,eureka forbes l s,12995.0
Eureka Forbes 8L (S),12577,Water Purifier,Flipkart,eureka forbes l s,12577.0
Eureka Forbes 8L - Silver (S),12668,Water Purifier,Amazon,eureka forbes l silver s,12668.0
Eureka Forbes 8L - Silver (S),11686,Water Purifier,Flipkart,eureka forbes l silver s,11686.0
Aquaguard 6L (64GB),12204,Water Purifier,Amazon,aquaguard l gb,12204.0
Aquaguard 6L (64GB),15478,Water Purifier,Flipkart,aquaguard l gb,15478.0
Aquaguard 6L - Black (1TB),12469,Water Purifier,Amazon,aquaguard l black tb,12469.0
Aquaguard 6L - Black (1TB),14477,Water Purifier,Flipkart,aquaguard l black tb,14477.0
Kent 7L (S),10580,Water Purifier,Amazon,kent l s,10580.0
Kent 7L (S),10796,Water Purifier,Flipkart,kent l s,10796.0
Livpure 7L (512GB),7184,Water Purifier,Amazon,livpure l gb,7184.0
Livpure 7L (512GB),9767,Water Purifier,Flipkart,livpure l gb,9767.0
AO Smith 6L (64GB),14571,Water Purifier,Amazon,ao smith l gb,14571.0
AO Smith 6L (64GB),16808,Water Purifier,Flipkart,ao smith l gb,16808.0
AO Smith 6L - Black (128GB),13527,Water Purifier,Amazon,ao smith l black gb,13527.0
AO Smith 6L - Black (128GB),16098,Water Purifier,Flipkart,ao smith l black gb,16098.0
Havells 7L (L),5904,Water Purifier,Amazon,havells l l,5904.0
Havells 7L (L),9905,Water Purifier,Flipkart,havells l l,9905.0
Atomic Habits - James Clear (128GB),363,Book,Flipkart,atomic habits james clear gb,363.0
The Midnight Library - Matt Haig (L),1653,Book,Flipkart,the midnight library matt haig l,1653.0
The Midnight Library - Matt Haig - Silver (M),1311,Book,Amazon,the midnight library matt haig silver m,1311.0
Educated - Tara Westover - Red (128GB),564,Book,Amazon,educated tara westover red gb,564.0
Educated - Tara Westover - Red (128GB),2085,Book,Flipkart,educated tara westover red gb,2085.0
Educated - Tara Westover - Silver (XS),299,Book,Amazon,educated tara westover silver xs,299.0
Educated - Tara Westover - Silver (XS),1357,Book,Flipkart,educated tara westover silver xs,1357.0
Dune - Frank Herbert - Purple (1TB),2163,Book,Flipkart,dune frank herbert purple tb,2163.0
Dune - Frank Herbert - White (128GB),67,Book,Amazon,dune frank herbert white gb,67.0
Dune - Frank Herbert - White (128GB),139,Book,Flipkart,dune frank herbert white gb,139.0
The Fault in Our Stars (S),1756,Book,Amazon,the fault in our stars s,1756.0
The Fault in Our Stars (S),4,Book,Flipkart,the fault in our stars s,4.0
The Fault in Our Stars - Blue (XL),1481,Book,Flipkart,the fault in our stars blue xl,1481.0
The Fault in Our Stars (XS),2162,Book,Amazon,the fault in our stars xs,2162.0
The Fault in Our Stars (64GB),283,Book,Amazon,the fault in our stars gb,283.0
The Fault in Our Stars (64GB),443,Book,Flipkart,the fault in our stars gb,443.0
Sapiens - Yuval Harari (128GB),703,Book,Flipkart,sapiens yuval harari gb,703.0
Sapiens - Yuval Harari (1TB),2680,Book,Flipkart,sapiens yuval harari tb,2680.0
Wings of Fire Series - Red (M),224,Book,Amazon,wings of fire series red m,224.0
Wings of Fire Series - Red (M),257,Book,Flipkart,wings of fire series red m,257.0
Wings of Fire Series - Black (64GB),423,Book,Amazon,wings of fire series black gb,423.0
Wings of Fire Series (S),1709,Book,Amazon,wings of fire series s,1709.0
Wings of Fire Series (S),1441,Book,Flipkart,wings of fire series s,1441.0
Wings of Fire Series - Purple (XL),1314,Book,Amazon,wings of fire series purple xl,1314.0
Wings of Fire Series (512GB),605,Book,Amazon,wings of fire series gb,605.0
Wings of Fire Series (512GB),2225,Book,Flipkart,wings of fire series gb,2225.0
Harry Potter Hardcover (L),1207,Book,Amazon,harry potter hardcover l,1207.0
The Alchemist - Paulo Coelho (64GB),1291,Book,Amazon,the alchemist paulo coelho gb,1291.0
The Alchemist - Paulo Coelho (64GB),2222,Book,Flipkart,the alchemist paulo coelho gb,2222.0
Sherlock Holmes Complete (XS),1117,Book,Amazon,sherlock holmes complete xs,1117.0
Sherlock Holmes Complete (XS),1923,Book,Flipkart,sherlock holmes complete xs,1923.0
Sherlock Holmes Complete - Silver (XL),1108,Book,Flipkart,sherlock holmes complete silver xl,1108.0
1984 - George Orwell - Green (XL),481,Book,Amazon,george orwell green xl,481.0
1984 - George Orwell - Green (XL),1662,Book,Flipkart,george orwell green xl,1662.0
1984 - George Orwell - White (XS),1872,Book,Flipkart,george orwell white xs,1872.0
Pride and Prejudice - Purple (32GB),1690,Book,Amazon,pride and prejudice purple gb,1690.0
Pride and Prejudice (64GB),1719,Book,Amazon,pride and prejudice gb,1719.0
Pride and Prejudice (64GB),1921,Book,Flipkart,pride and prejudice gb,1921.0
Pride and Prejudice (128GB),891,Book,Amazon,pride and prejudice gb,891.0
Pride and Prejudice (128GB),1876,Book,Flipkart,pride and prejudice gb,1876.0
Pride and Prejudice (256GB),592,Book,Amazon,pride and prejudice gb,592.0
Pride and Prejudice (256GB),1268,Book,Flipkart,pride and prejudice gb,1268.0
The Great Gatsby - Blue (128GB),244,Book,Flipkart,the great gatsby blue gb,244.0
The Great Gatsby - Black (XL),2209,Book,Amazon,the great gatsby black xl,2209.0
The Great Gatsby - Black (XL),2006,Book,Flipkart,the great gatsby black xl,2006.0
The Great Gatsby - Gold (XS),1948,Book,Amazon,the great gatsby gold xs,1948.0
The Great Gatsby - Gold (XS),1625,Book,Flipkart,the great gatsby gold xs,1625.0
The Great Gatsby - Red (XL),1895,Book,Amazon,the great gatsby red xl,1895.0
To Kill a Mockingbird (1TB),1591,Book,Amazon,to kill a mockingbird tb,1591.0
To Kill a Mockingbird (1TB),2301,Book,Flipkart,to kill a mockingbird tb,2301.0
To Kill a Mockingbird - White (512GB),1337,Book,Amazon,to kill a mockingbird white gb,1337.0
To Kill a Mockingbird - White (512GB),179,Book,Flipkart,to kill a mockingbird white gb,179.0
To Kill a Mockingbird (M),472,Book,Amazon,to kill a mockingbird m,472.0
To Kill a Mockingbird - Purple (128GB),1076,Book,Flipkart,to kill a mockingbird purple gb,1076.0
The Hobbit - Silver (XL),2320,Book,Amazon,the hobbit silver xl,2320.0
The Hobbit - Silver (XL),1543,Book,Flipkart,the hobbit silver xl,1543.0
The Hobbit (1TB),1360,Book,Amazon,the hobbit tb,1360.0
The Hobbit - Gold (S),2180,Book,Flipkart,the hobbit gold s,2180.0
The Hobbit - Purple (S),502,Book,Amazon,the hobbit purple s,502.0
The Hobbit - Purple (S),181,Book,Flipkart,the hobbit purple s,181.0
Ikigai (512GB),1321,Book,Flipkart,ikigai gb,1321.0
Ikigai - Blue (256GB),1856,Book,Amazon,ikigai blue gb,1856.0
Ikigai (256GB),2397,Book,Flipkart,ikigai gb,2397.0
Rich Dad Poor Dad (XL),2018,Book,Flipkart,rich dad poor dad xl,2018.0
Rich Dad Poor Dad (XL),465,Book,Amazon,rich dad poor dad xl,465.0
Rich Dad Poor Dad (XL),987,Book,Flipkart,rich dad poor dad xl,987.0
The 7 Habits - Red (512GB),2069,Book,Amazon,the habits red gb,2069.0
The 7 Habits - Red (512GB),2535,Book,Flipkart,the habits red gb,2535.0
The 7 Habits (512GB),2196,Book,Amazon,the habits gb,2196.0
The 7 Habits (512GB),2140,Book,Flipkart,the habits gb,2140.0
Harry Potter Box Set 7 books (M),833,Book Set,Amazon,harry potter box set books m,833.0
Harry Potter Box Set 7 books (M),4055,Book Set,Flipkart,harry potter box set books m,4055.0
Harry Potter Box Set 7 books - White (32GB),313,Book Set,Amazon,harry potter box set books white gb,313.0
Harry Potter Box Set 7 books - White (32GB),1507,Book Set,Flipkart,harry potter box set books white gb,1507.0
Twilight Series Set (S),131,Book Set,Flipkart,twilight series set s,131.0
Twilight Series Set - Red (64GB),3082,Book Set,Flipkart,twilight series set red gb,3082.0
Percy Jackson 5 Book Set (512GB),2490,Book Set,Amazon,percy jackson book set gb,2490.0
Percy Jackson 5 Book Set (512GB),151,Book Set,Flipkart,percy jackson book set gb,151.0
Percy Jackson 5 Book Set (512GB),1009,Book Set,Amazon,percy jackson book set gb,1009.0
Percy Jackson 5 Book Set (512GB),2580,Book Set,Flipkart,percy jackson book set gb,2580.0
Percy Jackson 5 Book Set - Red (1TB),2700,Book Set,Amazon,percy jackson book set red tb,2700.0
Percy Jackson 5 Book Set - Red (1TB),2104,Book Set,Flipkart,percy jackson book set red tb,2104.0
Percy Jackson 5 Book Set (S),1098,Book Set,Amazon,percy jackson book set s,1098.0
Percy Jackson 5 Book Set (S),117,Book Set,Flipkart,percy jackson book set s,117.0
Percy Jackson 5 Book Set - White (1TB),98,Book Set,Amazon,percy jackson book set white tb,98.0
Percy Jackson 5 Book Set - White (1TB),1605,Book Set,Flipkart,percy jackson book set white tb,1605.0
Lord of the Rings Trilogy - Gold (128GB),1801,Book Set,Amazon,lord of the rings trilogy gold gb,1801.0
Lord of the Rings Trilogy - Gold (128GB),1398,Book Set,Flipkart,lord of the rings trilogy gold gb,1398.0
Loreal Revitalift 50ml (512GB),408,Skincare,Amazon,loreal revitalift ml gb,408.0
Neutrogena Hydro Boost (L),754,Skincare,Amazon,neutrogena hydro boost l,754.0
Neutrogena Hydro Boost (L),1414,Skincare,Flipkart,neutrogena hydro boost l,1414.0
Neutrogena Hydro Boost (128GB),1657,Skincare,Amazon,neutrogena hydro boost gb,1657.0
Neutrogena Hydro Boost - Green (64GB),1679,Skincare,Amazon,neutrogena hydro boost green gb,1679.0
Neutrogena Hydro Boost - Green (64GB),2438,Skincare,Flipkart,neutrogena hydro boost green gb,2438.0
Olay Regenerist (XL),2117,Skincare,Amazon,olay regenerist xl,2117.0
Dove Day Cream - Green (S),931,Skincare,Flipkart,dove day cream green s,931.0
Dove Day Cream (S),565,Skincare,Amazon,dove day cream s,565.0
Pond's Cold Cream (XL),1922,Skincare,Amazon,ponds cold cream xl,1922.0
Pond's Cold Cream (XL),1054,Skincare,Flipkart,ponds cold cream xl,1054.0
Pond's Cold Cream - Green (XL),117,Skincare,Amazon,ponds cold cream green xl,117.0
Fair & Lovely Fairness Cream (M),1021,Skincare,Amazon,fair lovely fairness cream m,1021.0
Fair & Lovely Fairness Cream (M),1970,Skincare,Flipkart,fair lovely fairness cream m,1970.0
Cetaphil Moisturizer - White (L),2171,Skincare,Amazon,cetaphil moisturizer white l,2171.0
Cetaphil Moisturizer - White (L),871,Skincare,Flipkart,cetaphil moisturizer white l,871.0
Cetaphil Moisturizer - White (32GB),1396,Skincare,Amazon,cetaphil moisturizer white gb,1396.0
Cetaphil Moisturizer - White (32GB),2202,Skincare,Flipkart,cetaphil moisturizer white gb,2202.0
Cetaphil Moisturizer (S),2730,Skincare,Flipkart,cetaphil moisturizer s,2730.0
Cetaphil Moisturizer (128GB),2020,Skincare,Amazon,cetaphil moisturizer gb,2020.0
Cetaphil Moisturizer (128GB),1071,Skincare,Flipkart,cetaphil moisturizer gb,1071.0
Cetaphil Moisturizer (1TB),2048,Skincare,Amazon,cetaphil moisturizer tb,2048.0
Clinique Moisture Surge (128GB),3090,Skincare,Amazon,clinique moisture surge gb,3090.0
Clinique Moisture Surge (128GB),1898,Skincare,Flipkart,clinique moisture surge gb,1898.0
Clinique Moisture Surge - Purple (M),1755,Skincare,Amazon,clinique moisture surge purple m,1755.0
Clinique Moisture Surge - Purple (M),1892,Skincare,Flipkart,clinique moisture surge purple m,1892.0
Clinique Moisture Surge (64GB),595,Skincare,Amazon,clinique moisture surge gb,595.0
Clinique Moisture Surge (64GB),3353,Skincare,Flipkart,clinique moisture surge gb,3353.0
Clinique Moisture Surge (128GB),346,Skincare,Amazon,clinique moisture surge gb,346.0
Clinique Moisture Surge (128GB),1584,Skincare,Flipkart,clinique moisture surge gb,1584.0
Shiseido Benefiance - Silver (32GB),3250,Skincare,Amazon,shiseido benefiance silver gb,3250.0
Shiseido Benefiance - Silver (32GB),5109,Skincare,Flipkart,shiseido benefiance silver gb,5109.0
Shiseido Benefiance - Blue (1TB),6627,Skincare,Amazon,shiseido benefiance blue tb,6627.0
Shiseido Benefiance - Blue (1TB),6287,Skincare,Flipkart,shiseido benefiance blue tb,6287.0
Shiseido Benefiance - Purple (XL),3839,Skincare,Amazon,shiseido benefiance purple xl,3839.0
Shiseido Benefiance - Purple (XL),7134,Skincare,Flipkart,shiseido benefiance purple xl,7134.0
Shiseido Benefiance (128GB),3150,Skincare,Amazon,shiseido benefiance gb,3150.0
Shiseido Benefiance (128GB),5700,Skincare,Flipkart,shiseido benefiance gb,5700.0
Estée Lauder Revitalizing (32GB),6277,Skincare,Amazon,este lauder revitalizing gb,6277.0
Estée Lauder Revitalizing (32GB),7634,Skincare,Flipkart,este lauder revitalizing gb,7634.0
Estée Lauder Revitalizing - White (1TB),8169,Skincare,Amazon,este lauder revitalizing white tb,8169.0
Estée Lauder Revitalizing - White (1TB),6743,Skincare,Flipkart,este lauder revitalizing white tb,6743.0
Estée Lauder Revitalizing (L),8017,Skincare,Amazon,este lauder revitalizing l,8017.0
Estée Lauder Revitalizing (L),5520,Skincare,Flipkart,este lauder revitalizing l,5520.0
Estée Lauder Revitalizing - Silver (M),6164,Skincare,Amazon,este lauder revitalizing silver m,6164.0
Estée Lauder Revitalizing - Silver (M),8230,Skincare,Flipkart,este lauder revitalizing silver m,8230.0
Lakme Sunscreen SPF 50 (128GB),2012,Skincare,Amazon,lakme sunscreen spf gb,2012.0
Lakme Sunscreen SPF 50 (128GB),2131,Skincare,Flipkart,lakme sunscreen spf gb,2131.0
Lakme Sunscreen SPF 50 (128GB),320,Skincare,Flipkart,lakme sunscreen spf gb,320.0
Lakme Sunscreen SPF 50 - White (S),2164,Skincare,Amazon,lakme sunscreen spf white s,2164.0
Lakme Sunscreen SPF 50 - White (S),1134,Skincare,Flipkart,lakme sunscreen spf white s,1134.0
Dot & Key Sunscreen (64GB),2124,Skincare,Amazon,dot key sunscreen gb,2124.0
Dot & Key Sunscreen (64GB),2297,Skincare,Flipkart,dot key sunscreen gb,2297.0
Dot & Key Sunscreen (512GB),1559,Skincare,Amazon,dot key sunscreen gb,1559.0
Dot & Key Sunscreen (512GB),814,Skincare,Flipkart,dot key sunscreen gb,814.0
Dot & Key Sunscreen (S),1990,Skincare,Amazon,dot key sunscreen s,1990.0
The Derma Co Vitamin C - Red (S),846,Skincare,Amazon,the derma co vitamin c red s,846.0
The Derma Co Vitamin C - Silver (M),1916,Skincare,Amazon,the derma co vitamin c silver m,1916.0
The Derma Co Vitamin C - Silver (M),1548,Skincare,Flipkart,the derma co vitamin c silver m,1548.0
The Derma Co Vitamin C (L),1480,Skincare,Amazon,the derma co vitamin c l,1480.0
The Derma Co Vitamin C - Purple (XL),714,Skincare,Amazon,the derma co vitamin c purple xl,714.0
Minimalist Retinol (M),986,Skincare,Amazon,minimalist retinol m,986.0
Minimalist Retinol (M),740,Skincare,Flipkart,minimalist retinol m,740.0
Minimalist Retinol (64GB),1523,Skincare,Flipkart,minimalist retinol gb,1523.0
Gillette Fusion ProGlide (1TB),117,Shaving,Amazon,gillette fusion proglide tb,117.0
Gillette Fusion ProGlide (1TB),1328,Shaving,Flipkart,gillette fusion proglide tb,1328.0
Gillette Mach 3 (512GB),68,Shaving,Amazon,gillette mach gb,68.0
Gillette Mach 3 (512GB),1093,Shaving,Flipkart,gillette mach gb,1093.0
Wilkinson Sword - Gold (128GB),1915,Shaving,Flipkart,wilkinson sword gold gb,1915.0
Wilkinson Sword - Blue (128GB),1677,Shaving,Amazon,wilkinson sword blue gb,1677.0
Wilkinson Sword - Blue (128GB),352,Shaving,Flipkart,wilkinson sword blue gb,352.0
Wilkinson Sword - Red (256GB),1887,Shaving,Flipkart,wilkinson sword red gb,1887.0
Schick Hydro 5 (1TB),2096,Shaving,Flipkart,schick hydro tb,2096.0
Schick Hydro 5 - Blue (S),2019,Shaving,Amazon,schick hydro blue s,2019.0
Schick Hydro 5 - Blue (S),1292,Shaving,Flipkart,schick hydro blue s,1292.0
Schick Hydro 5 - Black (128GB),282,Shaving,Amazon,schick hydro black gb,282.0
Schick Hydro 5 - Black (128GB),2427,Shaving,Flipkart,schick hydro black gb,2427.0
Schick Hydro 5 - Purple (1TB),2054,Shaving,Amazon,schick hydro purple tb,2054.0
Schick Hydro 5 - Purple (1TB),1907,Shaving,Flipkart,schick hydro purple tb,1907.0
Dorco Pace 6+ (L),1662,Shaving,Amazon,dorco pace l,1662.0
Dorco Pace 6+ (L),964,Shaving,Flipkart,dorco pace l,964.0
Harry's Razor (XL),1903,Shaving,Amazon,harrys razor xl,1903.0
Harry's Razor - Black (1TB),558,Shaving,Amazon,harrys razor black tb,558.0
Neutrogena SPF 50 - Red (256GB),364,Sunscreen,Amazon,neutrogena spf red gb,364.0
Neutrogena SPF 50 - Red (256GB),268,Sunscreen,Flipkart,neutrogena spf red gb,268.0
Neutrogena SPF 50 (64GB),1864,Sunscreen,Flipkart,neutrogena spf gb,1864.0
Neutrogena SPF 50 - White (L),1576,Sunscreen,Amazon,neutrogena spf white l,1576.0
Neutrogena SPF 50 - White (L),956,Sunscreen,Flipkart,neutrogena spf white l,956.0
Lakme SPF 50 - White (32GB),1894,Sunscreen,Flipkart,lakme spf white gb,1894.0
Lakme SPF 50 (M),763,Sunscreen,Amazon,lakme spf m,763.0
Lakme SPF 50 (M),17,Sunscreen,Flipkart,lakme spf m,17.0
Dot & Key Sunscreen (64GB),250,Sunscreen,Amazon,dot key sunscreen gb,250.0
Dot & Key Sunscreen (64GB),1655,Sunscreen,Flipkart,dot key sunscreen gb,1655.0
Dot & Key Sunscreen (256GB),786,Sunscreen,Amazon,dot key sunscreen gb,786.0
Dot & Key Sunscreen (256GB),1320,Sunscreen,Flipkart,dot key sunscreen gb,1320.0
Dot & Key Sunscreen (128GB),123,Sunscreen,Flipkart,dot key sunscreen gb,123.0
Cetaphil SPF 50 (M),1270,Sunscreen,Amazon,cetaphil spf m,1270.0
Cetaphil SPF 50 (M),303,Sunscreen,Flipkart,cetaphil spf m,303.0
Cetaphil SPF 50 (64GB),2898,Sunscreen,Flipkart,cetaphil spf gb,2898.0
Cetaphil SPF 50 - Red (XS),155,Sunscreen,Amazon,cetaphil spf red xs,155.0
Cetaphil SPF 50 - Red (XS),2388,Sunscreen,Flipkart,cetaphil spf red xs,2388.0
Cetaphil SPF 50 (32GB),145,Sunscreen,Amazon,cetaphil spf gb,145.0
The Derma Co SPF 50 - Red (256GB),1975,Sunscreen,Amazon,the derma co spf red gb,1975.0
Minimalist SPF 50 (512GB),1524,Sunscreen,Amazon,minimalist spf gb,1524.0
Minimalist SPF 50 (512GB),1974,Sunscreen,Flipkart,minimalist spf gb,1974.0
Minimalist SPF 50 - Green (64GB),2203,Sunscreen,Flipkart,minimalist spf green gb,2203.0
Dove Body Wash 250ml - Gold (512GB),790,Body Wash,Amazon,dove body wash ml gold gb,790.0
Dove Body Wash 250ml (64GB),1462,Body Wash,Flipkart,dove body wash ml gb,1462.0
Dove Body Wash 250ml (M),332,Body Wash,Flipkart,dove body wash ml m,332.0
Himalaya Herbals (1TB),58,Body Wash,Flipkart,himalaya herbals tb,58.0
Himalaya Herbals (512GB),435,Body Wash,Amazon,himalaya herbals gb,435.0
Cinthol Body Wash (128GB),1252,Body Wash,Amazon,cinthol body wash gb,1252.0
Cinthol Body Wash (128GB),883,Body Wash,Flipkart,cinthol body wash gb,883.0
Cinthol Body Wash (256GB),1693,Body Wash,Amazon,cinthol body wash gb,1693.0
Cinthol Body Wash - Purple (S),92,Body Wash,Amazon,cinthol body wash purple s,92.0
Cinthol Body Wash (XS),1442,Body Wash,Flipkart,cinthol body wash xs,1442.0
Cinthol Body Wash (S),1727,Body Wash,Amazon,cinthol body wash s,1727.0
Ponds Body Wash (M),1007,Body Wash,Amazon,ponds body wash m,1007.0
Ponds Body Wash (M),1331,Body Wash,Flipkart,ponds body wash m,1331.0
Ponds Body Wash - Green (256GB),2101,Body Wash,Amazon,ponds body wash green gb,2101.0
Ponds Body Wash (XL),143,Body Wash,Amazon,ponds body wash xl,143.0
Ponds Body Wash (S),463,Body Wash,Amazon,ponds body wash s,463.0
MAC Lipstick (128GB),4025,Lipstick,Amazon,mac lipstick gb,4025.0
MAC Lipstick (128GB),2181,Lipstick,Flipkart,mac lipstick gb,2181.0
MAC Lipstick - Silver (512GB),4211,Lipstick,Amazon,mac lipstick silver gb,4211.0
MAC Lipstick - Silver (512GB),4200,Lipstick,Flipkart,mac lipstick silver gb,4200.0
Maybelline SuperStay - Blue (S),958,Lipstick,Amazon,maybelline superstay blue s,958.0
Revlon ColorStay - Blue (M),2226,Lipstick,Flipkart,revlon colorstay blue m,2226.0
Revlon ColorStay - Gold (XS),1329,Lipstick,Flipkart,revlon colorstay gold xs,1329.0
NYKAA So Matte (128GB),595,Lipstick,Amazon,nykaa so matte gb,595.0
NYKAA So Matte (128GB),1140,Lipstick,Flipkart,nykaa so matte gb,1140.0
Lakme Absolute - Silver (L),1759,Lipstick,Amazon,lakme absolute silver l,1759.0
Avon True Color - Silver (32GB),1912,Lipstick,Amazon,avon true color silver gb,1912.0
Philips BRE630 (S),5625,Epilator,Amazon,philips bre s,5625.0
Philips BRE630 (S),3394,Epilator,Flipkart,philips bre s,3394.0
Braun SilkEpil 9 - Green (128GB),9456,Epilator,Amazon,braun silkepil green gb,9456.0
Braun SilkEpil 9 - Green (128GB),9327,Epilator,Flipkart,braun silkepil green gb,9327.0
Braun SilkEpil 9 - Red (XL),8359,Epilator,Amazon,braun silkepil red xl,8359.0
Braun SilkEpil 9 - Red (XL),8717,Epilator,Flipkart,braun silkepil red xl,8717.0
Braun SilkEpil 9 (L),8973,Epilator,Amazon,braun silkepil l,8973.0
Braun SilkEpil 9 (L),8275,Epilator,Flipkart,braun silkepil l,8275.0
Braun SilkEpil 9 (64GB),9885,Epilator,Amazon,braun silkepil gb,9885.0
Braun SilkEpil 9 (64GB),8053,Epilator,Flipkart,braun silkepil gb,8053.0
Panasonic ES-ED90 (256GB),11826,Epilator,Amazon,panasonic esed gb,11826.0
Panasonic ES-ED90 (256GB),13120,Epilator,Flipkart,panasonic esed gb,13120.0
Panasonic ES-ED90 - Purple (1TB),14781,Epilator,Amazon,panasonic esed purple tb,14781.0
Panasonic ES-ED90 - Purple (1TB),15469,Epilator,Flipkart,panasonic esed purple tb,15469.0
Panasonic ES-ED90 (32GB),11548,Epilator,Amazon,panasonic esed gb,11548.0
Panasonic ES-ED90 (32GB),13638,Epilator,Flipkart,panasonic esed gb,13638.0
Panasonic ES-ED90 - Blue (256GB),13132,Epilator,Amazon,panasonic esed blue gb,13132.0
Panasonic ES-ED90 - Blue (256GB),15742,Epilator,Flipkart,panasonic esed blue gb,15742.0
Remington EP2 - Gold (256GB),720,Epilator,Amazon,remington ep gold gb,720.0
Remington EP2 - Gold (256GB),4712,Epilator,Flipkart,remington ep gold gb,4712.0
Remington EP2 (64GB),2310,Epilator,Amazon,remington ep gb,2310.0
Remington EP2 (64GB),3578,Epilator,Flipkart,remington ep gb,3578.0
Remington EP2 (256GB),4405,Epilator,Amazon,remington ep gb,4405.0
Remington EP2 (256GB),1787,Epilator,Flipkart,remington ep gb,1787.0
Remington EP2 (512GB),1308,Epilator,Amazon,remington ep gb,1308.0
Remington EP2 (512GB),2002,Epilator,Flipkart,remington ep gb,2002.0
Remington EP2 (512GB),1667,Epilator,Amazon,remington ep gb,1667.0
Remington EP2 (512GB),3360,Epilator,Flipkart,remington ep gb,3360.0
Oral-B Pro 1 (XS),1727,Toothbrush,Amazon,oralb pro xs,1727.0
Oral-B Pro 1 (XS),1806,Toothbrush,Flipkart,oralb pro xs,1806.0
Oral-B Pro 1 (256GB),1768,Toothbrush,Amazon,oralb pro gb,1768.0
Oral-B Pro 1 (256GB),293,Toothbrush,Flipkart,oralb pro gb,293.0
Philips Sonicare (XS),4702,Toothbrush,Amazon,philips sonicare xs,4702.0
Philips Sonicare (XS),7350,Toothbrush,Flipkart,philips sonicare xs,7350.0
Philips Sonicare (128GB),3158,Toothbrush,Amazon,philips sonicare gb,3158.0
Philips Sonicare (128GB),7273,Toothbrush,Flipkart,philips sonicare gb,7273.0
Philips Sonicare - Purple (1TB),6739,Toothbrush,Amazon,philips sonicare purple tb,6739.0
Philips Sonicare - Purple (1TB),6577,Toothbrush,Flipkart,philips sonicare purple tb,6577.0
Philips Sonicare - Green (256GB),5851,Toothbrush,Amazon,philips sonicare green gb,5851.0
Philips Sonicare - Green (256GB),3735,Toothbrush,Flipkart,philips sonicare green gb,3735.0
Philips Sonicare - Red (XL),4955,Toothbrush,Amazon,philips sonicare red xl,4955.0
Philips Sonicare - Red (XL),3640,Toothbrush,Flipkart,philips sonicare red xl,3640.0
Waterpik Water Flosser - Gold (128GB),10399,Toothbrush,Amazon,waterpik water flosser gold gb,10399.0
Waterpik Water Flosser - Gold (128GB),13489,Toothbrush,Flipkart,waterpik water flosser gold gb,13489.0
Realme Toothbrush (XS),2408,Toothbrush,Amazon,realme toothbrush xs,2408.0
Realme Toothbrush (XS),284,Toothbrush,Flipkart,realme toothbrush xs,284.0
Realme Toothbrush - White (128GB),1104,Toothbrush,Amazon,realme toothbrush white gb,1104.0
Realme Toothbrush - White (128GB),2066,Toothbrush,Flipkart,realme toothbrush white gb,2066.0
Patanjali Neem (512GB),174,Soap,Amazon,patanjali neem gb,174.0
Patanjali Neem (512GB),1293,Soap,Flipkart,patanjali neem gb,1293.0
Dettol Anti Bacterial (128GB),1614,Soap,Amazon,dettol anti bacterial gb,1614.0
Dettol Anti Bacterial (128GB),929,Soap,Flipkart,dettol anti bacterial gb,929.0
Lifebuoy Handwash (1TB),1626,Soap,Flipkart,lifebuoy handwash tb,1626.0
Lifebuoy Handwash - White (512GB),1850,Soap,Amazon,lifebuoy handwash white gb,1850.0
Lifebuoy Handwash - White (512GB),1905,Soap,Flipkart,lifebuoy handwash white gb,1905.0
Lifebuoy Handwash (M),1298,Soap,Amazon,lifebuoy handwash m,1298.0
Lux Beauty Soap - White (1TB),228,Soap,Amazon,lux beauty soap white tb,228.0
Lux Beauty Soap - White (1TB),644,Soap,Flipkart,lux beauty soap white tb,644.0
Lux Beauty Soap - White (XS),1610,Soap,Amazon,lux beauty soap white xs,1610.0
Lux Beauty Soap - Green (M),1767,Soap,Amazon,lux beauty soap green m,1767.0
Lux Beauty Soap - Green (M),987,Soap,Flipkart,lux beauty soap green m,987.0
Lux Beauty Soap - Gold (64GB),1082,Soap,Flipkart,lux beauty soap gold gb,1082.0
Dove Moisturizing - Purple (128GB),1911,Soap,Amazon,dove moisturizing purple gb,1911.0
Dove Moisturizing (32GB),512,Soap,Amazon,dove moisturizing gb,512.0
Dove Moisturizing (64GB),502,Soap,Amazon,dove moisturizing gb,502.0
Cinthol Deodorant Soap (1TB),923,Soap,Amazon,cinthol deodorant soap tb,923.0
Cinthol Deodorant Soap (1TB),2007,Soap,Flipkart,cinthol deodorant soap tb,2007.0
Cinthol Deodorant Soap - Gold (32GB),1440,Soap,Flipkart,cinthol deodorant soap gold gb,1440.0
Cinthol Deodorant Soap - Purple (512GB),1820,Soap,Amazon,cinthol deodorant soap purple gb,1820.0
Cinthol Deodorant Soap - Purple (512GB),1593,Soap,Flipkart,cinthol deodorant soap purple gb,1593.0
Cinthol Deodorant Soap - Silver (M),1377,Soap,Amazon,cinthol deodorant soap silver m,1377.0
Cinthol Deodorant Soap - Silver (M),749,Soap,Flipkart,cinthol deodorant soap silver m,749.0
